timestamp,image_path,true_label,rank,pred_label,confidence
2026-06-24T09:56:32.270545,C:\Users\이예은\A-EYE\test_images\train\band\band_01.jpg,band,1,band,0.9051545858383179
2026-06-24T09:56:32.270545,C:\Users\이예은\A-EYE\test_images\train\band\band_01.jpg,band,2,eyedrop-multi,0.7379688620567322
2026-06-24T09:56:32.270545,C:\Users\이예은\A-EYE\test_images\train\band\band_01.jpg,band,3,ezen6,0.6202579140663147
2026-06-24T09:56:32.270545,C:\Users\이예은\A-EYE\test_images\train\band\band_01.jpg,band,4,tylenol,0.6126335263252258
2026-06-24T09:56:34.547158,C:\Users\이예은\A-EYE\test_images\train\band\band_03.jpg,band,1,band,0.9099438786506653
2026-06-24T09:56:34.547158,C:\Users\이예은\A-EYE\test_images\train\band\band_03.jpg,band,2,eyedrop-single,0.8121828436851501
2026-06-24T09:56:34.547158,C:\Users\이예은\A-EYE\test_images\train\band\band_03.jpg,band,3,ezen6,0.8054120540618896
2026-06-24T09:56:34.547158,C:\Users\이예은\A-EYE\test_images\train\band\band_03.jpg,band,4,eyedrop-multi,0.7767083048820496
2026-06-24T09:56:34.547158,C:\Users\이예은\A-EYE\test_images\train\band\band_03.jpg,band,5,panpirin,0.6453863382339478
2026-06-24T09:56:34.547158,C:\Users\이예은\A-EYE\test_images\train\band\band_03.jpg,band,6,tylenol,0.4802853465080261
2026-06-24T09:56:36.811569,C:\Users\이예은\A-EYE\test_images\train\band\band_04.jpg,band,1,band,0.926976203918457
2026-06-24T09:56:36.811569,C:\Users\이예은\A-EYE\test_images\train\band\band_04.jpg,band,2,eyedrop-single,0.7109445333480835
2026-06-24T09:56:36.811569,C:\Users\이예은\A-EYE\test_images\train\band\band_04.jpg,band,3,panpirin,0.6587228178977966
2026-06-24T09:56:36.811569,C:\Users\이예은\A-EYE\test_images\train\band\band_04.jpg,band,4,ezen6,0.6537688970565796
2026-06-24T09:56:36.811569,C:\Users\이예은\A-EYE\test_images\train\band\band_04.jpg,band,5,tylenol,0.6213045716285706
2026-06-24T09:56:36.811569,C:\Users\이예은\A-EYE\test_images\train\band\band_04.jpg,band,6,eyedrop-multi,0.48222535848617554
2026-06-24T09:56:36.811569,C:\Users\이예은\A-EYE\test_images\train\band\band_04.jpg,band,7,pancol,0.3785310387611389
2026-06-24T09:56:39.085268,C:\Users\이예은\A-EYE\test_images\train\band\band_05.jpg,band,1,band,0.9200965166091919
2026-06-24T09:56:39.085268,C:\Users\이예은\A-EYE\test_images\train\band\band_05.jpg,band,2,eyedrop-single,0.7608538866043091
2026-06-24T09:56:39.085268,C:\Users\이예은\A-EYE\test_images\train\band\band_05.jpg,band,3,panpirin,0.4621598422527313
2026-06-24T09:56:39.085268,C:\Users\이예은\A-EYE\test_images\train\band\band_05.jpg,band,4,eyedrop-multi,0.37068161368370056
2026-06-24T09:56:39.085268,C:\Users\이예은\A-EYE\test_images\train\band\band_05.jpg,band,5,tylenol,0.3278730809688568
2026-06-24T09:56:41.601797,C:\Users\이예은\A-EYE\test_images\train\band\band_06.jpg,band,1,band,0.9276522397994995
2026-06-24T09:56:41.601797,C:\Users\이예은\A-EYE\test_images\train\band\band_06.jpg,band,2,ezen6,0.809101939201355
2026-06-24T09:56:41.601797,C:\Users\이예은\A-EYE\test_images\train\band\band_06.jpg,band,3,eyedrop-multi,0.7534345984458923
2026-06-24T09:56:41.601797,C:\Users\이예은\A-EYE\test_images\train\band\band_06.jpg,band,4,tylenol,0.6342114210128784
2026-06-24T09:56:41.601797,C:\Users\이예은\A-EYE\test_images\train\band\band_06.jpg,band,5,pancol,0.5539000034332275
2026-06-24T09:56:41.601797,C:\Users\이예은\A-EYE\test_images\train\band\band_06.jpg,band,6,eyedrop-single,0.25165873765945435
2026-06-24T09:56:44.061172,C:\Users\이예은\A-EYE\test_images\train\band\band_10.jpg,band,1,band,0.9030854105949402
2026-06-24T09:56:44.061172,C:\Users\이예은\A-EYE\test_images\train\band\band_10.jpg,band,2,eyedrop-multi,0.8096309304237366
2026-06-24T09:56:44.061172,C:\Users\이예은\A-EYE\test_images\train\band\band_10.jpg,band,3,ezen6,0.8042600750923157
2026-06-24T09:56:44.061172,C:\Users\이예은\A-EYE\test_images\train\band\band_10.jpg,band,4,eyedrop-single,0.39707425236701965
2026-06-24T09:56:46.541651,C:\Users\이예은\A-EYE\test_images\train\band\band_11.jpg,band,1,band,0.8958633542060852
2026-06-24T09:56:46.541651,C:\Users\이예은\A-EYE\test_images\train\band\band_11.jpg,band,2,ezen6,0.7063034772872925
2026-06-24T09:56:46.541651,C:\Users\이예은\A-EYE\test_images\train\band\band_11.jpg,band,3,eyedrop-multi,0.44751042127609253
2026-06-24T09:56:46.541651,C:\Users\이예은\A-EYE\test_images\train\band\band_11.jpg,band,4,tylenol,0.3479733169078827
2026-06-24T09:56:48.794888,C:\Users\이예은\A-EYE\test_images\train\band\band_12.jpg,band,1,band,0.8984760046005249
2026-06-24T09:56:48.794888,C:\Users\이예은\A-EYE\test_images\train\band\band_12.jpg,band,2,ezen6,0.5277434587478638
2026-06-24T09:56:48.794888,C:\Users\이예은\A-EYE\test_images\train\band\band_12.jpg,band,3,eyedrop-multi,0.4893297851085663
2026-06-24T09:56:48.794888,C:\Users\이예은\A-EYE\test_images\train\band\band_12.jpg,band,4,eyedrop-single,0.4791557788848877
2026-06-24T09:56:48.794888,C:\Users\이예은\A-EYE\test_images\train\band\band_12.jpg,band,5,tylenol,0.3989592492580414
2026-06-24T09:56:50.977595,C:\Users\이예은\A-EYE\test_images\train\band\band_13.jpg,band,1,band,0.9049771428108215
2026-06-24T09:56:50.977595,C:\Users\이예은\A-EYE\test_images\train\band\band_13.jpg,band,2,tylenol,0.6219209432601929
2026-06-24T09:56:50.977595,C:\Users\이예은\A-EYE\test_images\train\band\band_13.jpg,band,3,ezen6,0.29013463854789734
2026-06-24T09:56:53.437580,C:\Users\이예은\A-EYE\test_images\train\band\band_14.jpg,band,1,band,0.9250556230545044
2026-06-24T09:56:53.437580,C:\Users\이예은\A-EYE\test_images\train\band\band_14.jpg,band,2,tylenol,0.5604933500289917
2026-06-24T09:56:53.437580,C:\Users\이예은\A-EYE\test_images\train\band\band_14.jpg,band,3,ezen6,0.5455333590507507
2026-06-24T09:56:53.437580,C:\Users\이예은\A-EYE\test_images\train\band\band_14.jpg,band,4,festal,0.3163142204284668
2026-06-24T09:56:53.437580,C:\Users\이예은\A-EYE\test_images\train\band\band_14.jpg,band,5,eyedrop-multi,0.2663348913192749
2026-06-24T09:56:55.862088,C:\Users\이예은\A-EYE\test_images\train\band\band_17.jpg,band,1,band,0.9246448874473572
2026-06-24T09:56:55.862088,C:\Users\이예은\A-EYE\test_images\train\band\band_17.jpg,band,2,ezen6,0.7497166991233826
2026-06-24T09:56:55.862088,C:\Users\이예은\A-EYE\test_images\train\band\band_17.jpg,band,3,eyedrop-single,0.5048019886016846
2026-06-24T09:56:55.862088,C:\Users\이예은\A-EYE\test_images\train\band\band_17.jpg,band,4,bearse,0.4133070409297943
2026-06-24T09:56:58.259462,C:\Users\이예은\A-EYE\test_images\train\band\band_19.jpg,band,1,band,0.9034475684165955
2026-06-24T09:56:58.259462,C:\Users\이예은\A-EYE\test_images\train\band\band_19.jpg,band,2,panpirin,0.5255434513092041
2026-06-24T09:56:58.259462,C:\Users\이예은\A-EYE\test_images\train\band\band_19.jpg,band,3,ezen6,0.47159314155578613
2026-06-24T09:57:00.781661,C:\Users\이예은\A-EYE\test_images\train\band\band_20.jpg,band,1,band,0.8901894092559814
2026-06-24T09:57:00.781661,C:\Users\이예은\A-EYE\test_images\train\band\band_20.jpg,band,2,ezen6,0.7878357768058777
2026-06-24T09:57:00.781661,C:\Users\이예은\A-EYE\test_images\train\band\band_20.jpg,band,3,eyedrop-multi,0.36367174983024597
2026-06-24T09:57:03.245025,C:\Users\이예은\A-EYE\test_images\train\band\band_21.jpg,band,1,band,0.9235880970954895
2026-06-24T09:57:03.245025,C:\Users\이예은\A-EYE\test_images\train\band\band_21.jpg,band,2,ezen6,0.8101682066917419
2026-06-24T09:57:03.245025,C:\Users\이예은\A-EYE\test_images\train\band\band_21.jpg,band,3,eyedrop-multi,0.7291614413261414
2026-06-24T09:57:03.245025,C:\Users\이예은\A-EYE\test_images\train\band\band_21.jpg,band,4,tylenol,0.6402459740638733
2026-06-24T09:57:03.245025,C:\Users\이예은\A-EYE\test_images\train\band\band_21.jpg,band,5,pancol,0.31073179841041565
2026-06-24T09:57:05.781494,C:\Users\이예은\A-EYE\test_images\train\band\band_22.jpg,band,1,band,0.9043442010879517
2026-06-24T09:57:05.781494,C:\Users\이예은\A-EYE\test_images\train\band\band_22.jpg,band,2,eyedrop-multi,0.6856707334518433
2026-06-24T09:57:05.781494,C:\Users\이예은\A-EYE\test_images\train\band\band_22.jpg,band,3,ezen6,0.6259394884109497
2026-06-24T09:57:05.781494,C:\Users\이예은\A-EYE\test_images\train\band\band_22.jpg,band,4,eyedrop-single,0.5967262387275696
2026-06-24T09:57:05.781494,C:\Users\이예은\A-EYE\test_images\train\band\band_22.jpg,band,5,tylenol,0.3043377995491028
2026-06-24T09:57:08.197578,C:\Users\이예은\A-EYE\test_images\train\band\band_23.jpg,band,1,band,0.8969857692718506
2026-06-24T09:57:08.197578,C:\Users\이예은\A-EYE\test_images\train\band\band_23.jpg,band,2,tylenol,0.8752263784408569
2026-06-24T09:57:08.197578,C:\Users\이예은\A-EYE\test_images\train\band\band_23.jpg,band,3,ezen6,0.7798418998718262
2026-06-24T09:57:08.197578,C:\Users\이예은\A-EYE\test_images\train\band\band_23.jpg,band,4,pancol,0.6909756660461426
2026-06-24T09:57:08.197578,C:\Users\이예은\A-EYE\test_images\train\band\band_23.jpg,band,5,eyedrop-multi,0.6649535298347473
2026-06-24T09:57:08.197578,C:\Users\이예은\A-EYE\test_images\train\band\band_23.jpg,band,6,eyedrop-single,0.27432912588119507
2026-06-24T09:57:10.636837,C:\Users\이예은\A-EYE\test_images\train\band\band_24.jpg,band,1,tylenol,0.9005374312400818
2026-06-24T09:57:10.636837,C:\Users\이예은\A-EYE\test_images\train\band\band_24.jpg,band,2,band,0.8858333826065063
2026-06-24T09:57:10.636837,C:\Users\이예은\A-EYE\test_images\train\band\band_24.jpg,band,3,ezen6,0.7493411898612976
2026-06-24T09:57:10.636837,C:\Users\이예은\A-EYE\test_images\train\band\band_24.jpg,band,4,eyedrop-multi,0.4968470633029938
2026-06-24T09:57:10.636837,C:\Users\이예은\A-EYE\test_images\train\band\band_24.jpg,band,5,panpirin,0.47753310203552246
2026-06-24T09:57:10.636837,C:\Users\이예은\A-EYE\test_images\train\band\band_24.jpg,band,6,pancol,0.3688388764858246
2026-06-24T09:57:13.080332,C:\Users\이예은\A-EYE\test_images\train\band\band_25.jpg,band,1,band,0.9131851196289062
2026-06-24T09:57:13.080332,C:\Users\이예은\A-EYE\test_images\train\band\band_25.jpg,band,2,eyedrop-multi,0.7089804410934448
2026-06-24T09:57:13.080332,C:\Users\이예은\A-EYE\test_images\train\band\band_25.jpg,band,3,tylenol,0.7044170498847961
2026-06-24T09:57:13.080332,C:\Users\이예은\A-EYE\test_images\train\band\band_25.jpg,band,4,pancol,0.6009962558746338
2026-06-24T09:57:15.457919,C:\Users\이예은\A-EYE\test_images\train\band\band_26.jpg,band,1,band,0.9242336750030518
2026-06-24T09:57:15.457919,C:\Users\이예은\A-EYE\test_images\train\band\band_26.jpg,band,2,eyedrop-multi,0.7538443207740784
2026-06-24T09:57:15.457919,C:\Users\이예은\A-EYE\test_images\train\band\band_26.jpg,band,3,ezen6,0.5877399444580078
2026-06-24T09:57:17.774923,C:\Users\이예은\A-EYE\test_images\train\band\band_27.jpg,band,1,band,0.916796088218689
2026-06-24T09:57:17.774923,C:\Users\이예은\A-EYE\test_images\train\band\band_27.jpg,band,2,tylenol,0.629038393497467
2026-06-24T09:57:17.774923,C:\Users\이예은\A-EYE\test_images\train\band\band_27.jpg,band,3,ezen6,0.6162937879562378
2026-06-24T09:57:17.774923,C:\Users\이예은\A-EYE\test_images\train\band\band_27.jpg,band,4,eyedrop-multi,0.6155332326889038
2026-06-24T09:57:17.774923,C:\Users\이예은\A-EYE\test_images\train\band\band_27.jpg,band,5,panpirin,0.35132139921188354
2026-06-24T09:57:20.162782,C:\Users\이예은\A-EYE\test_images\train\band\band_28.jpg,band,1,tylenol,0.9189561009407043
2026-06-24T09:57:20.162782,C:\Users\이예은\A-EYE\test_images\train\band\band_28.jpg,band,2,band,0.8925278782844543
2026-06-24T09:57:20.162782,C:\Users\이예은\A-EYE\test_images\train\band\band_28.jpg,band,3,ezen6,0.853523313999176
2026-06-24T09:57:20.162782,C:\Users\이예은\A-EYE\test_images\train\band\band_28.jpg,band,4,eyedrop-multi,0.6197861433029175
2026-06-24T09:57:22.413097,C:\Users\이예은\A-EYE\test_images\train\band\band_29.jpg,band,1,band,0.9061838984489441
2026-06-24T09:57:22.413097,C:\Users\이예은\A-EYE\test_images\train\band\band_29.jpg,band,2,tylenol,0.8590503931045532
2026-06-24T09:57:22.413097,C:\Users\이예은\A-EYE\test_images\train\band\band_29.jpg,band,3,eyedrop-multi,0.7286967039108276
2026-06-24T09:57:22.413097,C:\Users\이예은\A-EYE\test_images\train\band\band_29.jpg,band,4,panpirin,0.6439493298530579
2026-06-24T09:57:22.413097,C:\Users\이예은\A-EYE\test_images\train\band\band_29.jpg,band,5,pancol,0.6213435530662537
2026-06-24T09:57:24.646271,C:\Users\이예은\A-EYE\test_images\train\band\band_30.jpg,band,1,band,0.9220631718635559
2026-06-24T09:57:24.646271,C:\Users\이예은\A-EYE\test_images\train\band\band_30.jpg,band,2,eyedrop-single,0.7435724139213562
2026-06-24T09:57:24.646271,C:\Users\이예은\A-EYE\test_images\train\band\band_30.jpg,band,3,panpirin,0.742020308971405
2026-06-24T09:57:24.646271,C:\Users\이예은\A-EYE\test_images\train\band\band_30.jpg,band,4,tylenol,0.34422099590301514
2026-06-24T09:57:24.646271,C:\Users\이예은\A-EYE\test_images\train\band\band_30.jpg,band,5,geborin,0.3136274218559265
2026-06-24T09:57:27.027046,C:\Users\이예은\A-EYE\test_images\train\band\band_31.jpg,band,1,band,0.9073945879936218
2026-06-24T09:57:27.027046,C:\Users\이예은\A-EYE\test_images\train\band\band_31.jpg,band,2,panpirin,0.7403256893157959
2026-06-24T09:57:27.027046,C:\Users\이예은\A-EYE\test_images\train\band\band_31.jpg,band,3,eyedrop-multi,0.6747983694076538
2026-06-24T09:57:27.027046,C:\Users\이예은\A-EYE\test_images\train\band\band_31.jpg,band,4,ezen6,0.6171203255653381
2026-06-24T09:57:29.525633,C:\Users\이예은\A-EYE\test_images\train\band\band_32.jpg,band,1,band,0.9241210222244263
2026-06-24T09:57:29.525633,C:\Users\이예은\A-EYE\test_images\train\band\band_32.jpg,band,2,tylenol,0.5586326122283936
2026-06-24T09:57:29.525633,C:\Users\이예은\A-EYE\test_images\train\band\band_32.jpg,band,3,ezen6,0.33807888627052307
2026-06-24T09:57:29.525633,C:\Users\이예은\A-EYE\test_images\train\band\band_32.jpg,band,4,eyedrop-multi,0.320422887802124
2026-06-24T09:57:31.865941,C:\Users\이예은\A-EYE\test_images\train\band\band_33.jpg,band,1,band,0.9039139747619629
2026-06-24T09:57:31.865941,C:\Users\이예은\A-EYE\test_images\train\band\band_33.jpg,band,2,tylenol,0.7201045155525208
2026-06-24T09:57:34.212039,C:\Users\이예은\A-EYE\test_images\train\band\band_34.jpg,band,1,band,0.8931313753128052
2026-06-24T09:57:34.212039,C:\Users\이예은\A-EYE\test_images\train\band\band_34.jpg,band,2,panpirin,0.8003760576248169
2026-06-24T09:57:34.212039,C:\Users\이예은\A-EYE\test_images\train\band\band_34.jpg,band,3,tylenol,0.3617665767669678
2026-06-24T09:57:36.470363,C:\Users\이예은\A-EYE\test_images\train\band\band_36.jpg,band,1,band,0.914162278175354
2026-06-24T09:57:36.470363,C:\Users\이예은\A-EYE\test_images\train\band\band_36.jpg,band,2,ezen6,0.7559610605239868
2026-06-24T09:57:36.470363,C:\Users\이예은\A-EYE\test_images\train\band\band_36.jpg,band,3,eyedrop-multi,0.6173308491706848
2026-06-24T09:57:36.470363,C:\Users\이예은\A-EYE\test_images\train\band\band_36.jpg,band,4,panpirin,0.525256335735321
2026-06-24T09:57:36.470363,C:\Users\이예은\A-EYE\test_images\train\band\band_36.jpg,band,5,eyedrop-single,0.26108574867248535
2026-06-24T09:57:38.701562,C:\Users\이예은\A-EYE\test_images\train\band\band_37.jpg,band,1,band,0.9086481332778931
2026-06-24T09:57:38.701562,C:\Users\이예은\A-EYE\test_images\train\band\band_37.jpg,band,2,bearse,0.7544179558753967
2026-06-24T09:57:38.701562,C:\Users\이예은\A-EYE\test_images\train\band\band_37.jpg,band,3,tylenol,0.6451385021209717
2026-06-24T09:57:38.701562,C:\Users\이예은\A-EYE\test_images\train\band\band_37.jpg,band,4,eyedrop-single,0.3635424077510834
2026-06-24T09:57:40.865226,C:\Users\이예은\A-EYE\test_images\train\band\band_38.jpg,band,1,band,0.897465169429779
2026-06-24T09:57:40.865226,C:\Users\이예은\A-EYE\test_images\train\band\band_38.jpg,band,2,tylenol,0.8739804029464722
2026-06-24T09:57:40.865226,C:\Users\이예은\A-EYE\test_images\train\band\band_38.jpg,band,3,eyedrop-multi,0.6542322635650635
2026-06-24T09:57:40.865226,C:\Users\이예은\A-EYE\test_images\train\band\band_38.jpg,band,4,panpirin,0.5023127198219299
2026-06-24T09:57:40.865226,C:\Users\이예은\A-EYE\test_images\train\band\band_38.jpg,band,5,eyedrop-single,0.30979016423225403
2026-06-24T09:57:43.147299,C:\Users\이예은\A-EYE\test_images\train\band\band_39.jpg,band,1,band,0.9135317802429199
2026-06-24T09:57:43.147299,C:\Users\이예은\A-EYE\test_images\train\band\band_39.jpg,band,2,panpirin,0.6967635750770569
2026-06-24T09:57:43.147299,C:\Users\이예은\A-EYE\test_images\train\band\band_39.jpg,band,3,tylenol,0.6303349137306213
2026-06-24T09:57:43.147299,C:\Users\이예은\A-EYE\test_images\train\band\band_39.jpg,band,4,eyedrop-single,0.3941974341869354
2026-06-24T09:57:43.147299,C:\Users\이예은\A-EYE\test_images\train\band\band_39.jpg,band,5,eyedrop-multi,0.38630354404449463
2026-06-24T09:57:45.335013,C:\Users\이예은\A-EYE\test_images\train\band\band_40.jpg,band,1,band,0.9158874154090881
2026-06-24T09:57:45.335013,C:\Users\이예은\A-EYE\test_images\train\band\band_40.jpg,band,2,eyedrop-single,0.832970142364502
2026-06-24T09:57:45.335013,C:\Users\이예은\A-EYE\test_images\train\band\band_40.jpg,band,3,panpirin,0.7788081765174866
2026-06-24T09:57:45.335013,C:\Users\이예은\A-EYE\test_images\train\band\band_40.jpg,band,4,tylenol,0.31737297773361206
2026-06-24T09:57:47.658311,C:\Users\이예은\A-EYE\test_images\train\band\band_42.jpg,band,1,band,0.8997474312782288
2026-06-24T09:57:47.658311,C:\Users\이예은\A-EYE\test_images\train\band\band_42.jpg,band,2,tylenol,0.8986924290657043
2026-06-24T09:57:47.658311,C:\Users\이예은\A-EYE\test_images\train\band\band_42.jpg,band,3,ezen6,0.2735065817832947
2026-06-24T09:57:49.982189,C:\Users\이예은\A-EYE\test_images\train\band\band_43.jpg,band,1,band,0.9050442576408386
2026-06-24T09:57:49.982189,C:\Users\이예은\A-EYE\test_images\train\band\band_43.jpg,band,2,tylenol,0.7215360999107361
2026-06-24T09:57:49.982189,C:\Users\이예은\A-EYE\test_images\train\band\band_43.jpg,band,3,panpirin,0.559045135974884
2026-06-24T09:57:49.982189,C:\Users\이예은\A-EYE\test_images\train\band\band_43.jpg,band,4,pancol,0.5499551892280579
2026-06-24T09:57:49.982189,C:\Users\이예은\A-EYE\test_images\train\band\band_43.jpg,band,5,festal,0.5435648560523987
2026-06-24T09:57:49.982189,C:\Users\이예은\A-EYE\test_images\train\band\band_43.jpg,band,6,geborin,0.26881760358810425
2026-06-24T09:57:52.466310,C:\Users\이예은\A-EYE\test_images\train\band\band_45.jpg,band,1,band,0.8974295854568481
2026-06-24T09:57:52.466310,C:\Users\이예은\A-EYE\test_images\train\band\band_45.jpg,band,2,panpirin,0.8361829519271851
2026-06-24T09:57:52.466310,C:\Users\이예은\A-EYE\test_images\train\band\band_45.jpg,band,3,tylenol,0.7294631004333496
2026-06-24T09:57:54.961222,C:\Users\이예은\A-EYE\test_images\train\band\band_46.jpg,band,1,band,0.8874599933624268
2026-06-24T09:57:54.961222,C:\Users\이예은\A-EYE\test_images\train\band\band_46.jpg,band,2,ezen6,0.7712780833244324
2026-06-24T09:57:54.961222,C:\Users\이예은\A-EYE\test_images\train\band\band_46.jpg,band,3,eyedrop-single,0.6286470293998718
2026-06-24T09:57:54.961222,C:\Users\이예은\A-EYE\test_images\train\band\band_46.jpg,band,4,tylenol,0.5550622940063477
2026-06-24T09:57:54.961222,C:\Users\이예은\A-EYE\test_images\train\band\band_46.jpg,band,5,bearse,0.28960126638412476
2026-06-24T09:57:57.305045,C:\Users\이예은\A-EYE\test_images\train\band\band_47.jpg,band,1,band,0.9166405200958252
2026-06-24T09:57:57.305045,C:\Users\이예은\A-EYE\test_images\train\band\band_47.jpg,band,2,eyedrop-single,0.685580849647522
2026-06-24T09:57:57.305045,C:\Users\이예은\A-EYE\test_images\train\band\band_47.jpg,band,3,tylenol,0.6508036255836487
2026-06-24T09:57:57.305045,C:\Users\이예은\A-EYE\test_images\train\band\band_47.jpg,band,4,ezen6,0.6388490796089172
2026-06-24T09:57:59.832290,C:\Users\이예은\A-EYE\test_images\train\band\band_49.jpg,band,1,band,0.8749866485595703
2026-06-24T09:57:59.832290,C:\Users\이예은\A-EYE\test_images\train\band\band_49.jpg,band,2,festal,0.8614919185638428
2026-06-24T09:57:59.832290,C:\Users\이예은\A-EYE\test_images\train\band\band_49.jpg,band,3,eyedrop-single,0.576949417591095
2026-06-24T09:57:59.832290,C:\Users\이예은\A-EYE\test_images\train\band\band_49.jpg,band,4,ezen6,0.5395767092704773
2026-06-24T09:57:59.832290,C:\Users\이예은\A-EYE\test_images\train\band\band_49.jpg,band,5,geborin,0.45467108488082886
2026-06-24T09:57:59.832290,C:\Users\이예은\A-EYE\test_images\train\band\band_49.jpg,band,6,bearse,0.38399747014045715
2026-06-24T09:58:02.223243,C:\Users\이예은\A-EYE\test_images\train\band\band_50.jpg,band,1,band,0.8892731666564941
2026-06-24T09:58:02.223243,C:\Users\이예은\A-EYE\test_images\train\band\band_50.jpg,band,2,panpirin,0.8184405565261841
2026-06-24T09:58:02.223243,C:\Users\이예은\A-EYE\test_images\train\band\band_50.jpg,band,3,festal,0.7914181351661682
2026-06-24T09:58:02.223243,C:\Users\이예은\A-EYE\test_images\train\band\band_50.jpg,band,4,eyedrop-single,0.5787242650985718
2026-06-24T09:58:02.223243,C:\Users\이예은\A-EYE\test_images\train\band\band_50.jpg,band,5,patch,0.2802119553089142
2026-06-24T09:58:04.431060,C:\Users\이예은\A-EYE\test_images\train\band\band_51.jpg,band,1,band,0.8713849782943726
2026-06-24T09:58:04.431060,C:\Users\이예은\A-EYE\test_images\train\band\band_51.jpg,band,2,patch,0.6927587389945984
2026-06-24T09:58:04.431060,C:\Users\이예은\A-EYE\test_images\train\band\band_51.jpg,band,3,festal,0.6849622130393982
2026-06-24T09:58:04.431060,C:\Users\이예은\A-EYE\test_images\train\band\band_51.jpg,band,4,eyedrop-single,0.6383755803108215
2026-06-24T09:58:04.431060,C:\Users\이예은\A-EYE\test_images\train\band\band_51.jpg,band,5,geborin,0.586172342300415
2026-06-24T09:58:04.431060,C:\Users\이예은\A-EYE\test_images\train\band\band_51.jpg,band,6,eyedrop-multi,0.5189639925956726
2026-06-24T09:58:04.431060,C:\Users\이예은\A-EYE\test_images\train\band\band_51.jpg,band,7,fusidin,0.3443821668624878
2026-06-24T09:58:04.431060,C:\Users\이예은\A-EYE\test_images\train\band\band_51.jpg,band,8,panpirin,0.32115936279296875
2026-06-24T09:58:06.807180,C:\Users\이예은\A-EYE\test_images\train\band\band_52.jpg,band,1,band,0.8722898364067078
2026-06-24T09:58:06.807180,C:\Users\이예은\A-EYE\test_images\train\band\band_52.jpg,band,2,festal,0.8411378264427185
2026-06-24T09:58:06.807180,C:\Users\이예은\A-EYE\test_images\train\band\band_52.jpg,band,3,panpirin,0.747763454914093
2026-06-24T09:58:06.807180,C:\Users\이예은\A-EYE\test_images\train\band\band_52.jpg,band,4,eyedrop-single,0.37612125277519226
2026-06-24T09:58:08.976908,C:\Users\이예은\A-EYE\test_images\train\band\band_54.jpg,band,1,band,0.8589938282966614
2026-06-24T09:58:08.976908,C:\Users\이예은\A-EYE\test_images\train\band\band_54.jpg,band,2,festal,0.7038472294807434
2026-06-24T09:58:08.976908,C:\Users\이예은\A-EYE\test_images\train\band\band_54.jpg,band,3,eyedrop-single,0.5331450700759888
2026-06-24T09:58:08.976908,C:\Users\이예은\A-EYE\test_images\train\band\band_54.jpg,band,4,eyedrop-multi,0.4497876465320587
2026-06-24T09:58:11.260422,C:\Users\이예은\A-EYE\test_images\train\band\band_55.jpg,band,1,band,0.8762918710708618
2026-06-24T09:58:11.260422,C:\Users\이예은\A-EYE\test_images\train\band\band_55.jpg,band,2,festal,0.745547890663147
2026-06-24T09:58:11.260422,C:\Users\이예은\A-EYE\test_images\train\band\band_55.jpg,band,3,fusidin,0.7369435429573059
2026-06-24T09:58:11.260422,C:\Users\이예은\A-EYE\test_images\train\band\band_55.jpg,band,4,bearse,0.29536768794059753
2026-06-24T09:58:11.260422,C:\Users\이예은\A-EYE\test_images\train\band\band_55.jpg,band,5,tylenol,0.2622917592525482
2026-06-24T09:58:13.825334,C:\Users\이예은\A-EYE\test_images\train\band\band_56.jpg,band,1,band,0.8998225331306458
2026-06-24T09:58:13.825334,C:\Users\이예은\A-EYE\test_images\train\band\band_56.jpg,band,2,tylenol,0.7943148016929626
2026-06-24T09:58:13.825334,C:\Users\이예은\A-EYE\test_images\train\band\band_56.jpg,band,3,ezen6,0.5002885460853577
2026-06-24T09:58:13.825334,C:\Users\이예은\A-EYE\test_images\train\band\band_56.jpg,band,4,festal,0.27352482080459595
2026-06-24T09:58:16.389440,C:\Users\이예은\A-EYE\test_images\train\band\band_57.jpg,band,1,band,0.9184180498123169
2026-06-24T09:58:16.389440,C:\Users\이예은\A-EYE\test_images\train\band\band_57.jpg,band,2,ezen6,0.527446985244751
2026-06-24T09:58:16.389440,C:\Users\이예은\A-EYE\test_images\train\band\band_57.jpg,band,3,eyedrop-single,0.5143564939498901
2026-06-24T09:58:16.389440,C:\Users\이예은\A-EYE\test_images\train\band\band_57.jpg,band,4,pancol,0.31302279233932495
2026-06-24T09:58:16.389440,C:\Users\이예은\A-EYE\test_images\train\band\band_57.jpg,band,5,patch,0.2674257159233093
2026-06-24T09:58:18.739618,C:\Users\이예은\A-EYE\test_images\train\band\band_59.jpg,band,1,band,0.912253737449646
2026-06-24T09:58:18.739618,C:\Users\이예은\A-EYE\test_images\train\band\band_59.jpg,band,2,ezen6,0.6424627900123596
2026-06-24T09:58:18.739618,C:\Users\이예은\A-EYE\test_images\train\band\band_59.jpg,band,3,eyedrop-multi,0.2731890380382538
2026-06-24T09:58:21.156272,C:\Users\이예은\A-EYE\test_images\train\band\band_60.jpg,band,1,band,0.9019644856452942
2026-06-24T09:58:21.156272,C:\Users\이예은\A-EYE\test_images\train\band\band_60.jpg,band,2,eyedrop-multi,0.43804049491882324
2026-06-24T09:58:23.486239,C:\Users\이예은\A-EYE\test_images\train\band\band_61.jpg,band,1,band,0.9006680846214294
2026-06-24T09:58:25.821071,C:\Users\이예은\A-EYE\test_images\train\bearse\bearse_01.jpg,bearse,1,bearse,0.8633326292037964
2026-06-24T09:58:25.821071,C:\Users\이예은\A-EYE\test_images\train\bearse\bearse_01.jpg,bearse,2,panpirin,0.8063275814056396
2026-06-24T09:58:25.821071,C:\Users\이예은\A-EYE\test_images\train\bearse\bearse_01.jpg,bearse,3,patch,0.7796735167503357
2026-06-24T09:58:25.821071,C:\Users\이예은\A-EYE\test_images\train\bearse\bearse_01.jpg,bearse,4,eyedrop-multi,0.46470364928245544
2026-06-24T09:58:25.821071,C:\Users\이예은\A-EYE\test_images\train\bearse\bearse_01.jpg,bearse,5,eyedrop-single,0.4017986059188843
2026-06-24T09:58:28.106912,C:\Users\이예은\A-EYE\test_images\train\bearse\bearse_02.jpg,bearse,1,bearse,0.8564658164978027
2026-06-24T09:58:28.106912,C:\Users\이예은\A-EYE\test_images\train\bearse\bearse_02.jpg,bearse,2,panpirin,0.7283887267112732
2026-06-24T09:58:28.106912,C:\Users\이예은\A-EYE\test_images\train\bearse\bearse_02.jpg,bearse,3,eyedrop-multi,0.714815080165863
2026-06-24T09:58:28.106912,C:\Users\이예은\A-EYE\test_images\train\bearse\bearse_02.jpg,bearse,4,tylenol,0.6019957661628723
2026-06-24T09:58:28.106912,C:\Users\이예은\A-EYE\test_images\train\bearse\bearse_02.jpg,bearse,5,pancol,0.4448186457157135
2026-06-24T09:58:28.106912,C:\Users\이예은\A-EYE\test_images\train\bearse\bearse_02.jpg,bearse,6,geborin,0.3696861267089844
2026-06-24T09:58:28.106912,C:\Users\이예은\A-EYE\test_images\train\bearse\bearse_02.jpg,bearse,7,eyedrop-single,0.29905879497528076
2026-06-24T09:58:28.106912,C:\Users\이예은\A-EYE\test_images\train\bearse\bearse_02.jpg,bearse,8,patch,0.2759077847003937
2026-06-24T09:58:30.470813,C:\Users\이예은\A-EYE\test_images\train\bearse\bearse_04.jpg,bearse,1,bearse,0.8720125555992126
2026-06-24T09:58:30.470813,C:\Users\이예은\A-EYE\test_images\train\bearse\bearse_04.jpg,bearse,2,panpirin,0.8383560180664062
2026-06-24T09:58:30.470813,C:\Users\이예은\A-EYE\test_images\train\bearse\bearse_04.jpg,bearse,3,eyedrop-multi,0.6388943195343018
2026-06-24T09:58:32.755914,C:\Users\이예은\A-EYE\test_images\train\bearse\bearse_08.jpg,bearse,1,panpirin,0.8756996393203735
2026-06-24T09:58:32.755914,C:\Users\이예은\A-EYE\test_images\train\bearse\bearse_08.jpg,bearse,2,bearse,0.8436452150344849
2026-06-24T09:58:32.755914,C:\Users\이예은\A-EYE\test_images\train\bearse\bearse_08.jpg,bearse,3,tylenol,0.7658059000968933
2026-06-24T09:58:32.755914,C:\Users\이예은\A-EYE\test_images\train\bearse\bearse_08.jpg,bearse,4,eyedrop-single,0.3883480727672577
2026-06-24T09:58:35.054196,C:\Users\이예은\A-EYE\test_images\train\bearse\bearse_09.jpg,bearse,1,bearse,0.8301728963851929
2026-06-24T09:58:35.054196,C:\Users\이예은\A-EYE\test_images\train\bearse\bearse_09.jpg,bearse,2,pancol,0.5796040892601013
2026-06-24T09:58:35.054196,C:\Users\이예은\A-EYE\test_images\train\bearse\bearse_09.jpg,bearse,3,patch,0.5053082704544067
2026-06-24T09:58:35.054196,C:\Users\이예은\A-EYE\test_images\train\bearse\bearse_09.jpg,bearse,4,eyedrop-multi,0.35963940620422363
2026-06-24T09:58:37.329504,C:\Users\이예은\A-EYE\test_images\train\bearse\bearse_10.jpg,bearse,1,bearse,0.850981593132019
2026-06-24T09:58:37.329504,C:\Users\이예은\A-EYE\test_images\train\bearse\bearse_10.jpg,bearse,2,panpirin,0.7848080396652222
2026-06-24T09:58:37.329504,C:\Users\이예은\A-EYE\test_images\train\bearse\bearse_10.jpg,bearse,3,eyedrop-multi,0.6990777254104614
2026-06-24T09:58:37.329504,C:\Users\이예은\A-EYE\test_images\train\bearse\bearse_10.jpg,bearse,4,eyedrop-single,0.6697395443916321
2026-06-24T09:58:37.329504,C:\Users\이예은\A-EYE\test_images\train\bearse\bearse_10.jpg,bearse,5,patch,0.6682035326957703
2026-06-24T09:58:39.546121,C:\Users\이예은\A-EYE\test_images\train\bearse\bearse_11.jpg,bearse,1,bearse,0.8507575988769531
2026-06-24T09:58:39.546121,C:\Users\이예은\A-EYE\test_images\train\bearse\bearse_11.jpg,bearse,2,eyedrop-single,0.7339518666267395
2026-06-24T09:58:39.546121,C:\Users\이예은\A-EYE\test_images\train\bearse\bearse_11.jpg,bearse,3,panpirin,0.7061511874198914
2026-06-24T09:58:39.546121,C:\Users\이예은\A-EYE\test_images\train\bearse\bearse_11.jpg,bearse,4,geborin,0.5801165103912354
2026-06-24T09:58:39.546121,C:\Users\이예은\A-EYE\test_images\train\bearse\bearse_11.jpg,bearse,5,eyedrop-multi,0.5125607848167419
2026-06-24T09:58:41.855277,C:\Users\이예은\A-EYE\test_images\train\bearse\bearse_12.jpg,bearse,1,bearse,0.8419405221939087
2026-06-24T09:58:41.855277,C:\Users\이예은\A-EYE\test_images\train\bearse\bearse_12.jpg,bearse,2,eyedrop-single,0.7368581891059875
2026-06-24T09:58:41.855277,C:\Users\이예은\A-EYE\test_images\train\bearse\bearse_12.jpg,bearse,3,patch,0.7092970013618469
2026-06-24T09:58:41.855277,C:\Users\이예은\A-EYE\test_images\train\bearse\bearse_12.jpg,bearse,4,eyedrop-multi,0.7079982161521912
2026-06-24T09:58:41.855277,C:\Users\이예은\A-EYE\test_images\train\bearse\bearse_12.jpg,bearse,5,panpirin,0.6120774149894714
2026-06-24T09:58:44.136186,C:\Users\이예은\A-EYE\test_images\train\bearse\bearse_14.jpg,bearse,1,bearse,0.8476000428199768
2026-06-24T09:58:44.136186,C:\Users\이예은\A-EYE\test_images\train\bearse\bearse_14.jpg,bearse,2,eyedrop-single,0.4102634787559509
2026-06-24T09:58:44.136186,C:\Users\이예은\A-EYE\test_images\train\bearse\bearse_14.jpg,bearse,3,patch,0.3514496982097626
2026-06-24T09:58:44.136186,C:\Users\이예은\A-EYE\test_images\train\bearse\bearse_14.jpg,bearse,4,panpirin,0.3396990895271301
2026-06-24T09:58:46.475355,C:\Users\이예은\A-EYE\test_images\train\bearse\bearse_16.jpg,bearse,1,bearse,0.8681630492210388
2026-06-24T09:58:46.475355,C:\Users\이예은\A-EYE\test_images\train\bearse\bearse_16.jpg,bearse,2,patch,0.7372600436210632
2026-06-24T09:58:46.475355,C:\Users\이예은\A-EYE\test_images\train\bearse\bearse_16.jpg,bearse,3,eyedrop-multi,0.6953498721122742
2026-06-24T09:58:46.475355,C:\Users\이예은\A-EYE\test_images\train\bearse\bearse_16.jpg,bearse,4,pancol,0.28393566608428955
2026-06-24T09:58:48.743637,C:\Users\이예은\A-EYE\test_images\train\bearse\bearse_17.jpg,bearse,1,bearse,0.85939621925354
2026-06-24T09:58:48.743637,C:\Users\이예은\A-EYE\test_images\train\bearse\bearse_17.jpg,bearse,2,eyedrop-multi,0.7344954609870911
2026-06-24T09:58:48.743637,C:\Users\이예은\A-EYE\test_images\train\bearse\bearse_17.jpg,bearse,3,patch,0.5722038149833679
2026-06-24T09:58:48.743637,C:\Users\이예은\A-EYE\test_images\train\bearse\bearse_17.jpg,bearse,4,eyedrop-single,0.3996037542819977
2026-06-24T09:58:48.743637,C:\Users\이예은\A-EYE\test_images\train\bearse\bearse_17.jpg,bearse,5,pancol,0.34595805406570435
2026-06-24T09:58:50.912791,C:\Users\이예은\A-EYE\test_images\train\bearse\bearse_18.jpg,bearse,1,bearse,0.8605820536613464
2026-06-24T09:58:50.912791,C:\Users\이예은\A-EYE\test_images\train\bearse\bearse_18.jpg,bearse,2,tylenol,0.5491539835929871
2026-06-24T09:58:50.912791,C:\Users\이예은\A-EYE\test_images\train\bearse\bearse_18.jpg,bearse,3,panpirin,0.4829636812210083
2026-06-24T09:58:50.912791,C:\Users\이예은\A-EYE\test_images\train\bearse\bearse_18.jpg,bearse,4,pancol,0.34446513652801514
2026-06-24T09:58:50.912791,C:\Users\이예은\A-EYE\test_images\train\bearse\bearse_18.jpg,bearse,5,eyedrop-multi,0.34165409207344055
2026-06-24T09:58:53.096858,C:\Users\이예은\A-EYE\test_images\train\bearse\bearse_20.jpg,bearse,1,bearse,0.8499124050140381
2026-06-24T09:58:53.096858,C:\Users\이예은\A-EYE\test_images\train\bearse\bearse_20.jpg,bearse,2,panpirin,0.7545067071914673
2026-06-24T09:58:53.096858,C:\Users\이예은\A-EYE\test_images\train\bearse\bearse_20.jpg,bearse,3,patch,0.41911640763282776
2026-06-24T09:58:53.096858,C:\Users\이예은\A-EYE\test_images\train\bearse\bearse_20.jpg,bearse,4,eyedrop-multi,0.38835468888282776
2026-06-24T09:58:55.471830,C:\Users\이예은\A-EYE\test_images\train\bearse\bearse_21.jpg,bearse,1,bearse,0.8576459288597107
2026-06-24T09:58:57.714963,C:\Users\이예은\A-EYE\test_images\train\bearse\bearse_22.jpg,bearse,1,bearse,0.8537918925285339
2026-06-24T09:58:57.714963,C:\Users\이예은\A-EYE\test_images\train\bearse\bearse_22.jpg,bearse,2,panpirin,0.7454618811607361
2026-06-24T09:59:00.146252,C:\Users\이예은\A-EYE\test_images\train\bearse\bearse_23.jpg,bearse,1,bearse,0.8371962904930115
2026-06-24T09:59:02.416124,C:\Users\이예은\A-EYE\test_images\train\bearse\bearse_24.jpg,bearse,1,bearse,0.863602340221405
2026-06-24T09:59:02.417103,C:\Users\이예은\A-EYE\test_images\train\bearse\bearse_24.jpg,bearse,2,eyedrop-multi,0.5428431034088135
2026-06-24T09:59:04.789933,C:\Users\이예은\A-EYE\test_images\train\bearse\bearse_25.jpg,bearse,1,bearse,0.8707696199417114
2026-06-24T09:59:04.789933,C:\Users\이예은\A-EYE\test_images\train\bearse\bearse_25.jpg,bearse,2,eyedrop-single,0.3767068386077881
2026-06-24T09:59:07.221378,C:\Users\이예은\A-EYE\test_images\train\bearse\bearse_26.jpg,bearse,1,bearse,0.841082751750946
2026-06-24T09:59:09.448691,C:\Users\이예은\A-EYE\test_images\train\bearse\bearse_27.jpg,bearse,1,bearse,0.8702716827392578
2026-06-24T09:59:11.768513,C:\Users\이예은\A-EYE\test_images\train\bearse\bearse_28.jpg,bearse,1,bearse,0.8692333698272705
2026-06-24T09:59:14.114225,C:\Users\이예은\A-EYE\test_images\train\bearse\bearse_29.jpg,bearse,1,bearse,0.8294414281845093
2026-06-24T09:59:16.488915,C:\Users\이예은\A-EYE\test_images\train\bearse\bearse_30.jpg,bearse,1,bearse,0.8461028337478638
2026-06-24T09:59:16.488915,C:\Users\이예은\A-EYE\test_images\train\bearse\bearse_30.jpg,bearse,2,geborin,0.3995201289653778
2026-06-24T09:59:16.488915,C:\Users\이예은\A-EYE\test_images\train\bearse\bearse_30.jpg,bearse,3,eyedrop-multi,0.3629491925239563
2026-06-24T09:59:16.488915,C:\Users\이예은\A-EYE\test_images\train\bearse\bearse_30.jpg,bearse,4,pancol,0.2695927917957306
2026-06-24T09:59:19.311656,C:\Users\이예은\A-EYE\test_images\train\bearse\bearse_31.jpg,bearse,1,bearse,0.8514034152030945
2026-06-24T09:59:19.311656,C:\Users\이예은\A-EYE\test_images\train\bearse\bearse_31.jpg,bearse,2,patch,0.6390666365623474
2026-06-24T09:59:19.311656,C:\Users\이예은\A-EYE\test_images\train\bearse\bearse_31.jpg,bearse,3,tylenol,0.42204412817955017
2026-06-24T09:59:19.311656,C:\Users\이예은\A-EYE\test_images\train\bearse\bearse_31.jpg,bearse,4,eyedrop-single,0.338090717792511
2026-06-24T09:59:19.311656,C:\Users\이예은\A-EYE\test_images\train\bearse\bearse_31.jpg,bearse,5,eyedrop-multi,0.2671302258968353
2026-06-24T09:59:21.716249,C:\Users\이예은\A-EYE\test_images\train\bearse\bearse_32.jpg,bearse,1,bearse,0.8483036160469055
2026-06-24T09:59:21.716249,C:\Users\이예은\A-EYE\test_images\train\bearse\bearse_32.jpg,bearse,2,eyedrop-multi,0.5512866973876953
2026-06-24T09:59:24.982435,C:\Users\이예은\A-EYE\test_images\train\bearse\bearse_33.jpg,bearse,1,bearse,0.8723008036613464
2026-06-24T09:59:24.982435,C:\Users\이예은\A-EYE\test_images\train\bearse\bearse_33.jpg,bearse,2,eyedrop-single,0.606426477432251
2026-06-24T09:59:24.982435,C:\Users\이예은\A-EYE\test_images\train\bearse\bearse_33.jpg,bearse,3,eyedrop-multi,0.5370045304298401
2026-06-24T09:59:24.982435,C:\Users\이예은\A-EYE\test_images\train\bearse\bearse_33.jpg,bearse,4,band,0.4808369278907776
2026-06-24T09:59:24.982435,C:\Users\이예은\A-EYE\test_images\train\bearse\bearse_33.jpg,bearse,5,pancol,0.36742088198661804
2026-06-24T09:59:27.303701,C:\Users\이예은\A-EYE\test_images\train\bearse\bearse_34.jpg,bearse,1,bearse,0.8367650508880615
2026-06-24T09:59:27.303701,C:\Users\이예은\A-EYE\test_images\train\bearse\bearse_34.jpg,bearse,2,eyedrop-multi,0.8015622496604919
2026-06-24T09:59:27.303701,C:\Users\이예은\A-EYE\test_images\train\bearse\bearse_34.jpg,bearse,3,pancol,0.509167492389679
2026-06-24T09:59:29.749241,C:\Users\이예은\A-EYE\test_images\train\bearse\bearse_35.jpg,bearse,1,bearse,0.836097002029419
2026-06-24T09:59:29.749241,C:\Users\이예은\A-EYE\test_images\train\bearse\bearse_35.jpg,bearse,2,patch,0.7222421765327454
2026-06-24T09:59:29.749241,C:\Users\이예은\A-EYE\test_images\train\bearse\bearse_35.jpg,bearse,3,eyedrop-single,0.543415904045105
2026-06-24T09:59:29.749241,C:\Users\이예은\A-EYE\test_images\train\bearse\bearse_35.jpg,bearse,4,eyedrop-multi,0.3238926827907562
2026-06-24T09:59:29.749241,C:\Users\이예은\A-EYE\test_images\train\bearse\bearse_35.jpg,bearse,5,geborin,0.3201058506965637
2026-06-24T09:59:32.058033,C:\Users\이예은\A-EYE\test_images\train\bearse\bearse_36.jpg,bearse,1,bearse,0.8678231835365295
2026-06-24T09:59:32.058033,C:\Users\이예은\A-EYE\test_images\train\bearse\bearse_36.jpg,bearse,2,eyedrop-single,0.42932188510894775
2026-06-24T09:59:32.058033,C:\Users\이예은\A-EYE\test_images\train\bearse\bearse_36.jpg,bearse,3,eyedrop-multi,0.2737622857093811
2026-06-24T09:59:34.298563,C:\Users\이예은\A-EYE\test_images\train\bearse\bearse_38.jpg,bearse,1,bearse,0.8721420168876648
2026-06-24T09:59:34.298563,C:\Users\이예은\A-EYE\test_images\train\bearse\bearse_38.jpg,bearse,2,patch,0.7791041135787964
2026-06-24T09:59:34.298563,C:\Users\이예은\A-EYE\test_images\train\bearse\bearse_38.jpg,bearse,3,eyedrop-multi,0.4224984049797058
2026-06-24T09:59:34.298563,C:\Users\이예은\A-EYE\test_images\train\bearse\bearse_38.jpg,bearse,4,geborin,0.39409559965133667
2026-06-24T09:59:34.298563,C:\Users\이예은\A-EYE\test_images\train\bearse\bearse_38.jpg,bearse,5,tylenol,0.33773353695869446
2026-06-24T09:59:37.276417,C:\Users\이예은\A-EYE\test_images\train\bearse\bearse_39.jpg,bearse,1,bearse,0.8413023352622986
2026-06-24T09:59:37.276417,C:\Users\이예은\A-EYE\test_images\train\bearse\bearse_39.jpg,bearse,2,eyedrop-multi,0.67974853515625
2026-06-24T09:59:37.276417,C:\Users\이예은\A-EYE\test_images\train\bearse\bearse_39.jpg,bearse,3,geborin,0.6645764112472534
2026-06-24T09:59:39.887617,C:\Users\이예은\A-EYE\test_images\train\bearse\bearse_40.jpg,bearse,1,bearse,0.8404648303985596
2026-06-24T09:59:39.887617,C:\Users\이예은\A-EYE\test_images\train\bearse\bearse_40.jpg,bearse,2,eyedrop-multi,0.8400375247001648
2026-06-24T09:59:39.887617,C:\Users\이예은\A-EYE\test_images\train\bearse\bearse_40.jpg,bearse,3,pancol,0.5451998710632324
2026-06-24T09:59:39.887617,C:\Users\이예은\A-EYE\test_images\train\bearse\bearse_40.jpg,bearse,4,panpirin,0.2501181960105896
2026-06-24T09:59:42.870646,C:\Users\이예은\A-EYE\test_images\train\bearse\bearse_41.jpg,bearse,1,bearse,0.8815302848815918
2026-06-24T09:59:42.870646,C:\Users\이예은\A-EYE\test_images\train\bearse\bearse_41.jpg,bearse,2,panpirin,0.3942289650440216
2026-06-24T09:59:42.870646,C:\Users\이예은\A-EYE\test_images\train\bearse\bearse_41.jpg,bearse,3,eyedrop-multi,0.3830636143684387
2026-06-24T09:59:42.870646,C:\Users\이예은\A-EYE\test_images\train\bearse\bearse_41.jpg,bearse,4,tylenol,0.2780569791793823
2026-06-24T09:59:45.916816,C:\Users\이예은\A-EYE\test_images\train\bearse\bearse_42.jpg,bearse,1,bearse,0.859557569026947
2026-06-24T09:59:45.916816,C:\Users\이예은\A-EYE\test_images\train\bearse\bearse_42.jpg,bearse,2,tylenol,0.7285299301147461
2026-06-24T09:59:45.916816,C:\Users\이예은\A-EYE\test_images\train\bearse\bearse_42.jpg,bearse,3,festal,0.42398691177368164
2026-06-24T09:59:45.916816,C:\Users\이예은\A-EYE\test_images\train\bearse\bearse_42.jpg,bearse,4,eyedrop-multi,0.39769652485847473
2026-06-24T09:59:51.213952,C:\Users\이예은\A-EYE\test_images\train\bearse\bearse_44.jpg,bearse,1,bearse,0.888195812702179
2026-06-24T09:59:51.213952,C:\Users\이예은\A-EYE\test_images\train\bearse\bearse_44.jpg,bearse,2,panpirin,0.6396611928939819
2026-06-24T09:59:56.690119,C:\Users\이예은\A-EYE\test_images\train\bearse\bearse_45.jpg,bearse,1,bearse,0.820521891117096
2026-06-24T09:59:56.690119,C:\Users\이예은\A-EYE\test_images\train\bearse\bearse_45.jpg,bearse,2,geborin,0.3437782824039459
2026-06-24T09:59:56.690119,C:\Users\이예은\A-EYE\test_images\train\bearse\bearse_45.jpg,bearse,3,patch,0.26643821597099304
2026-06-24T10:00:02.190668,C:\Users\이예은\A-EYE\test_images\train\bearse\bearse_48.jpg,bearse,1,bearse,0.8349342942237854
2026-06-24T10:00:02.190668,C:\Users\이예은\A-EYE\test_images\train\bearse\bearse_48.jpg,bearse,2,geborin,0.6481472253799438
2026-06-24T10:00:05.771918,C:\Users\이예은\A-EYE\test_images\train\bearse\bearse_49.jpg,bearse,1,bearse,0.8650997281074524
2026-06-24T10:00:05.771918,C:\Users\이예은\A-EYE\test_images\train\bearse\bearse_49.jpg,bearse,2,pancol,0.3979889750480652
2026-06-24T10:00:08.277468,C:\Users\이예은\A-EYE\test_images\train\bearse\bearse_51.jpg,bearse,1,bearse,0.8610116243362427
2026-06-24T10:00:08.277468,C:\Users\이예은\A-EYE\test_images\train\bearse\bearse_51.jpg,bearse,2,panpirin,0.5310927033424377
2026-06-24T10:00:08.277468,C:\Users\이예은\A-EYE\test_images\train\bearse\bearse_51.jpg,bearse,3,pancol,0.5265898108482361
2026-06-24T10:00:08.277468,C:\Users\이예은\A-EYE\test_images\train\bearse\bearse_51.jpg,bearse,4,eyedrop-single,0.4505893886089325
2026-06-24T10:00:08.277468,C:\Users\이예은\A-EYE\test_images\train\bearse\bearse_51.jpg,bearse,5,eyedrop-multi,0.2531013786792755
2026-06-24T10:00:11.488451,C:\Users\이예은\A-EYE\test_images\train\bearse\bearse_52.jpg,bearse,1,bearse,0.8671755790710449
2026-06-24T10:00:11.488451,C:\Users\이예은\A-EYE\test_images\train\bearse\bearse_52.jpg,bearse,2,pancol,0.3601886034011841
2026-06-24T10:00:11.488451,C:\Users\이예은\A-EYE\test_images\train\bearse\bearse_52.jpg,bearse,3,band,0.29227086901664734
2026-06-24T10:00:14.229363,C:\Users\이예은\A-EYE\test_images\train\bearse\bearse_53.jpg,bearse,1,bearse,0.8779904842376709
2026-06-24T10:00:14.229363,C:\Users\이예은\A-EYE\test_images\train\bearse\bearse_53.jpg,bearse,2,pancol,0.4448123276233673
2026-06-24T10:00:14.229363,C:\Users\이예은\A-EYE\test_images\train\bearse\bearse_53.jpg,bearse,3,fusidin,0.2714480459690094
2026-06-24T10:00:17.149511,C:\Users\이예은\A-EYE\test_images\train\bearse\bearse_54.jpg,bearse,1,bearse,0.8396671414375305
2026-06-24T10:00:17.149511,C:\Users\이예은\A-EYE\test_images\train\bearse\bearse_54.jpg,bearse,2,eyedrop-multi,0.802566647529602
2026-06-24T10:00:17.149511,C:\Users\이예은\A-EYE\test_images\train\bearse\bearse_54.jpg,bearse,3,geborin,0.6871066689491272
2026-06-24T10:00:20.761265,C:\Users\이예은\A-EYE\test_images\train\bearse\bearse_55.jpg,bearse,1,bearse,0.8453440070152283
2026-06-24T10:00:20.762360,C:\Users\이예은\A-EYE\test_images\train\bearse\bearse_55.jpg,bearse,2,eyedrop-multi,0.6913710236549377
2026-06-24T10:00:20.762360,C:\Users\이예은\A-EYE\test_images\train\bearse\bearse_55.jpg,bearse,3,geborin,0.4853775203227997
2026-06-24T10:00:20.762360,C:\Users\이예은\A-EYE\test_images\train\bearse\bearse_55.jpg,bearse,4,fusidin,0.3451671600341797
2026-06-24T10:00:20.762360,C:\Users\이예은\A-EYE\test_images\train\bearse\bearse_55.jpg,bearse,5,festal,0.32448023557662964
2026-06-24T10:00:20.762360,C:\Users\이예은\A-EYE\test_images\train\bearse\bearse_55.jpg,bearse,6,pancol,0.3056264817714691
2026-06-24T10:00:23.720121,C:\Users\이예은\A-EYE\test_images\train\bearse\bearse_56.jpg,bearse,1,bearse,0.8500401973724365
2026-06-24T10:00:23.720121,C:\Users\이예은\A-EYE\test_images\train\bearse\bearse_56.jpg,bearse,2,eyedrop-single,0.6640654802322388
2026-06-24T10:00:23.720121,C:\Users\이예은\A-EYE\test_images\train\bearse\bearse_56.jpg,bearse,3,festal,0.6299362778663635
2026-06-24T10:00:23.720121,C:\Users\이예은\A-EYE\test_images\train\bearse\bearse_56.jpg,bearse,4,eyedrop-multi,0.29104793071746826
2026-06-24T10:00:27.104437,C:\Users\이예은\A-EYE\test_images\train\bearse\bearse_58.jpg,bearse,1,bearse,0.8364298939704895
2026-06-24T10:00:27.104437,C:\Users\이예은\A-EYE\test_images\train\bearse\bearse_58.jpg,bearse,2,eyedrop-multi,0.8024979829788208
2026-06-24T10:00:27.104437,C:\Users\이예은\A-EYE\test_images\train\bearse\bearse_58.jpg,bearse,3,eyedrop-single,0.47631919384002686
2026-06-24T10:00:30.362105,C:\Users\이예은\A-EYE\test_images\train\bearse\bearse_59.jpg,bearse,1,bearse,0.8166919946670532
2026-06-24T10:00:30.362105,C:\Users\이예은\A-EYE\test_images\train\bearse\bearse_59.jpg,bearse,2,eyedrop-multi,0.7887781262397766
2026-06-24T10:00:30.362105,C:\Users\이예은\A-EYE\test_images\train\bearse\bearse_59.jpg,bearse,3,tylenol,0.7537292838096619
2026-06-24T10:00:30.362105,C:\Users\이예은\A-EYE\test_images\train\bearse\bearse_59.jpg,bearse,4,geborin,0.46962422132492065
2026-06-24T10:00:30.362105,C:\Users\이예은\A-EYE\test_images\train\bearse\bearse_59.jpg,bearse,5,panpirin,0.3188733160495758
2026-06-24T10:00:33.020282,C:\Users\이예은\A-EYE\test_images\train\bearse\bearse_60.jpg,bearse,1,band,0.8675857186317444
2026-06-24T10:00:33.020282,C:\Users\이예은\A-EYE\test_images\train\bearse\bearse_60.jpg,bearse,2,eyedrop-multi,0.8462794423103333
2026-06-24T10:00:33.020282,C:\Users\이예은\A-EYE\test_images\train\bearse\bearse_60.jpg,bearse,3,bearse,0.8387135863304138
2026-06-24T10:00:33.020282,C:\Users\이예은\A-EYE\test_images\train\bearse\bearse_60.jpg,bearse,4,tylenol,0.8192012906074524
2026-06-24T10:00:33.020282,C:\Users\이예은\A-EYE\test_images\train\bearse\bearse_60.jpg,bearse,5,eyedrop-single,0.7028149366378784
2026-06-24T10:00:33.020282,C:\Users\이예은\A-EYE\test_images\train\bearse\bearse_60.jpg,bearse,6,fusidin,0.6507225036621094
2026-06-24T10:00:36.568012,C:\Users\이예은\A-EYE\test_images\train\bearse\bearse_61.jpg,bearse,1,bearse,0.8724853992462158
2026-06-24T10:00:36.568012,C:\Users\이예은\A-EYE\test_images\train\bearse\bearse_61.jpg,bearse,2,eyedrop-multi,0.7098738551139832
2026-06-24T10:00:36.568012,C:\Users\이예은\A-EYE\test_images\train\bearse\bearse_61.jpg,bearse,3,tylenol,0.7051770687103271
2026-06-24T10:00:36.568012,C:\Users\이예은\A-EYE\test_images\train\bearse\bearse_61.jpg,bearse,4,eyedrop-single,0.6869657039642334
2026-06-24T10:00:36.568012,C:\Users\이예은\A-EYE\test_images\train\bearse\bearse_61.jpg,bearse,5,fusidin,0.5936963558197021
2026-06-24T10:00:39.091357,C:\Users\이예은\A-EYE\test_images\train\bearse\bearse_62.jpg,bearse,1,eyedrop-multi,0.875433623790741
2026-06-24T10:00:39.091357,C:\Users\이예은\A-EYE\test_images\train\bearse\bearse_62.jpg,bearse,2,bearse,0.8332628011703491
2026-06-24T10:00:41.648542,C:\Users\이예은\A-EYE\test_images\train\bearse\bearse_63.jpg,bearse,1,eyedrop-multi,0.860024631023407
2026-06-24T10:00:41.648542,C:\Users\이예은\A-EYE\test_images\train\bearse\bearse_63.jpg,bearse,2,bearse,0.775172770023346
2026-06-24T10:00:41.648542,C:\Users\이예은\A-EYE\test_images\train\bearse\bearse_63.jpg,bearse,3,eyedrop-single,0.7570582628250122
2026-06-24T10:00:41.648542,C:\Users\이예은\A-EYE\test_images\train\bearse\bearse_63.jpg,bearse,4,fusidin,0.6127739548683167
2026-06-24T10:00:41.648542,C:\Users\이예은\A-EYE\test_images\train\bearse\bearse_63.jpg,bearse,5,festal,0.5409286618232727
2026-06-24T10:00:44.641003,C:\Users\이예은\A-EYE\test_images\train\bearse\bearse_64.jpg,bearse,1,eyedrop-multi,0.8095680475234985
2026-06-24T10:00:44.641003,C:\Users\이예은\A-EYE\test_images\train\bearse\bearse_64.jpg,bearse,2,bearse,0.6296228170394897
2026-06-24T10:00:44.641003,C:\Users\이예은\A-EYE\test_images\train\bearse\bearse_64.jpg,bearse,3,eyedrop-single,0.2851274013519287
2026-06-24T10:00:44.641003,C:\Users\이예은\A-EYE\test_images\train\bearse\bearse_64.jpg,bearse,4,fusidin,0.27188023924827576
2026-06-24T10:00:52.634530,C:\Users\이예은\A-EYE\test_images\train\eyedrop-multi\eyedrop_multi_01.jpg,eyedrop-multi,1,eyedrop-multi,0.8913818001747131
2026-06-24T10:00:52.634530,C:\Users\이예은\A-EYE\test_images\train\eyedrop-multi\eyedrop_multi_01.jpg,eyedrop-multi,2,fusidin,0.7241440415382385
2026-06-24T10:00:52.634530,C:\Users\이예은\A-EYE\test_images\train\eyedrop-multi\eyedrop_multi_01.jpg,eyedrop-multi,3,bearse,0.3613840341567993
2026-06-24T10:01:02.015724,C:\Users\이예은\A-EYE\test_images\train\eyedrop-multi\eyedrop_multi_02.jpg,eyedrop-multi,1,eyedrop-multi,0.889563798904419
2026-06-24T10:01:02.016738,C:\Users\이예은\A-EYE\test_images\train\eyedrop-multi\eyedrop_multi_02.jpg,eyedrop-multi,2,bearse,0.8291707634925842
2026-06-24T10:01:10.471897,C:\Users\이예은\A-EYE\test_images\train\eyedrop-multi\eyedrop_multi_03.jpg,eyedrop-multi,1,eyedrop-multi,0.8616202473640442
2026-06-24T10:01:10.471897,C:\Users\이예은\A-EYE\test_images\train\eyedrop-multi\eyedrop_multi_03.jpg,eyedrop-multi,2,bearse,0.7035685181617737
2026-06-24T10:01:10.471897,C:\Users\이예은\A-EYE\test_images\train\eyedrop-multi\eyedrop_multi_03.jpg,eyedrop-multi,3,band,0.6071768403053284
2026-06-24T10:01:10.471897,C:\Users\이예은\A-EYE\test_images\train\eyedrop-multi\eyedrop_multi_03.jpg,eyedrop-multi,4,geborin,0.272096186876297
2026-06-24T10:01:18.155328,C:\Users\이예은\A-EYE\test_images\train\eyedrop-multi\eyedrop_multi_04.jpg,eyedrop-multi,1,eyedrop-multi,0.8454626798629761
2026-06-24T10:01:18.155328,C:\Users\이예은\A-EYE\test_images\train\eyedrop-multi\eyedrop_multi_04.jpg,eyedrop-multi,2,fusidin,0.634148895740509
2026-06-24T10:01:18.155328,C:\Users\이예은\A-EYE\test_images\train\eyedrop-multi\eyedrop_multi_04.jpg,eyedrop-multi,3,madecassol,0.5144158601760864
2026-06-24T10:01:26.387598,C:\Users\이예은\A-EYE\test_images\train\eyedrop-multi\eyedrop_multi_06.jpg,eyedrop-multi,1,eyedrop-multi,0.8720783591270447
2026-06-24T10:01:26.387598,C:\Users\이예은\A-EYE\test_images\train\eyedrop-multi\eyedrop_multi_06.jpg,eyedrop-multi,2,bearse,0.789290189743042
2026-06-24T10:01:26.387598,C:\Users\이예은\A-EYE\test_images\train\eyedrop-multi\eyedrop_multi_06.jpg,eyedrop-multi,3,fusidin,0.7692916989326477
2026-06-24T10:01:26.387598,C:\Users\이예은\A-EYE\test_images\train\eyedrop-multi\eyedrop_multi_06.jpg,eyedrop-multi,4,band,0.6070780158042908
2026-06-24T10:01:26.387598,C:\Users\이예은\A-EYE\test_images\train\eyedrop-multi\eyedrop_multi_06.jpg,eyedrop-multi,5,geborin,0.4913012981414795
2026-06-24T10:01:26.387598,C:\Users\이예은\A-EYE\test_images\train\eyedrop-multi\eyedrop_multi_06.jpg,eyedrop-multi,6,madecassol,0.31751054525375366
2026-06-24T10:01:33.737318,C:\Users\이예은\A-EYE\test_images\train\eyedrop-multi\eyedrop_multi_08.jpg,eyedrop-multi,1,eyedrop-multi,0.8726727962493896
2026-06-24T10:01:33.737318,C:\Users\이예은\A-EYE\test_images\train\eyedrop-multi\eyedrop_multi_08.jpg,eyedrop-multi,2,fusidin,0.5420204997062683
2026-06-24T10:01:40.880150,C:\Users\이예은\A-EYE\test_images\train\eyedrop-multi\eyedrop_multi_09.jpg,eyedrop-multi,1,eyedrop-multi,0.9002915620803833
2026-06-24T10:01:40.880150,C:\Users\이예은\A-EYE\test_images\train\eyedrop-multi\eyedrop_multi_09.jpg,eyedrop-multi,2,band,0.6870416402816772
2026-06-24T10:01:40.880150,C:\Users\이예은\A-EYE\test_images\train\eyedrop-multi\eyedrop_multi_09.jpg,eyedrop-multi,3,bearse,0.6370826959609985
2026-06-24T10:01:51.009235,C:\Users\이예은\A-EYE\test_images\train\eyedrop-multi\eyedrop_multi_10.jpg,eyedrop-multi,1,eyedrop-multi,0.8908424377441406
2026-06-24T10:01:51.009235,C:\Users\이예은\A-EYE\test_images\train\eyedrop-multi\eyedrop_multi_10.jpg,eyedrop-multi,2,eyedrop-single,0.7809643149375916
2026-06-24T10:01:51.009235,C:\Users\이예은\A-EYE\test_images\train\eyedrop-multi\eyedrop_multi_10.jpg,eyedrop-multi,3,bearse,0.4815935790538788
2026-06-24T10:02:00.385552,C:\Users\이예은\A-EYE\test_images\train\eyedrop-multi\eyedrop_multi_11.jpg,eyedrop-multi,1,eyedrop-multi,0.8743851184844971
2026-06-24T10:02:00.385552,C:\Users\이예은\A-EYE\test_images\train\eyedrop-multi\eyedrop_multi_11.jpg,eyedrop-multi,2,eyedrop-single,0.6937801241874695
2026-06-24T10:02:00.385552,C:\Users\이예은\A-EYE\test_images\train\eyedrop-multi\eyedrop_multi_11.jpg,eyedrop-multi,3,fusidin,0.6122621893882751
2026-06-24T10:02:08.219097,C:\Users\이예은\A-EYE\test_images\train\eyedrop-multi\eyedrop_multi_13.jpg,eyedrop-multi,1,eyedrop-multi,0.8904512524604797
2026-06-24T10:02:08.220093,C:\Users\이예은\A-EYE\test_images\train\eyedrop-multi\eyedrop_multi_13.jpg,eyedrop-multi,2,madecassol,0.6994900107383728
2026-06-24T10:02:08.220093,C:\Users\이예은\A-EYE\test_images\train\eyedrop-multi\eyedrop_multi_13.jpg,eyedrop-multi,3,eyedrop-single,0.597609281539917
2026-06-24T10:02:08.220093,C:\Users\이예은\A-EYE\test_images\train\eyedrop-multi\eyedrop_multi_13.jpg,eyedrop-multi,4,fusidin,0.3537169396877289
2026-06-24T10:02:15.682778,C:\Users\이예은\A-EYE\test_images\train\eyedrop-multi\eyedrop_multi_14.jpg,eyedrop-multi,1,eyedrop-multi,0.8843520283699036
2026-06-24T10:02:15.682778,C:\Users\이예은\A-EYE\test_images\train\eyedrop-multi\eyedrop_multi_14.jpg,eyedrop-multi,2,eyedrop-single,0.6391677856445312
2026-06-24T10:02:15.682778,C:\Users\이예은\A-EYE\test_images\train\eyedrop-multi\eyedrop_multi_14.jpg,eyedrop-multi,3,pancol,0.3659197688102722
2026-06-24T10:02:15.682778,C:\Users\이예은\A-EYE\test_images\train\eyedrop-multi\eyedrop_multi_14.jpg,eyedrop-multi,4,geborin,0.2949683964252472
2026-06-24T10:02:22.952945,C:\Users\이예은\A-EYE\test_images\train\eyedrop-multi\eyedrop_multi_16.jpg,eyedrop-multi,1,eyedrop-multi,0.9001306891441345
2026-06-24T10:02:22.952945,C:\Users\이예은\A-EYE\test_images\train\eyedrop-multi\eyedrop_multi_16.jpg,eyedrop-multi,2,fusidin,0.8395457863807678
2026-06-24T10:02:30.484168,C:\Users\이예은\A-EYE\test_images\train\eyedrop-multi\eyedrop_multi_17.jpg,eyedrop-multi,1,eyedrop-multi,0.9129206538200378
2026-06-24T10:02:30.484168,C:\Users\이예은\A-EYE\test_images\train\eyedrop-multi\eyedrop_multi_17.jpg,eyedrop-multi,2,fusidin,0.6941241025924683
2026-06-24T10:02:30.484168,C:\Users\이예은\A-EYE\test_images\train\eyedrop-multi\eyedrop_multi_17.jpg,eyedrop-multi,3,eyedrop-single,0.6669142842292786
2026-06-24T10:02:30.484168,C:\Users\이예은\A-EYE\test_images\train\eyedrop-multi\eyedrop_multi_17.jpg,eyedrop-multi,4,band,0.3852333724498749
2026-06-24T10:02:36.223657,C:\Users\이예은\A-EYE\test_images\train\eyedrop-multi\eyedrop_multi_19.jpg,eyedrop-multi,1,eyedrop-multi,0.8982970714569092
2026-06-24T10:02:36.223657,C:\Users\이예은\A-EYE\test_images\train\eyedrop-multi\eyedrop_multi_19.jpg,eyedrop-multi,2,eyedrop-single,0.7195239067077637
2026-06-24T10:02:36.223657,C:\Users\이예은\A-EYE\test_images\train\eyedrop-multi\eyedrop_multi_19.jpg,eyedrop-multi,3,madecassol,0.6793604493141174
2026-06-24T10:02:36.223657,C:\Users\이예은\A-EYE\test_images\train\eyedrop-multi\eyedrop_multi_19.jpg,eyedrop-multi,4,fusidin,0.6023125648498535
2026-06-24T10:02:43.850964,C:\Users\이예은\A-EYE\test_images\train\eyedrop-multi\eyedrop_multi_22.jpg,eyedrop-multi,1,eyedrop-multi,0.9162254929542542
2026-06-24T10:02:43.850964,C:\Users\이예은\A-EYE\test_images\train\eyedrop-multi\eyedrop_multi_22.jpg,eyedrop-multi,2,madecassol,0.8074856400489807
2026-06-24T10:02:43.850964,C:\Users\이예은\A-EYE\test_images\train\eyedrop-multi\eyedrop_multi_22.jpg,eyedrop-multi,3,eyedrop-single,0.7176516652107239
2026-06-24T10:02:51.019797,C:\Users\이예은\A-EYE\test_images\train\eyedrop-multi\eyedrop_multi_23.jpg,eyedrop-multi,1,eyedrop-multi,0.8794312477111816
2026-06-24T10:02:51.019797,C:\Users\이예은\A-EYE\test_images\train\eyedrop-multi\eyedrop_multi_23.jpg,eyedrop-multi,2,madecassol,0.8181952238082886
2026-06-24T10:02:51.019797,C:\Users\이예은\A-EYE\test_images\train\eyedrop-multi\eyedrop_multi_23.jpg,eyedrop-multi,3,eyedrop-single,0.7141600251197815
2026-06-24T10:02:51.019797,C:\Users\이예은\A-EYE\test_images\train\eyedrop-multi\eyedrop_multi_23.jpg,eyedrop-multi,4,bearse,0.5372532606124878
2026-06-24T10:02:51.019797,C:\Users\이예은\A-EYE\test_images\train\eyedrop-multi\eyedrop_multi_23.jpg,eyedrop-multi,5,festal,0.3069725036621094
2026-06-24T10:02:58.112925,C:\Users\이예은\A-EYE\test_images\train\eyedrop-multi\eyedrop_multi_24.jpg,eyedrop-multi,1,eyedrop-multi,0.901945948600769
2026-06-24T10:02:58.128687,C:\Users\이예은\A-EYE\test_images\train\eyedrop-multi\eyedrop_multi_24.jpg,eyedrop-multi,2,eyedrop-single,0.7728646993637085
2026-06-24T10:02:58.128687,C:\Users\이예은\A-EYE\test_images\train\eyedrop-multi\eyedrop_multi_24.jpg,eyedrop-multi,3,madecassol,0.7524674534797668
2026-06-24T10:03:05.881812,C:\Users\이예은\A-EYE\test_images\train\eyedrop-multi\eyedrop_multi_26.jpg,eyedrop-multi,1,eyedrop-multi,0.8855603933334351
2026-06-24T10:03:05.881812,C:\Users\이예은\A-EYE\test_images\train\eyedrop-multi\eyedrop_multi_26.jpg,eyedrop-multi,2,fusidin,0.7499465346336365
2026-06-24T10:03:05.881812,C:\Users\이예은\A-EYE\test_images\train\eyedrop-multi\eyedrop_multi_26.jpg,eyedrop-multi,3,eyedrop-single,0.5538149476051331
2026-06-24T10:03:05.881812,C:\Users\이예은\A-EYE\test_images\train\eyedrop-multi\eyedrop_multi_26.jpg,eyedrop-multi,4,panpirin,0.30427178740501404
2026-06-24T10:03:13.587674,C:\Users\이예은\A-EYE\test_images\train\eyedrop-multi\eyedrop_multi_27.jpg,eyedrop-multi,1,eyedrop-multi,0.9239802360534668
2026-06-24T10:03:13.587674,C:\Users\이예은\A-EYE\test_images\train\eyedrop-multi\eyedrop_multi_27.jpg,eyedrop-multi,2,panpirin,0.47702160477638245
2026-06-24T10:03:21.479479,C:\Users\이예은\A-EYE\test_images\train\eyedrop-multi\eyedrop_multi_29.jpg,eyedrop-multi,1,eyedrop-multi,0.9002437591552734
2026-06-24T10:03:21.479479,C:\Users\이예은\A-EYE\test_images\train\eyedrop-multi\eyedrop_multi_29.jpg,eyedrop-multi,2,eyedrop-single,0.6281006336212158
2026-06-24T10:03:21.479479,C:\Users\이예은\A-EYE\test_images\train\eyedrop-multi\eyedrop_multi_29.jpg,eyedrop-multi,3,pancol,0.5730316638946533
2026-06-24T10:03:28.726679,C:\Users\이예은\A-EYE\test_images\train\eyedrop-multi\eyedrop_multi_30.jpg,eyedrop-multi,1,eyedrop-multi,0.9034044146537781
2026-06-24T10:03:28.726679,C:\Users\이예은\A-EYE\test_images\train\eyedrop-multi\eyedrop_multi_30.jpg,eyedrop-multi,2,geborin,0.319338321685791
2026-06-24T10:03:33.939567,C:\Users\이예은\A-EYE\test_images\train\eyedrop-multi\eyedrop_multi_31.jpg,eyedrop-multi,1,eyedrop-multi,0.8931059241294861
2026-06-24T10:03:33.939567,C:\Users\이예은\A-EYE\test_images\train\eyedrop-multi\eyedrop_multi_31.jpg,eyedrop-multi,2,bearse,0.8511725068092346
2026-06-24T10:03:33.939567,C:\Users\이예은\A-EYE\test_images\train\eyedrop-multi\eyedrop_multi_31.jpg,eyedrop-multi,3,eyedrop-single,0.7136334180831909
2026-06-24T10:03:33.939567,C:\Users\이예은\A-EYE\test_images\train\eyedrop-multi\eyedrop_multi_31.jpg,eyedrop-multi,4,pancol,0.5486425161361694
2026-06-24T10:03:33.939567,C:\Users\이예은\A-EYE\test_images\train\eyedrop-multi\eyedrop_multi_31.jpg,eyedrop-multi,5,fusidin,0.4242229461669922
2026-06-24T10:03:33.939567,C:\Users\이예은\A-EYE\test_images\train\eyedrop-multi\eyedrop_multi_31.jpg,eyedrop-multi,6,ezen6,0.3928758203983307
2026-06-24T10:03:38.852179,C:\Users\이예은\A-EYE\test_images\train\eyedrop-multi\eyedrop_multi_32.jpg,eyedrop-multi,1,eyedrop-multi,0.9355356097221375
2026-06-24T10:03:38.852179,C:\Users\이예은\A-EYE\test_images\train\eyedrop-multi\eyedrop_multi_32.jpg,eyedrop-multi,2,eyedrop-single,0.5668357014656067
2026-06-24T10:03:38.852179,C:\Users\이예은\A-EYE\test_images\train\eyedrop-multi\eyedrop_multi_32.jpg,eyedrop-multi,3,tylenol,0.5036363005638123
2026-06-24T10:03:43.818103,C:\Users\이예은\A-EYE\test_images\train\eyedrop-multi\eyedrop_multi_33.jpg,eyedrop-multi,1,eyedrop-multi,0.9152262806892395
2026-06-24T10:03:43.818103,C:\Users\이예은\A-EYE\test_images\train\eyedrop-multi\eyedrop_multi_33.jpg,eyedrop-multi,2,bearse,0.6796390414237976
2026-06-24T10:03:43.818103,C:\Users\이예은\A-EYE\test_images\train\eyedrop-multi\eyedrop_multi_33.jpg,eyedrop-multi,3,festal,0.6273008584976196
2026-06-24T10:03:43.818103,C:\Users\이예은\A-EYE\test_images\train\eyedrop-multi\eyedrop_multi_33.jpg,eyedrop-multi,4,ezen6,0.6007896065711975
2026-06-24T10:03:43.818103,C:\Users\이예은\A-EYE\test_images\train\eyedrop-multi\eyedrop_multi_33.jpg,eyedrop-multi,5,eyedrop-single,0.5854855179786682
2026-06-24T10:03:43.818103,C:\Users\이예은\A-EYE\test_images\train\eyedrop-multi\eyedrop_multi_33.jpg,eyedrop-multi,6,tylenol,0.5218039155006409
2026-06-24T10:03:43.818103,C:\Users\이예은\A-EYE\test_images\train\eyedrop-multi\eyedrop_multi_33.jpg,eyedrop-multi,7,pancol,0.45987558364868164
2026-06-24T10:03:51.457367,C:\Users\이예은\A-EYE\test_images\train\eyedrop-multi\eyedrop_multi_34.jpg,eyedrop-multi,1,eyedrop-multi,0.8350729942321777
2026-06-24T10:03:51.457367,C:\Users\이예은\A-EYE\test_images\train\eyedrop-multi\eyedrop_multi_34.jpg,eyedrop-multi,2,ezen6,0.7080584168434143
2026-06-24T10:03:51.457367,C:\Users\이예은\A-EYE\test_images\train\eyedrop-multi\eyedrop_multi_34.jpg,eyedrop-multi,3,band,0.3891442120075226
2026-06-24T10:03:51.457367,C:\Users\이예은\A-EYE\test_images\train\eyedrop-multi\eyedrop_multi_34.jpg,eyedrop-multi,4,panpirin,0.285745233297348
2026-06-24T10:03:58.599512,C:\Users\이예은\A-EYE\test_images\train\eyedrop-multi\eyedrop_multi_35.jpg,eyedrop-multi,1,eyedrop-multi,0.9165124893188477
2026-06-24T10:03:58.599512,C:\Users\이예은\A-EYE\test_images\train\eyedrop-multi\eyedrop_multi_35.jpg,eyedrop-multi,2,eyedrop-single,0.5762203931808472
2026-06-24T10:03:58.599512,C:\Users\이예은\A-EYE\test_images\train\eyedrop-multi\eyedrop_multi_35.jpg,eyedrop-multi,3,bearse,0.444274365901947
2026-06-24T10:03:58.599512,C:\Users\이예은\A-EYE\test_images\train\eyedrop-multi\eyedrop_multi_35.jpg,eyedrop-multi,4,geborin,0.25935861468315125
2026-06-24T10:04:06.013739,C:\Users\이예은\A-EYE\test_images\train\eyedrop-multi\eyedrop_multi_36.jpg,eyedrop-multi,1,eyedrop-multi,0.8755418062210083
2026-06-24T10:04:06.013739,C:\Users\이예은\A-EYE\test_images\train\eyedrop-multi\eyedrop_multi_36.jpg,eyedrop-multi,2,bearse,0.5177704095840454
2026-06-24T10:04:06.013739,C:\Users\이예은\A-EYE\test_images\train\eyedrop-multi\eyedrop_multi_36.jpg,eyedrop-multi,3,geborin,0.3367433547973633
2026-06-24T10:04:06.013739,C:\Users\이예은\A-EYE\test_images\train\eyedrop-multi\eyedrop_multi_36.jpg,eyedrop-multi,4,eyedrop-single,0.2910424470901489
2026-06-24T10:04:10.808458,C:\Users\이예은\A-EYE\test_images\train\eyedrop-multi\eyedrop_multi_37.jpg,eyedrop-multi,1,eyedrop-multi,0.8521300554275513
2026-06-24T10:04:10.808458,C:\Users\이예은\A-EYE\test_images\train\eyedrop-multi\eyedrop_multi_37.jpg,eyedrop-multi,2,eyedrop-single,0.47379934787750244
2026-06-24T10:04:15.653976,C:\Users\이예은\A-EYE\test_images\train\eyedrop-multi\eyedrop_multi_38.jpg,eyedrop-multi,1,eyedrop-multi,0.915194034576416
2026-06-24T10:04:15.653976,C:\Users\이예은\A-EYE\test_images\train\eyedrop-multi\eyedrop_multi_38.jpg,eyedrop-multi,2,eyedrop-single,0.7118610739707947
2026-06-24T10:04:15.653976,C:\Users\이예은\A-EYE\test_images\train\eyedrop-multi\eyedrop_multi_38.jpg,eyedrop-multi,3,bearse,0.7060390114784241
2026-06-24T10:04:23.107667,C:\Users\이예은\A-EYE\test_images\train\eyedrop-multi\eyedrop_multi_40.jpg,eyedrop-multi,1,eyedrop-multi,0.8917273879051208
2026-06-24T10:04:23.107667,C:\Users\이예은\A-EYE\test_images\train\eyedrop-multi\eyedrop_multi_40.jpg,eyedrop-multi,2,band,0.7891537547111511
2026-06-24T10:04:23.107667,C:\Users\이예은\A-EYE\test_images\train\eyedrop-multi\eyedrop_multi_40.jpg,eyedrop-multi,3,patch,0.746630847454071
2026-06-24T10:04:23.107667,C:\Users\이예은\A-EYE\test_images\train\eyedrop-multi\eyedrop_multi_40.jpg,eyedrop-multi,4,geborin,0.7149176597595215
2026-06-24T10:04:23.107667,C:\Users\이예은\A-EYE\test_images\train\eyedrop-multi\eyedrop_multi_40.jpg,eyedrop-multi,5,bearse,0.7050291895866394
2026-06-24T10:04:23.107667,C:\Users\이예은\A-EYE\test_images\train\eyedrop-multi\eyedrop_multi_40.jpg,eyedrop-multi,6,eyedrop-single,0.5667034983634949
2026-06-24T10:04:23.107667,C:\Users\이예은\A-EYE\test_images\train\eyedrop-multi\eyedrop_multi_40.jpg,eyedrop-multi,7,festal,0.3452472686767578
2026-06-24T10:04:23.107667,C:\Users\이예은\A-EYE\test_images\train\eyedrop-multi\eyedrop_multi_40.jpg,eyedrop-multi,8,panpirin,0.3078908920288086
2026-06-24T10:04:23.107667,C:\Users\이예은\A-EYE\test_images\train\eyedrop-multi\eyedrop_multi_40.jpg,eyedrop-multi,9,pancol,0.2658795416355133
2026-06-24T10:04:31.115242,C:\Users\이예은\A-EYE\test_images\train\eyedrop-multi\eyedrop_multi_41.jpg,eyedrop-multi,1,eyedrop-multi,0.9009217023849487
2026-06-24T10:04:31.115242,C:\Users\이예은\A-EYE\test_images\train\eyedrop-multi\eyedrop_multi_41.jpg,eyedrop-multi,2,band,0.7063155770301819
2026-06-24T10:04:31.115242,C:\Users\이예은\A-EYE\test_images\train\eyedrop-multi\eyedrop_multi_41.jpg,eyedrop-multi,3,patch,0.6670427322387695
2026-06-24T10:04:31.115242,C:\Users\이예은\A-EYE\test_images\train\eyedrop-multi\eyedrop_multi_41.jpg,eyedrop-multi,4,eyedrop-single,0.6409838199615479
2026-06-24T10:04:31.115242,C:\Users\이예은\A-EYE\test_images\train\eyedrop-multi\eyedrop_multi_41.jpg,eyedrop-multi,5,geborin,0.6335324645042419
2026-06-24T10:04:31.115242,C:\Users\이예은\A-EYE\test_images\train\eyedrop-multi\eyedrop_multi_41.jpg,eyedrop-multi,6,festal,0.6180641055107117
2026-06-24T10:04:31.115242,C:\Users\이예은\A-EYE\test_images\train\eyedrop-multi\eyedrop_multi_41.jpg,eyedrop-multi,7,tylenol,0.37800484895706177
2026-06-24T10:04:39.247335,C:\Users\이예은\A-EYE\test_images\train\eyedrop-multi\eyedrop_multi_42.jpg,eyedrop-multi,1,eyedrop-multi,0.8625212907791138
2026-06-24T10:04:39.247335,C:\Users\이예은\A-EYE\test_images\train\eyedrop-multi\eyedrop_multi_42.jpg,eyedrop-multi,2,eyedrop-single,0.6055542230606079
2026-06-24T10:04:39.247335,C:\Users\이예은\A-EYE\test_images\train\eyedrop-multi\eyedrop_multi_42.jpg,eyedrop-multi,3,fusidin,0.490749329328537
2026-06-24T10:04:39.247335,C:\Users\이예은\A-EYE\test_images\train\eyedrop-multi\eyedrop_multi_42.jpg,eyedrop-multi,4,band,0.296882688999176
2026-06-24T10:04:47.268504,C:\Users\이예은\A-EYE\test_images\train\eyedrop-multi\eyedrop_multi_43.jpg,eyedrop-multi,1,eyedrop-multi,0.8873712420463562
2026-06-24T10:04:47.268504,C:\Users\이예은\A-EYE\test_images\train\eyedrop-multi\eyedrop_multi_43.jpg,eyedrop-multi,2,festal,0.6900951266288757
2026-06-24T10:04:47.268504,C:\Users\이예은\A-EYE\test_images\train\eyedrop-multi\eyedrop_multi_43.jpg,eyedrop-multi,3,eyedrop-single,0.4960695803165436
2026-06-24T10:04:55.448103,C:\Users\이예은\A-EYE\test_images\train\eyedrop-multi\eyedrop_multi_45.jpg,eyedrop-multi,1,eyedrop-multi,0.8653832674026489
2026-06-24T10:04:55.448103,C:\Users\이예은\A-EYE\test_images\train\eyedrop-multi\eyedrop_multi_45.jpg,eyedrop-multi,2,patch,0.7012138962745667
2026-06-24T10:04:55.448103,C:\Users\이예은\A-EYE\test_images\train\eyedrop-multi\eyedrop_multi_45.jpg,eyedrop-multi,3,eyedrop-single,0.6261019110679626
2026-06-24T10:04:55.448103,C:\Users\이예은\A-EYE\test_images\train\eyedrop-multi\eyedrop_multi_45.jpg,eyedrop-multi,4,festal,0.6217647194862366
2026-06-24T10:04:55.448103,C:\Users\이예은\A-EYE\test_images\train\eyedrop-multi\eyedrop_multi_45.jpg,eyedrop-multi,5,geborin,0.6051113605499268
2026-06-24T10:04:55.448103,C:\Users\이예은\A-EYE\test_images\train\eyedrop-multi\eyedrop_multi_45.jpg,eyedrop-multi,6,panpirin,0.3994782567024231
2026-06-24T10:04:55.448103,C:\Users\이예은\A-EYE\test_images\train\eyedrop-multi\eyedrop_multi_45.jpg,eyedrop-multi,7,fusidin,0.3758525550365448
2026-06-24T10:04:55.448103,C:\Users\이예은\A-EYE\test_images\train\eyedrop-multi\eyedrop_multi_45.jpg,eyedrop-multi,8,band,0.3059411942958832
2026-06-24T10:04:55.448103,C:\Users\이예은\A-EYE\test_images\train\eyedrop-multi\eyedrop_multi_45.jpg,eyedrop-multi,9,ezen6,0.2563036382198334
2026-06-24T10:05:03.493840,C:\Users\이예은\A-EYE\test_images\train\eyedrop-multi\eyedrop_multi_46.jpg,eyedrop-multi,1,eyedrop-multi,0.8329851627349854
2026-06-24T10:05:03.493840,C:\Users\이예은\A-EYE\test_images\train\eyedrop-multi\eyedrop_multi_46.jpg,eyedrop-multi,2,eyedrop-single,0.5183259844779968
2026-06-24T10:05:03.493840,C:\Users\이예은\A-EYE\test_images\train\eyedrop-multi\eyedrop_multi_46.jpg,eyedrop-multi,3,tylenol,0.5135142803192139
2026-06-24T10:05:03.493840,C:\Users\이예은\A-EYE\test_images\train\eyedrop-multi\eyedrop_multi_46.jpg,eyedrop-multi,4,band,0.3961517810821533
2026-06-24T10:05:03.493840,C:\Users\이예은\A-EYE\test_images\train\eyedrop-multi\eyedrop_multi_46.jpg,eyedrop-multi,5,ezen6,0.3708125650882721
2026-06-24T10:05:03.493840,C:\Users\이예은\A-EYE\test_images\train\eyedrop-multi\eyedrop_multi_46.jpg,eyedrop-multi,6,pancol,0.2630564272403717
2026-06-24T10:05:11.026432,C:\Users\이예은\A-EYE\test_images\train\eyedrop-multi\eyedrop_multi_47.jpg,eyedrop-multi,1,eyedrop-multi,0.8825479745864868
2026-06-24T10:05:11.026432,C:\Users\이예은\A-EYE\test_images\train\eyedrop-multi\eyedrop_multi_47.jpg,eyedrop-multi,2,eyedrop-single,0.8359743356704712
2026-06-24T10:05:11.026432,C:\Users\이예은\A-EYE\test_images\train\eyedrop-multi\eyedrop_multi_47.jpg,eyedrop-multi,3,ezen6,0.7644059658050537
2026-06-24T10:05:11.026432,C:\Users\이예은\A-EYE\test_images\train\eyedrop-multi\eyedrop_multi_47.jpg,eyedrop-multi,4,band,0.7149093747138977
2026-06-24T10:05:11.026432,C:\Users\이예은\A-EYE\test_images\train\eyedrop-multi\eyedrop_multi_47.jpg,eyedrop-multi,5,geborin,0.5612391233444214
2026-06-24T10:05:11.026432,C:\Users\이예은\A-EYE\test_images\train\eyedrop-multi\eyedrop_multi_47.jpg,eyedrop-multi,6,tylenol,0.3865472972393036
2026-06-24T10:05:11.026432,C:\Users\이예은\A-EYE\test_images\train\eyedrop-multi\eyedrop_multi_47.jpg,eyedrop-multi,7,festal,0.3561471700668335
2026-06-24T10:05:18.261368,C:\Users\이예은\A-EYE\test_images\train\eyedrop-multi\eyedrop_multi_48.jpg,eyedrop-multi,1,eyedrop-multi,0.8517109751701355
2026-06-24T10:05:18.261368,C:\Users\이예은\A-EYE\test_images\train\eyedrop-multi\eyedrop_multi_48.jpg,eyedrop-multi,2,band,0.6660617589950562
2026-06-24T10:05:18.261368,C:\Users\이예은\A-EYE\test_images\train\eyedrop-multi\eyedrop_multi_48.jpg,eyedrop-multi,3,eyedrop-single,0.6443028450012207
2026-06-24T10:05:18.261368,C:\Users\이예은\A-EYE\test_images\train\eyedrop-multi\eyedrop_multi_48.jpg,eyedrop-multi,4,pancol,0.3201332688331604
2026-06-24T10:05:25.893983,C:\Users\이예은\A-EYE\test_images\train\eyedrop-multi\eyedrop_multi_49.jpg,eyedrop-multi,1,eyedrop-multi,0.8437851071357727
2026-06-24T10:05:25.893983,C:\Users\이예은\A-EYE\test_images\train\eyedrop-multi\eyedrop_multi_49.jpg,eyedrop-multi,2,fusidin,0.833694577217102
2026-06-24T10:05:25.893983,C:\Users\이예은\A-EYE\test_images\train\eyedrop-multi\eyedrop_multi_49.jpg,eyedrop-multi,3,band,0.8267101645469666
2026-06-24T10:05:25.893983,C:\Users\이예은\A-EYE\test_images\train\eyedrop-multi\eyedrop_multi_49.jpg,eyedrop-multi,4,pancol,0.2828640043735504
2026-06-24T10:05:25.893983,C:\Users\이예은\A-EYE\test_images\train\eyedrop-multi\eyedrop_multi_49.jpg,eyedrop-multi,5,geborin,0.25500786304473877
2026-06-24T10:05:33.337651,C:\Users\이예은\A-EYE\test_images\train\eyedrop-multi\eyedrop_multi_50.jpg,eyedrop-multi,1,eyedrop-multi,0.8398613333702087
2026-06-24T10:05:33.337651,C:\Users\이예은\A-EYE\test_images\train\eyedrop-multi\eyedrop_multi_50.jpg,eyedrop-multi,2,eyedrop-single,0.7962261438369751
2026-06-24T10:05:33.337651,C:\Users\이예은\A-EYE\test_images\train\eyedrop-multi\eyedrop_multi_50.jpg,eyedrop-multi,3,bearse,0.6575506925582886
2026-06-24T10:05:38.983596,C:\Users\이예은\A-EYE\test_images\train\eyedrop-multi\eyedrop_multi_52.jpg,eyedrop-multi,1,eyedrop-multi,0.8933504223823547
2026-06-24T10:05:44.533723,C:\Users\이예은\A-EYE\test_images\train\eyedrop-multi\eyedrop_multi_53.jpg,eyedrop-multi,1,eyedrop-multi,0.8805428743362427
2026-06-24T10:05:44.533723,C:\Users\이예은\A-EYE\test_images\train\eyedrop-multi\eyedrop_multi_53.jpg,eyedrop-multi,2,tylenol,0.5761328339576721
2026-06-24T10:05:44.533723,C:\Users\이예은\A-EYE\test_images\train\eyedrop-multi\eyedrop_multi_53.jpg,eyedrop-multi,3,fusidin,0.5160939693450928
2026-06-24T10:05:51.632593,C:\Users\이예은\A-EYE\test_images\train\eyedrop-multi\eyedrop_multi_54.jpg,eyedrop-multi,1,eyedrop-multi,0.8791700601577759
2026-06-24T10:05:51.632593,C:\Users\이예은\A-EYE\test_images\train\eyedrop-multi\eyedrop_multi_54.jpg,eyedrop-multi,2,eyedrop-single,0.6994885802268982
2026-06-24T10:05:51.632593,C:\Users\이예은\A-EYE\test_images\train\eyedrop-multi\eyedrop_multi_54.jpg,eyedrop-multi,3,pancol,0.4475785195827484
2026-06-24T10:05:58.933346,C:\Users\이예은\A-EYE\test_images\train\eyedrop-multi\eyedrop_multi_55.jpg,eyedrop-multi,1,eyedrop-multi,0.8696094155311584
2026-06-24T10:05:58.933346,C:\Users\이예은\A-EYE\test_images\train\eyedrop-multi\eyedrop_multi_55.jpg,eyedrop-multi,2,eyedrop-single,0.6659990549087524
2026-06-24T10:05:58.933346,C:\Users\이예은\A-EYE\test_images\train\eyedrop-multi\eyedrop_multi_55.jpg,eyedrop-multi,3,bearse,0.38038668036460876
2026-06-24T10:05:58.933346,C:\Users\이예은\A-EYE\test_images\train\eyedrop-multi\eyedrop_multi_55.jpg,eyedrop-multi,4,pancol,0.27055007219314575
2026-06-24T10:06:06.435290,C:\Users\이예은\A-EYE\test_images\train\eyedrop-multi\eyedrop_multi_56.jpg,eyedrop-multi,1,eyedrop-multi,0.8738192319869995
2026-06-24T10:06:06.435290,C:\Users\이예은\A-EYE\test_images\train\eyedrop-multi\eyedrop_multi_56.jpg,eyedrop-multi,2,bearse,0.7915385961532593
2026-06-24T10:06:06.435290,C:\Users\이예은\A-EYE\test_images\train\eyedrop-multi\eyedrop_multi_56.jpg,eyedrop-multi,3,eyedrop-single,0.4530477225780487
2026-06-24T10:06:13.815026,C:\Users\이예은\A-EYE\test_images\train\eyedrop-multi\eyedrop_multi_57.jpg,eyedrop-multi,1,eyedrop-multi,0.9185956120491028
2026-06-24T10:06:13.815026,C:\Users\이예은\A-EYE\test_images\train\eyedrop-multi\eyedrop_multi_57.jpg,eyedrop-multi,2,bearse,0.7214989066123962
2026-06-24T10:06:13.815026,C:\Users\이예은\A-EYE\test_images\train\eyedrop-multi\eyedrop_multi_57.jpg,eyedrop-multi,3,eyedrop-single,0.3345741033554077
2026-06-24T10:06:13.815026,C:\Users\이예은\A-EYE\test_images\train\eyedrop-multi\eyedrop_multi_57.jpg,eyedrop-multi,4,pancol,0.2528833746910095
2026-06-24T10:06:20.982072,C:\Users\이예은\A-EYE\test_images\train\eyedrop-multi\eyedrop_multi_59.jpg,eyedrop-multi,1,eyedrop-multi,0.8762599229812622
2026-06-24T10:06:20.982072,C:\Users\이예은\A-EYE\test_images\train\eyedrop-multi\eyedrop_multi_59.jpg,eyedrop-multi,2,eyedrop-single,0.744366466999054
2026-06-24T10:06:20.982072,C:\Users\이예은\A-EYE\test_images\train\eyedrop-multi\eyedrop_multi_59.jpg,eyedrop-multi,3,tylenol,0.6933934092521667
2026-06-24T10:06:20.982072,C:\Users\이예은\A-EYE\test_images\train\eyedrop-multi\eyedrop_multi_59.jpg,eyedrop-multi,4,geborin,0.4010438323020935
2026-06-24T10:06:20.982072,C:\Users\이예은\A-EYE\test_images\train\eyedrop-multi\eyedrop_multi_59.jpg,eyedrop-multi,5,pancol,0.2952032685279846
2026-06-24T10:06:28.172948,C:\Users\이예은\A-EYE\test_images\train\eyedrop-multi\eyedrop_multi_60.jpg,eyedrop-multi,1,eyedrop-multi,0.7697513103485107
2026-06-24T10:06:33.018812,C:\Users\이예은\A-EYE\test_images\train\eyedrop-multi\eyedrop_multi_61.jpg,eyedrop-multi,1,eyedrop-multi,0.8560738563537598
2026-06-24T10:06:33.018812,C:\Users\이예은\A-EYE\test_images\train\eyedrop-multi\eyedrop_multi_61.jpg,eyedrop-multi,2,pancol,0.5651394128799438
2026-06-24T10:06:37.841882,C:\Users\이예은\A-EYE\test_images\train\eyedrop-multi\eyedrop_multi_62.jpg,eyedrop-multi,1,eyedrop-multi,0.875366747379303
2026-06-24T10:06:37.841882,C:\Users\이예은\A-EYE\test_images\train\eyedrop-multi\eyedrop_multi_62.jpg,eyedrop-multi,2,eyedrop-single,0.5467304587364197
2026-06-24T10:06:37.841882,C:\Users\이예은\A-EYE\test_images\train\eyedrop-multi\eyedrop_multi_62.jpg,eyedrop-multi,3,panpirin,0.37671422958374023
2026-06-24T10:06:37.841882,C:\Users\이예은\A-EYE\test_images\train\eyedrop-multi\eyedrop_multi_62.jpg,eyedrop-multi,4,festal,0.2763385772705078
2026-06-24T10:06:42.673563,C:\Users\이예은\A-EYE\test_images\train\eyedrop-multi\eyedrop_multi_63.jpg,eyedrop-multi,1,eyedrop-multi,0.8999194502830505
2026-06-24T10:06:42.673563,C:\Users\이예은\A-EYE\test_images\train\eyedrop-multi\eyedrop_multi_63.jpg,eyedrop-multi,2,geborin,0.688179075717926
2026-06-24T10:06:42.673563,C:\Users\이예은\A-EYE\test_images\train\eyedrop-multi\eyedrop_multi_63.jpg,eyedrop-multi,3,festal,0.5941352248191833
2026-06-24T10:06:47.553496,C:\Users\이예은\A-EYE\test_images\train\eyedrop-multi\eyedrop_multi_65.jpg,eyedrop-multi,1,eyedrop-multi,0.8180643916130066
2026-06-24T10:06:47.553496,C:\Users\이예은\A-EYE\test_images\train\eyedrop-multi\eyedrop_multi_65.jpg,eyedrop-multi,2,eyedrop-single,0.3788050413131714
2026-06-24T10:06:47.553496,C:\Users\이예은\A-EYE\test_images\train\eyedrop-multi\eyedrop_multi_65.jpg,eyedrop-multi,3,madecassol,0.3218814432621002
2026-06-24T10:06:47.553496,C:\Users\이예은\A-EYE\test_images\train\eyedrop-multi\eyedrop_multi_65.jpg,eyedrop-multi,4,fusidin,0.261494517326355
2026-06-24T10:06:52.017978,C:\Users\이예은\A-EYE\test_images\train\eyedrop-multi\eyedrop_multi_67.jpg,eyedrop-multi,1,eyedrop-multi,0.8643407225608826
2026-06-24T10:06:52.017978,C:\Users\이예은\A-EYE\test_images\train\eyedrop-multi\eyedrop_multi_67.jpg,eyedrop-multi,2,madecassol,0.702458918094635
2026-06-24T10:06:52.017978,C:\Users\이예은\A-EYE\test_images\train\eyedrop-multi\eyedrop_multi_67.jpg,eyedrop-multi,3,eyedrop-single,0.6353391408920288
2026-06-24T10:06:52.017978,C:\Users\이예은\A-EYE\test_images\train\eyedrop-multi\eyedrop_multi_67.jpg,eyedrop-multi,4,panpirin,0.4867469072341919
2026-06-24T10:06:52.017978,C:\Users\이예은\A-EYE\test_images\train\eyedrop-multi\eyedrop_multi_67.jpg,eyedrop-multi,5,pancol,0.4861604869365692
2026-06-24T10:06:56.473627,C:\Users\이예은\A-EYE\test_images\train\eyedrop-multi\eyedrop_multi_68.jpg,eyedrop-multi,1,eyedrop-multi,0.9074198007583618
2026-06-24T10:06:56.473627,C:\Users\이예은\A-EYE\test_images\train\eyedrop-multi\eyedrop_multi_68.jpg,eyedrop-multi,2,pancol,0.7925046682357788
2026-06-24T10:06:56.473627,C:\Users\이예은\A-EYE\test_images\train\eyedrop-multi\eyedrop_multi_68.jpg,eyedrop-multi,3,eyedrop-single,0.6747791171073914
2026-06-24T10:06:56.473627,C:\Users\이예은\A-EYE\test_images\train\eyedrop-multi\eyedrop_multi_68.jpg,eyedrop-multi,4,geborin,0.32844075560569763
2026-06-24T10:07:01.504236,C:\Users\이예은\A-EYE\test_images\train\eyedrop-multi\eyedrop_multi_69.jpg,eyedrop-multi,1,eyedrop-multi,0.8566230535507202
2026-06-24T10:07:01.504236,C:\Users\이예은\A-EYE\test_images\train\eyedrop-multi\eyedrop_multi_69.jpg,eyedrop-multi,2,eyedrop-single,0.7577199935913086
2026-06-24T10:07:01.504236,C:\Users\이예은\A-EYE\test_images\train\eyedrop-multi\eyedrop_multi_69.jpg,eyedrop-multi,3,madecassol,0.6590133905410767
2026-06-24T10:07:01.504236,C:\Users\이예은\A-EYE\test_images\train\eyedrop-multi\eyedrop_multi_69.jpg,eyedrop-multi,4,fusidin,0.512794554233551
2026-06-24T10:07:01.504236,C:\Users\이예은\A-EYE\test_images\train\eyedrop-multi\eyedrop_multi_69.jpg,eyedrop-multi,5,bearse,0.2564915716648102
2026-06-24T10:07:06.408819,C:\Users\이예은\A-EYE\test_images\train\eyedrop-multi\eyedrop_multi_70.jpg,eyedrop-multi,1,eyedrop-multi,0.862201988697052
2026-06-24T10:07:06.408819,C:\Users\이예은\A-EYE\test_images\train\eyedrop-multi\eyedrop_multi_70.jpg,eyedrop-multi,2,eyedrop-single,0.8074747920036316
2026-06-24T10:07:06.408819,C:\Users\이예은\A-EYE\test_images\train\eyedrop-multi\eyedrop_multi_70.jpg,eyedrop-multi,3,bearse,0.7861448526382446
2026-06-24T10:07:10.977016,C:\Users\이예은\A-EYE\test_images\train\eyedrop-multi\eyedrop_multi_71.jpg,eyedrop-multi,1,eyedrop-multi,0.8853139281272888
2026-06-24T10:07:10.977016,C:\Users\이예은\A-EYE\test_images\train\eyedrop-multi\eyedrop_multi_71.jpg,eyedrop-multi,2,eyedrop-single,0.6693540811538696
2026-06-24T10:07:10.977016,C:\Users\이예은\A-EYE\test_images\train\eyedrop-multi\eyedrop_multi_71.jpg,eyedrop-multi,3,bearse,0.6647742390632629
2026-06-24T10:07:15.606895,C:\Users\이예은\A-EYE\test_images\train\eyedrop-single\eyedrop_single_01.jpg,eyedrop-single,1,eyedrop-single,0.7549537420272827
2026-06-24T10:07:15.606895,C:\Users\이예은\A-EYE\test_images\train\eyedrop-single\eyedrop_single_01.jpg,eyedrop-single,2,eyedrop-multi,0.5361311435699463
2026-06-24T10:07:20.276340,C:\Users\이예은\A-EYE\test_images\train\eyedrop-single\eyedrop_single_02.jpg,eyedrop-single,1,eyedrop-single,0.8328738808631897
2026-06-24T10:07:20.276340,C:\Users\이예은\A-EYE\test_images\train\eyedrop-single\eyedrop_single_02.jpg,eyedrop-single,2,eyedrop-multi,0.760668933391571
2026-06-24T10:07:20.277161,C:\Users\이예은\A-EYE\test_images\train\eyedrop-single\eyedrop_single_02.jpg,eyedrop-single,3,pancol,0.5485101938247681
2026-06-24T10:07:20.277161,C:\Users\이예은\A-EYE\test_images\train\eyedrop-single\eyedrop_single_02.jpg,eyedrop-single,4,band,0.3768291175365448
2026-06-24T10:07:25.012484,C:\Users\이예은\A-EYE\test_images\train\eyedrop-single\eyedrop_single_03.jpg,eyedrop-single,1,eyedrop-multi,0.8249498605728149
2026-06-24T10:07:25.012484,C:\Users\이예은\A-EYE\test_images\train\eyedrop-single\eyedrop_single_03.jpg,eyedrop-single,2,eyedrop-single,0.7929181456565857
2026-06-24T10:07:29.704940,C:\Users\이예은\A-EYE\test_images\train\eyedrop-single\eyedrop_single_04.jpg,eyedrop-single,1,eyedrop-single,0.8466914892196655
2026-06-24T10:07:29.704940,C:\Users\이예은\A-EYE\test_images\train\eyedrop-single\eyedrop_single_04.jpg,eyedrop-single,2,eyedrop-multi,0.7856912612915039
2026-06-24T10:07:29.704940,C:\Users\이예은\A-EYE\test_images\train\eyedrop-single\eyedrop_single_04.jpg,eyedrop-single,3,band,0.3895494043827057
2026-06-24T10:07:34.358637,C:\Users\이예은\A-EYE\test_images\train\eyedrop-single\eyedrop_single_05.jpg,eyedrop-single,1,fusidin,0.8284119367599487
2026-06-24T10:07:34.358637,C:\Users\이예은\A-EYE\test_images\train\eyedrop-single\eyedrop_single_05.jpg,eyedrop-single,2,eyedrop-single,0.8244417905807495
2026-06-24T10:07:34.358637,C:\Users\이예은\A-EYE\test_images\train\eyedrop-single\eyedrop_single_05.jpg,eyedrop-single,3,festal,0.5747883915901184
2026-06-24T10:07:34.358637,C:\Users\이예은\A-EYE\test_images\train\eyedrop-single\eyedrop_single_05.jpg,eyedrop-single,4,eyedrop-multi,0.4858056306838989
2026-06-24T10:07:38.921549,C:\Users\이예은\A-EYE\test_images\train\eyedrop-single\eyedrop_single_06.jpg,eyedrop-single,1,fusidin,0.8122820258140564
2026-06-24T10:07:38.921549,C:\Users\이예은\A-EYE\test_images\train\eyedrop-single\eyedrop_single_06.jpg,eyedrop-single,2,eyedrop-single,0.7347831726074219
2026-06-24T10:07:38.921549,C:\Users\이예은\A-EYE\test_images\train\eyedrop-single\eyedrop_single_06.jpg,eyedrop-single,3,eyedrop-multi,0.48781129717826843
2026-06-24T10:07:38.921549,C:\Users\이예은\A-EYE\test_images\train\eyedrop-single\eyedrop_single_06.jpg,eyedrop-single,4,festal,0.36285173892974854
2026-06-24T10:07:46.064142,C:\Users\이예은\A-EYE\test_images\train\eyedrop-single\eyedrop_single_07.jpg,eyedrop-single,1,fusidin,0.8553723096847534
2026-06-24T10:07:46.064142,C:\Users\이예은\A-EYE\test_images\train\eyedrop-single\eyedrop_single_07.jpg,eyedrop-single,2,eyedrop-single,0.8273599743843079
2026-06-24T10:07:46.064142,C:\Users\이예은\A-EYE\test_images\train\eyedrop-single\eyedrop_single_07.jpg,eyedrop-single,3,eyedrop-multi,0.8115836977958679
2026-06-24T10:07:50.927258,C:\Users\이예은\A-EYE\test_images\train\eyedrop-single\eyedrop_single_08.jpg,eyedrop-single,1,fusidin,0.7680690288543701
2026-06-24T10:07:50.927258,C:\Users\이예은\A-EYE\test_images\train\eyedrop-single\eyedrop_single_08.jpg,eyedrop-single,2,eyedrop-multi,0.7119231224060059
2026-06-24T10:07:50.927258,C:\Users\이예은\A-EYE\test_images\train\eyedrop-single\eyedrop_single_08.jpg,eyedrop-single,3,eyedrop-single,0.6215322613716125
2026-06-24T10:07:50.927258,C:\Users\이예은\A-EYE\test_images\train\eyedrop-single\eyedrop_single_08.jpg,eyedrop-single,4,band,0.5270140767097473
2026-06-24T10:07:55.808360,C:\Users\이예은\A-EYE\test_images\train\eyedrop-single\eyedrop_single_09.jpg,eyedrop-single,1,eyedrop-multi,0.7451028227806091
2026-06-24T10:07:55.808360,C:\Users\이예은\A-EYE\test_images\train\eyedrop-single\eyedrop_single_09.jpg,eyedrop-single,2,eyedrop-single,0.7166517376899719
2026-06-24T10:07:55.808360,C:\Users\이예은\A-EYE\test_images\train\eyedrop-single\eyedrop_single_09.jpg,eyedrop-single,3,fusidin,0.684036135673523
2026-06-24T10:07:55.808360,C:\Users\이예은\A-EYE\test_images\train\eyedrop-single\eyedrop_single_09.jpg,eyedrop-single,4,bearse,0.6438157558441162
2026-06-24T10:08:00.454505,C:\Users\이예은\A-EYE\test_images\train\eyedrop-single\eyedrop_single_10.jpg,eyedrop-single,1,eyedrop-single,0.8460519313812256
2026-06-24T10:08:00.454505,C:\Users\이예은\A-EYE\test_images\train\eyedrop-single\eyedrop_single_10.jpg,eyedrop-single,2,eyedrop-multi,0.6129818558692932
2026-06-24T10:08:00.454505,C:\Users\이예은\A-EYE\test_images\train\eyedrop-single\eyedrop_single_10.jpg,eyedrop-single,3,festal,0.5663173198699951
2026-06-24T10:08:00.454505,C:\Users\이예은\A-EYE\test_images\train\eyedrop-single\eyedrop_single_10.jpg,eyedrop-single,4,patch,0.5448010563850403
2026-06-24T10:08:00.454505,C:\Users\이예은\A-EYE\test_images\train\eyedrop-single\eyedrop_single_10.jpg,eyedrop-single,5,geborin,0.33626115322113037
2026-06-24T10:08:05.243533,C:\Users\이예은\A-EYE\test_images\train\eyedrop-single\eyedrop_single_11.jpg,eyedrop-single,1,eyedrop-multi,0.8291811943054199
2026-06-24T10:08:05.243533,C:\Users\이예은\A-EYE\test_images\train\eyedrop-single\eyedrop_single_11.jpg,eyedrop-single,2,eyedrop-single,0.7735307216644287
2026-06-24T10:08:05.243533,C:\Users\이예은\A-EYE\test_images\train\eyedrop-single\eyedrop_single_11.jpg,eyedrop-single,3,panpirin,0.6517028212547302
2026-06-24T10:08:05.243533,C:\Users\이예은\A-EYE\test_images\train\eyedrop-single\eyedrop_single_11.jpg,eyedrop-single,4,bearse,0.31214773654937744
2026-06-24T10:08:10.334931,C:\Users\이예은\A-EYE\test_images\train\eyedrop-single\eyedrop_single_12.jpg,eyedrop-single,1,fusidin,0.7397205233573914
2026-06-24T10:08:10.334931,C:\Users\이예은\A-EYE\test_images\train\eyedrop-single\eyedrop_single_12.jpg,eyedrop-single,2,festal,0.7019467949867249
2026-06-24T10:08:10.334931,C:\Users\이예은\A-EYE\test_images\train\eyedrop-single\eyedrop_single_12.jpg,eyedrop-single,3,eyedrop-single,0.693445086479187
2026-06-24T10:08:10.334931,C:\Users\이예은\A-EYE\test_images\train\eyedrop-single\eyedrop_single_12.jpg,eyedrop-single,4,ezen6,0.5832972526550293
2026-06-24T10:08:10.334931,C:\Users\이예은\A-EYE\test_images\train\eyedrop-single\eyedrop_single_12.jpg,eyedrop-single,5,eyedrop-multi,0.550025463104248
2026-06-24T10:08:10.334931,C:\Users\이예은\A-EYE\test_images\train\eyedrop-single\eyedrop_single_12.jpg,eyedrop-single,6,tylenol,0.43301790952682495
2026-06-24T10:08:10.334931,C:\Users\이예은\A-EYE\test_images\train\eyedrop-single\eyedrop_single_12.jpg,eyedrop-single,7,patch,0.3323290944099426
2026-06-24T10:08:10.334931,C:\Users\이예은\A-EYE\test_images\train\eyedrop-single\eyedrop_single_12.jpg,eyedrop-single,8,panpirin,0.2718128263950348
2026-06-24T10:08:14.871438,C:\Users\이예은\A-EYE\test_images\train\eyedrop-single\eyedrop_single_13.jpg,eyedrop-single,1,eyedrop-multi,0.7991564869880676
2026-06-24T10:08:14.871438,C:\Users\이예은\A-EYE\test_images\train\eyedrop-single\eyedrop_single_13.jpg,eyedrop-single,2,fusidin,0.7578045725822449
2026-06-24T10:08:14.871438,C:\Users\이예은\A-EYE\test_images\train\eyedrop-single\eyedrop_single_13.jpg,eyedrop-single,3,eyedrop-single,0.7533828616142273
2026-06-24T10:08:14.871438,C:\Users\이예은\A-EYE\test_images\train\eyedrop-single\eyedrop_single_13.jpg,eyedrop-single,4,festal,0.6116663813591003
2026-06-24T10:08:14.871438,C:\Users\이예은\A-EYE\test_images\train\eyedrop-single\eyedrop_single_13.jpg,eyedrop-single,5,panpirin,0.3932218551635742
2026-06-24T10:08:19.537766,C:\Users\이예은\A-EYE\test_images\train\eyedrop-single\eyedrop_single_14.jpg,eyedrop-single,1,band,0.8643672466278076
2026-06-24T10:08:19.537766,C:\Users\이예은\A-EYE\test_images\train\eyedrop-single\eyedrop_single_14.jpg,eyedrop-single,2,eyedrop-single,0.827541172504425
2026-06-24T10:08:19.537766,C:\Users\이예은\A-EYE\test_images\train\eyedrop-single\eyedrop_single_14.jpg,eyedrop-single,3,pancol,0.5476955771446228
2026-06-24T10:08:19.537766,C:\Users\이예은\A-EYE\test_images\train\eyedrop-single\eyedrop_single_14.jpg,eyedrop-single,4,eyedrop-multi,0.5399272441864014
2026-06-24T10:08:19.537766,C:\Users\이예은\A-EYE\test_images\train\eyedrop-single\eyedrop_single_14.jpg,eyedrop-single,5,festal,0.2671509087085724
2026-06-24T10:08:27.474766,C:\Users\이예은\A-EYE\test_images\train\eyedrop-single\eyedrop_single_15.jpg,eyedrop-single,1,eyedrop-single,0.8482434749603271
2026-06-24T10:08:27.474766,C:\Users\이예은\A-EYE\test_images\train\eyedrop-single\eyedrop_single_15.jpg,eyedrop-single,2,eyedrop-multi,0.34049734473228455
2026-06-24T10:08:32.842988,C:\Users\이예은\A-EYE\test_images\train\eyedrop-single\eyedrop_single_16.jpg,eyedrop-single,1,eyedrop-single,0.827589750289917
2026-06-24T10:08:32.842988,C:\Users\이예은\A-EYE\test_images\train\eyedrop-single\eyedrop_single_16.jpg,eyedrop-single,2,eyedrop-multi,0.7227463126182556
2026-06-24T10:08:32.842988,C:\Users\이예은\A-EYE\test_images\train\eyedrop-single\eyedrop_single_16.jpg,eyedrop-single,3,geborin,0.535832941532135
2026-06-24T10:08:38.021255,C:\Users\이예은\A-EYE\test_images\train\eyedrop-single\eyedrop_single_18.jpg,eyedrop-single,1,eyedrop-single,0.8504841327667236
2026-06-24T10:08:38.021255,C:\Users\이예은\A-EYE\test_images\train\eyedrop-single\eyedrop_single_18.jpg,eyedrop-single,2,eyedrop-multi,0.7306500673294067
2026-06-24T10:08:46.430726,C:\Users\이예은\A-EYE\test_images\train\eyedrop-single\eyedrop_single_19.jpg,eyedrop-single,1,eyedrop-single,0.8352683782577515
2026-06-24T10:08:46.430726,C:\Users\이예은\A-EYE\test_images\train\eyedrop-single\eyedrop_single_19.jpg,eyedrop-single,2,fusidin,0.7528818249702454
2026-06-24T10:08:46.430726,C:\Users\이예은\A-EYE\test_images\train\eyedrop-single\eyedrop_single_19.jpg,eyedrop-single,3,pancol,0.5973444581031799
2026-06-24T10:08:46.430726,C:\Users\이예은\A-EYE\test_images\train\eyedrop-single\eyedrop_single_19.jpg,eyedrop-single,4,eyedrop-multi,0.45769432187080383
2026-06-24T10:08:55.816652,C:\Users\이예은\A-EYE\test_images\train\eyedrop-single\eyedrop_single_20.jpg,eyedrop-single,1,eyedrop-single,0.8830788731575012
2026-06-24T10:08:55.816652,C:\Users\이예은\A-EYE\test_images\train\eyedrop-single\eyedrop_single_20.jpg,eyedrop-single,2,pancol,0.5312984585762024
2026-06-24T10:08:55.816652,C:\Users\이예은\A-EYE\test_images\train\eyedrop-single\eyedrop_single_20.jpg,eyedrop-single,3,fusidin,0.5225863456726074
2026-06-24T10:08:55.816652,C:\Users\이예은\A-EYE\test_images\train\eyedrop-single\eyedrop_single_20.jpg,eyedrop-single,4,panpirin,0.5132986903190613
2026-06-24T10:08:55.816652,C:\Users\이예은\A-EYE\test_images\train\eyedrop-single\eyedrop_single_20.jpg,eyedrop-single,5,festal,0.3410740792751312
2026-06-24T10:09:05.119524,C:\Users\이예은\A-EYE\test_images\train\eyedrop-single\eyedrop_single_21.jpg,eyedrop-single,1,eyedrop-single,0.8895955681800842
2026-06-24T10:09:05.119524,C:\Users\이예은\A-EYE\test_images\train\eyedrop-single\eyedrop_single_21.jpg,eyedrop-single,2,festal,0.583794355392456
2026-06-24T10:09:05.119524,C:\Users\이예은\A-EYE\test_images\train\eyedrop-single\eyedrop_single_21.jpg,eyedrop-single,3,eyedrop-multi,0.540556788444519
2026-06-24T10:09:05.119524,C:\Users\이예은\A-EYE\test_images\train\eyedrop-single\eyedrop_single_21.jpg,eyedrop-single,4,geborin,0.3781186044216156
2026-06-24T10:09:05.119524,C:\Users\이예은\A-EYE\test_images\train\eyedrop-single\eyedrop_single_21.jpg,eyedrop-single,5,fusidin,0.35411980748176575
2026-06-24T10:09:05.119524,C:\Users\이예은\A-EYE\test_images\train\eyedrop-single\eyedrop_single_21.jpg,eyedrop-single,6,pancol,0.32381105422973633
2026-06-24T10:09:12.218265,C:\Users\이예은\A-EYE\test_images\train\eyedrop-single\eyedrop_single_23.jpg,eyedrop-single,1,eyedrop-single,0.8547413945198059
2026-06-24T10:09:12.218265,C:\Users\이예은\A-EYE\test_images\train\eyedrop-single\eyedrop_single_23.jpg,eyedrop-single,2,eyedrop-multi,0.8285034894943237
2026-06-24T10:09:18.937814,C:\Users\이예은\A-EYE\test_images\train\eyedrop-single\eyedrop_single_24.jpg,eyedrop-single,1,eyedrop-single,0.8546205759048462
2026-06-24T10:09:18.937814,C:\Users\이예은\A-EYE\test_images\train\eyedrop-single\eyedrop_single_24.jpg,eyedrop-single,2,eyedrop-multi,0.8385077714920044
2026-06-24T10:09:18.937814,C:\Users\이예은\A-EYE\test_images\train\eyedrop-single\eyedrop_single_24.jpg,eyedrop-single,3,festal,0.8309397101402283
2026-06-24T10:09:18.937814,C:\Users\이예은\A-EYE\test_images\train\eyedrop-single\eyedrop_single_24.jpg,eyedrop-single,4,geborin,0.7175313234329224
2026-06-24T10:09:18.937814,C:\Users\이예은\A-EYE\test_images\train\eyedrop-single\eyedrop_single_24.jpg,eyedrop-single,5,bearse,0.681891143321991
2026-06-24T10:09:18.937814,C:\Users\이예은\A-EYE\test_images\train\eyedrop-single\eyedrop_single_24.jpg,eyedrop-single,6,panpirin,0.63997483253479
2026-06-24T10:09:18.937814,C:\Users\이예은\A-EYE\test_images\train\eyedrop-single\eyedrop_single_24.jpg,eyedrop-single,7,pancol,0.530450701713562
2026-06-24T10:09:18.937814,C:\Users\이예은\A-EYE\test_images\train\eyedrop-single\eyedrop_single_24.jpg,eyedrop-single,8,fusidin,0.394029438495636
2026-06-24T10:09:18.937814,C:\Users\이예은\A-EYE\test_images\train\eyedrop-single\eyedrop_single_24.jpg,eyedrop-single,9,patch,0.3148689568042755
2026-06-24T10:09:25.598061,C:\Users\이예은\A-EYE\test_images\train\eyedrop-single\eyedrop_single_25.jpg,eyedrop-single,1,eyedrop-single,0.8897420167922974
2026-06-24T10:09:25.598061,C:\Users\이예은\A-EYE\test_images\train\eyedrop-single\eyedrop_single_25.jpg,eyedrop-single,2,eyedrop-multi,0.8410696983337402
2026-06-24T10:09:25.598061,C:\Users\이예은\A-EYE\test_images\train\eyedrop-single\eyedrop_single_25.jpg,eyedrop-single,3,geborin,0.5030621886253357
2026-06-24T10:09:36.030794,C:\Users\이예은\A-EYE\test_images\train\eyedrop-single\eyedrop_single_27.jpg,eyedrop-single,1,eyedrop-multi,0.8225607872009277
2026-06-24T10:09:36.030794,C:\Users\이예은\A-EYE\test_images\train\eyedrop-single\eyedrop_single_27.jpg,eyedrop-single,2,eyedrop-single,0.7852833271026611
2026-06-24T10:09:36.030794,C:\Users\이예은\A-EYE\test_images\train\eyedrop-single\eyedrop_single_27.jpg,eyedrop-single,3,geborin,0.7223131656646729
2026-06-24T10:09:36.030794,C:\Users\이예은\A-EYE\test_images\train\eyedrop-single\eyedrop_single_27.jpg,eyedrop-single,4,panpirin,0.43139275908470154
2026-06-24T10:09:47.058965,C:\Users\이예은\A-EYE\test_images\train\eyedrop-single\eyedrop_single_30.jpg,eyedrop-single,1,fusidin,0.8326632976531982
2026-06-24T10:09:47.058965,C:\Users\이예은\A-EYE\test_images\train\eyedrop-single\eyedrop_single_30.jpg,eyedrop-single,2,festal,0.8034163117408752
2026-06-24T10:09:47.058965,C:\Users\이예은\A-EYE\test_images\train\eyedrop-single\eyedrop_single_30.jpg,eyedrop-single,3,eyedrop-multi,0.7937629818916321
2026-06-24T10:09:47.058965,C:\Users\이예은\A-EYE\test_images\train\eyedrop-single\eyedrop_single_30.jpg,eyedrop-single,4,band,0.7819753289222717
2026-06-24T10:09:47.058965,C:\Users\이예은\A-EYE\test_images\train\eyedrop-single\eyedrop_single_30.jpg,eyedrop-single,5,eyedrop-single,0.5516712069511414
2026-06-24T10:09:47.058965,C:\Users\이예은\A-EYE\test_images\train\eyedrop-single\eyedrop_single_30.jpg,eyedrop-single,6,bearse,0.35306036472320557
2026-06-24T10:09:47.058965,C:\Users\이예은\A-EYE\test_images\train\eyedrop-single\eyedrop_single_30.jpg,eyedrop-single,7,patch,0.2861102223396301
2026-06-24T10:09:47.058965,C:\Users\이예은\A-EYE\test_images\train\eyedrop-single\eyedrop_single_30.jpg,eyedrop-single,8,panpirin,0.2807444930076599
2026-06-24T10:09:55.015065,C:\Users\이예은\A-EYE\test_images\train\eyedrop-single\eyedrop_single_31.jpg,eyedrop-single,1,panpirin,0.7949911952018738
2026-06-24T10:09:55.015065,C:\Users\이예은\A-EYE\test_images\train\eyedrop-single\eyedrop_single_31.jpg,eyedrop-single,2,eyedrop-multi,0.7305718660354614
2026-06-24T10:09:55.015065,C:\Users\이예은\A-EYE\test_images\train\eyedrop-single\eyedrop_single_31.jpg,eyedrop-single,3,eyedrop-single,0.7013843059539795
2026-06-24T10:09:55.015065,C:\Users\이예은\A-EYE\test_images\train\eyedrop-single\eyedrop_single_31.jpg,eyedrop-single,4,fusidin,0.6619784235954285
2026-06-24T10:09:55.015065,C:\Users\이예은\A-EYE\test_images\train\eyedrop-single\eyedrop_single_31.jpg,eyedrop-single,5,patch,0.5894433856010437
2026-06-24T10:09:55.015065,C:\Users\이예은\A-EYE\test_images\train\eyedrop-single\eyedrop_single_31.jpg,eyedrop-single,6,geborin,0.47769996523857117
2026-06-24T10:10:02.280250,C:\Users\이예은\A-EYE\test_images\train\eyedrop-single\eyedrop_single_32.jpg,eyedrop-single,1,festal,0.8528814315795898
2026-06-24T10:10:02.280250,C:\Users\이예은\A-EYE\test_images\train\eyedrop-single\eyedrop_single_32.jpg,eyedrop-single,2,eyedrop-single,0.8450868725776672
2026-06-24T10:10:02.280250,C:\Users\이예은\A-EYE\test_images\train\eyedrop-single\eyedrop_single_32.jpg,eyedrop-single,3,patch,0.7730094194412231
2026-06-24T10:10:02.280250,C:\Users\이예은\A-EYE\test_images\train\eyedrop-single\eyedrop_single_32.jpg,eyedrop-single,4,eyedrop-multi,0.3397079408168793
2026-06-24T10:10:02.280250,C:\Users\이예은\A-EYE\test_images\train\eyedrop-single\eyedrop_single_32.jpg,eyedrop-single,5,tylenol,0.25132879614830017
2026-06-24T10:10:08.649475,C:\Users\이예은\A-EYE\test_images\train\eyedrop-single\eyedrop_single_33.jpg,eyedrop-single,1,eyedrop-single,0.8610665202140808
2026-06-24T10:10:08.649475,C:\Users\이예은\A-EYE\test_images\train\eyedrop-single\eyedrop_single_33.jpg,eyedrop-single,2,eyedrop-multi,0.8606936931610107
2026-06-24T10:10:08.651225,C:\Users\이예은\A-EYE\test_images\train\eyedrop-single\eyedrop_single_33.jpg,eyedrop-single,3,pancol,0.6646219491958618
2026-06-24T10:10:08.651225,C:\Users\이예은\A-EYE\test_images\train\eyedrop-single\eyedrop_single_33.jpg,eyedrop-single,4,geborin,0.4489216208457947
2026-06-24T10:10:19.186525,C:\Users\이예은\A-EYE\test_images\train\eyedrop-single\eyedrop_single_35.jpg,eyedrop-single,1,eyedrop-single,0.8008251786231995
2026-06-24T10:10:19.186525,C:\Users\이예은\A-EYE\test_images\train\eyedrop-single\eyedrop_single_35.jpg,eyedrop-single,2,ezen6,0.5735442042350769
2026-06-24T10:10:19.186525,C:\Users\이예은\A-EYE\test_images\train\eyedrop-single\eyedrop_single_35.jpg,eyedrop-single,3,festal,0.461457759141922
2026-06-24T10:10:25.970703,C:\Users\이예은\A-EYE\test_images\train\eyedrop-single\eyedrop_single_36.jpg,eyedrop-single,1,eyedrop-single,0.7720426917076111
2026-06-24T10:10:25.970703,C:\Users\이예은\A-EYE\test_images\train\eyedrop-single\eyedrop_single_36.jpg,eyedrop-single,2,festal,0.6546454429626465
2026-06-24T10:10:25.970703,C:\Users\이예은\A-EYE\test_images\train\eyedrop-single\eyedrop_single_36.jpg,eyedrop-single,3,ezen6,0.6452722549438477
2026-06-24T10:10:25.970703,C:\Users\이예은\A-EYE\test_images\train\eyedrop-single\eyedrop_single_36.jpg,eyedrop-single,4,pancol,0.3186306059360504
2026-06-24T10:10:33.238076,C:\Users\이예은\A-EYE\test_images\train\eyedrop-single\eyedrop_single_37.jpg,eyedrop-single,1,eyedrop-single,0.8359439373016357
2026-06-24T10:10:33.238076,C:\Users\이예은\A-EYE\test_images\train\eyedrop-single\eyedrop_single_37.jpg,eyedrop-single,2,eyedrop-multi,0.7574657797813416
2026-06-24T10:10:33.238076,C:\Users\이예은\A-EYE\test_images\train\eyedrop-single\eyedrop_single_37.jpg,eyedrop-single,3,ezen6,0.7299565672874451
2026-06-24T10:10:33.238076,C:\Users\이예은\A-EYE\test_images\train\eyedrop-single\eyedrop_single_37.jpg,eyedrop-single,4,pancol,0.27029016613960266
2026-06-24T10:10:44.364802,C:\Users\이예은\A-EYE\test_images\train\eyedrop-single\eyedrop_single_38.jpg,eyedrop-single,1,eyedrop-single,0.8369030952453613
2026-06-24T10:10:44.364802,C:\Users\이예은\A-EYE\test_images\train\eyedrop-single\eyedrop_single_38.jpg,eyedrop-single,2,tylenol,0.814365029335022
2026-06-24T10:10:44.364802,C:\Users\이예은\A-EYE\test_images\train\eyedrop-single\eyedrop_single_38.jpg,eyedrop-single,3,festal,0.676312267780304
2026-06-24T10:10:44.364802,C:\Users\이예은\A-EYE\test_images\train\eyedrop-single\eyedrop_single_38.jpg,eyedrop-single,4,geborin,0.5714985728263855
2026-06-24T10:10:44.364802,C:\Users\이예은\A-EYE\test_images\train\eyedrop-single\eyedrop_single_38.jpg,eyedrop-single,5,eyedrop-multi,0.4937640130519867
2026-06-24T10:10:44.364802,C:\Users\이예은\A-EYE\test_images\train\eyedrop-single\eyedrop_single_38.jpg,eyedrop-single,6,patch,0.44869232177734375
2026-06-24T10:10:51.342587,C:\Users\이예은\A-EYE\test_images\train\eyedrop-single\eyedrop_single_39.jpg,eyedrop-single,1,eyedrop-multi,0.8068415522575378
2026-06-24T10:10:51.342587,C:\Users\이예은\A-EYE\test_images\train\eyedrop-single\eyedrop_single_39.jpg,eyedrop-single,2,eyedrop-single,0.7973799705505371
2026-06-24T10:10:51.342587,C:\Users\이예은\A-EYE\test_images\train\eyedrop-single\eyedrop_single_39.jpg,eyedrop-single,3,panpirin,0.5970166325569153
2026-06-24T10:10:51.342587,C:\Users\이예은\A-EYE\test_images\train\eyedrop-single\eyedrop_single_39.jpg,eyedrop-single,4,patch,0.4958551824092865
2026-06-24T10:10:51.342587,C:\Users\이예은\A-EYE\test_images\train\eyedrop-single\eyedrop_single_39.jpg,eyedrop-single,5,bearse,0.33316531777381897
2026-06-24T10:10:57.492706,C:\Users\이예은\A-EYE\test_images\train\eyedrop-single\eyedrop_single_41.jpg,eyedrop-single,1,festal,0.836148738861084
2026-06-24T10:10:57.492706,C:\Users\이예은\A-EYE\test_images\train\eyedrop-single\eyedrop_single_41.jpg,eyedrop-single,2,eyedrop-single,0.7876406311988831
2026-06-24T10:10:57.492706,C:\Users\이예은\A-EYE\test_images\train\eyedrop-single\eyedrop_single_41.jpg,eyedrop-single,3,eyedrop-multi,0.7197531461715698
2026-06-24T10:10:57.492706,C:\Users\이예은\A-EYE\test_images\train\eyedrop-single\eyedrop_single_41.jpg,eyedrop-single,4,patch,0.6000520586967468
2026-06-24T10:10:57.492706,C:\Users\이예은\A-EYE\test_images\train\eyedrop-single\eyedrop_single_41.jpg,eyedrop-single,5,fusidin,0.5381998419761658
2026-06-24T10:11:08.393874,C:\Users\이예은\A-EYE\test_images\train\eyedrop-single\eyedrop_single_42.jpg,eyedrop-single,1,eyedrop-single,0.7257040739059448
2026-06-24T10:11:08.393874,C:\Users\이예은\A-EYE\test_images\train\eyedrop-single\eyedrop_single_42.jpg,eyedrop-single,2,bearse,0.3801243305206299
2026-06-24T10:11:08.393874,C:\Users\이예은\A-EYE\test_images\train\eyedrop-single\eyedrop_single_42.jpg,eyedrop-single,3,fusidin,0.3624522387981415
2026-06-24T10:11:08.393874,C:\Users\이예은\A-EYE\test_images\train\eyedrop-single\eyedrop_single_42.jpg,eyedrop-single,4,band,0.2848265469074249
2026-06-24T10:11:15.395140,C:\Users\이예은\A-EYE\test_images\train\eyedrop-single\eyedrop_single_43.jpg,eyedrop-single,1,eyedrop-single,0.894027590751648
2026-06-24T10:11:15.395140,C:\Users\이예은\A-EYE\test_images\train\eyedrop-single\eyedrop_single_43.jpg,eyedrop-single,2,eyedrop-multi,0.8530659675598145
2026-06-24T10:11:15.395140,C:\Users\이예은\A-EYE\test_images\train\eyedrop-single\eyedrop_single_43.jpg,eyedrop-single,3,festal,0.605954647064209
2026-06-24T10:11:15.395140,C:\Users\이예은\A-EYE\test_images\train\eyedrop-single\eyedrop_single_43.jpg,eyedrop-single,4,geborin,0.49417904019355774
2026-06-24T10:11:21.742161,C:\Users\이예은\A-EYE\test_images\train\eyedrop-single\eyedrop_single_44.jpg,eyedrop-single,1,eyedrop-single,0.8730974793434143
2026-06-24T10:11:21.742161,C:\Users\이예은\A-EYE\test_images\train\eyedrop-single\eyedrop_single_44.jpg,eyedrop-single,2,festal,0.8443585634231567
2026-06-24T10:11:21.742161,C:\Users\이예은\A-EYE\test_images\train\eyedrop-single\eyedrop_single_44.jpg,eyedrop-single,3,eyedrop-multi,0.6370044350624084
2026-06-24T10:11:21.742161,C:\Users\이예은\A-EYE\test_images\train\eyedrop-single\eyedrop_single_44.jpg,eyedrop-single,4,panpirin,0.633341908454895
2026-06-24T10:11:21.742161,C:\Users\이예은\A-EYE\test_images\train\eyedrop-single\eyedrop_single_44.jpg,eyedrop-single,5,patch,0.4857274293899536
2026-06-24T10:11:21.742161,C:\Users\이예은\A-EYE\test_images\train\eyedrop-single\eyedrop_single_44.jpg,eyedrop-single,6,fusidin,0.42972877621650696
2026-06-24T10:11:21.742161,C:\Users\이예은\A-EYE\test_images\train\eyedrop-single\eyedrop_single_44.jpg,eyedrop-single,7,geborin,0.34585586190223694
2026-06-24T10:11:31.955000,C:\Users\이예은\A-EYE\test_images\train\eyedrop-single\eyedrop_single_45.jpg,eyedrop-single,1,eyedrop-multi,0.8871094584465027
2026-06-24T10:11:31.955000,C:\Users\이예은\A-EYE\test_images\train\eyedrop-single\eyedrop_single_45.jpg,eyedrop-single,2,eyedrop-single,0.8588398098945618
2026-06-24T10:11:31.955000,C:\Users\이예은\A-EYE\test_images\train\eyedrop-single\eyedrop_single_45.jpg,eyedrop-single,3,festal,0.820753812789917
2026-06-24T10:11:31.955000,C:\Users\이예은\A-EYE\test_images\train\eyedrop-single\eyedrop_single_45.jpg,eyedrop-single,4,fusidin,0.6564486026763916
2026-06-24T10:11:31.955000,C:\Users\이예은\A-EYE\test_images\train\eyedrop-single\eyedrop_single_45.jpg,eyedrop-single,5,patch,0.39560186862945557
2026-06-24T10:11:31.955000,C:\Users\이예은\A-EYE\test_images\train\eyedrop-single\eyedrop_single_45.jpg,eyedrop-single,6,geborin,0.37851086258888245
2026-06-24T10:11:31.955000,C:\Users\이예은\A-EYE\test_images\train\eyedrop-single\eyedrop_single_45.jpg,eyedrop-single,7,band,0.29749491810798645
2026-06-24T10:11:38.950662,C:\Users\이예은\A-EYE\test_images\train\eyedrop-single\eyedrop_single_46.jpg,eyedrop-single,1,eyedrop-single,0.8957841396331787
2026-06-24T10:11:38.950662,C:\Users\이예은\A-EYE\test_images\train\eyedrop-single\eyedrop_single_46.jpg,eyedrop-single,2,festal,0.7706995606422424
2026-06-24T10:11:38.950662,C:\Users\이예은\A-EYE\test_images\train\eyedrop-single\eyedrop_single_46.jpg,eyedrop-single,3,geborin,0.69035804271698
2026-06-24T10:11:38.950662,C:\Users\이예은\A-EYE\test_images\train\eyedrop-single\eyedrop_single_46.jpg,eyedrop-single,4,eyedrop-multi,0.5864754319190979
2026-06-24T10:11:46.015355,C:\Users\이예은\A-EYE\test_images\train\eyedrop-single\eyedrop_single_47.jpg,eyedrop-single,1,eyedrop-single,0.8622352480888367
2026-06-24T10:11:46.015355,C:\Users\이예은\A-EYE\test_images\train\eyedrop-single\eyedrop_single_47.jpg,eyedrop-single,2,bearse,0.7868618965148926
2026-06-24T10:11:46.015355,C:\Users\이예은\A-EYE\test_images\train\eyedrop-single\eyedrop_single_47.jpg,eyedrop-single,3,panpirin,0.7208476662635803
2026-06-24T10:11:46.015355,C:\Users\이예은\A-EYE\test_images\train\eyedrop-single\eyedrop_single_47.jpg,eyedrop-single,4,pancol,0.5189701318740845
2026-06-24T10:11:46.015355,C:\Users\이예은\A-EYE\test_images\train\eyedrop-single\eyedrop_single_47.jpg,eyedrop-single,5,fusidin,0.2928691804409027
2026-06-24T10:11:56.508298,C:\Users\이예은\A-EYE\test_images\train\eyedrop-single\eyedrop_single_49.jpg,eyedrop-single,1,eyedrop-single,0.8858826756477356
2026-06-24T10:11:56.508298,C:\Users\이예은\A-EYE\test_images\train\eyedrop-single\eyedrop_single_49.jpg,eyedrop-single,2,festal,0.8309963941574097
2026-06-24T10:11:56.508298,C:\Users\이예은\A-EYE\test_images\train\eyedrop-single\eyedrop_single_49.jpg,eyedrop-single,3,tylenol,0.6980375051498413
2026-06-24T10:11:56.508298,C:\Users\이예은\A-EYE\test_images\train\eyedrop-single\eyedrop_single_49.jpg,eyedrop-single,4,geborin,0.5523251295089722
2026-06-24T10:11:56.508298,C:\Users\이예은\A-EYE\test_images\train\eyedrop-single\eyedrop_single_49.jpg,eyedrop-single,5,bearse,0.48697295784950256
2026-06-24T10:11:56.508298,C:\Users\이예은\A-EYE\test_images\train\eyedrop-single\eyedrop_single_49.jpg,eyedrop-single,6,panpirin,0.3132718503475189
2026-06-24T10:11:56.508298,C:\Users\이예은\A-EYE\test_images\train\eyedrop-single\eyedrop_single_49.jpg,eyedrop-single,7,pancol,0.25368061661720276
2026-06-24T10:12:09.486568,C:\Users\이예은\A-EYE\test_images\train\eyedrop-single\eyedrop_single_50.jpg,eyedrop-single,1,eyedrop-multi,0.8998121023178101
2026-06-24T10:12:09.486568,C:\Users\이예은\A-EYE\test_images\train\eyedrop-single\eyedrop_single_50.jpg,eyedrop-single,2,eyedrop-single,0.8248723149299622
2026-06-24T10:12:09.486568,C:\Users\이예은\A-EYE\test_images\train\eyedrop-single\eyedrop_single_50.jpg,eyedrop-single,3,band,0.42256537079811096
2026-06-24T10:12:15.808636,C:\Users\이예은\A-EYE\test_images\train\eyedrop-single\eyedrop_single_51.jpg,eyedrop-single,1,eyedrop-multi,0.8376746773719788
2026-06-24T10:12:15.808636,C:\Users\이예은\A-EYE\test_images\train\eyedrop-single\eyedrop_single_51.jpg,eyedrop-single,2,patch,0.743356466293335
2026-06-24T10:12:15.808636,C:\Users\이예은\A-EYE\test_images\train\eyedrop-single\eyedrop_single_51.jpg,eyedrop-single,3,eyedrop-single,0.7318567633628845
2026-06-24T10:12:21.619906,C:\Users\이예은\A-EYE\test_images\train\eyedrop-single\eyedrop_single_53.jpg,eyedrop-single,1,geborin,0.8719456195831299
2026-06-24T10:12:21.619906,C:\Users\이예은\A-EYE\test_images\train\eyedrop-single\eyedrop_single_53.jpg,eyedrop-single,2,band,0.7579057216644287
2026-06-24T10:12:21.619906,C:\Users\이예은\A-EYE\test_images\train\eyedrop-single\eyedrop_single_53.jpg,eyedrop-single,3,eyedrop-single,0.7415627241134644
2026-06-24T10:12:21.619906,C:\Users\이예은\A-EYE\test_images\train\eyedrop-single\eyedrop_single_53.jpg,eyedrop-single,4,festal,0.7016261219978333
2026-06-24T10:12:21.619906,C:\Users\이예은\A-EYE\test_images\train\eyedrop-single\eyedrop_single_53.jpg,eyedrop-single,5,ezen6,0.6979171633720398
2026-06-24T10:12:21.619906,C:\Users\이예은\A-EYE\test_images\train\eyedrop-single\eyedrop_single_53.jpg,eyedrop-single,6,eyedrop-multi,0.26101166009902954
2026-06-24T10:12:30.534810,C:\Users\이예은\A-EYE\test_images\train\eyedrop-single\eyedrop_single_54.jpg,eyedrop-single,1,eyedrop-single,0.6134008765220642
2026-06-24T10:12:30.534810,C:\Users\이예은\A-EYE\test_images\train\eyedrop-single\eyedrop_single_54.jpg,eyedrop-single,2,fusidin,0.5193577408790588
2026-06-24T10:12:30.534810,C:\Users\이예은\A-EYE\test_images\train\eyedrop-single\eyedrop_single_54.jpg,eyedrop-single,3,geborin,0.34229645133018494
2026-06-24T10:12:30.534810,C:\Users\이예은\A-EYE\test_images\train\eyedrop-single\eyedrop_single_54.jpg,eyedrop-single,4,eyedrop-multi,0.314974844455719
2026-06-24T10:12:36.073416,C:\Users\이예은\A-EYE\test_images\train\eyedrop-single\eyedrop_single_56.jpg,eyedrop-single,1,tylenol,0.8491742014884949
2026-06-24T10:12:36.073416,C:\Users\이예은\A-EYE\test_images\train\eyedrop-single\eyedrop_single_56.jpg,eyedrop-single,2,eyedrop-single,0.8387495875358582
2026-06-24T10:12:36.073416,C:\Users\이예은\A-EYE\test_images\train\eyedrop-single\eyedrop_single_56.jpg,eyedrop-single,3,geborin,0.8164300322532654
2026-06-24T10:12:36.073416,C:\Users\이예은\A-EYE\test_images\train\eyedrop-single\eyedrop_single_56.jpg,eyedrop-single,4,eyedrop-multi,0.8096010684967041
2026-06-24T10:12:36.073416,C:\Users\이예은\A-EYE\test_images\train\eyedrop-single\eyedrop_single_56.jpg,eyedrop-single,5,festal,0.8051505088806152
2026-06-24T10:12:36.073416,C:\Users\이예은\A-EYE\test_images\train\eyedrop-single\eyedrop_single_56.jpg,eyedrop-single,6,panpirin,0.6975283026695251
2026-06-24T10:12:36.073416,C:\Users\이예은\A-EYE\test_images\train\eyedrop-single\eyedrop_single_56.jpg,eyedrop-single,7,pancol,0.46642163395881653
2026-06-24T10:12:42.098973,C:\Users\이예은\A-EYE\test_images\train\eyedrop-single\eyedrop_single_59.jpg,eyedrop-single,1,eyedrop-single,0.7320040464401245
2026-06-24T10:12:42.098973,C:\Users\이예은\A-EYE\test_images\train\eyedrop-single\eyedrop_single_59.jpg,eyedrop-single,2,panpirin,0.2924008369445801
2026-06-24T10:12:47.604485,C:\Users\이예은\A-EYE\test_images\train\eyedrop-single\eyedrop_single_60.jpg,eyedrop-single,1,eyedrop-single,0.8001492023468018
2026-06-24T10:12:47.604485,C:\Users\이예은\A-EYE\test_images\train\eyedrop-single\eyedrop_single_60.jpg,eyedrop-single,2,band,0.541871190071106
2026-06-24T10:12:54.305763,C:\Users\이예은\A-EYE\test_images\train\eyedrop-single\eyedrop_single_62.jpg,eyedrop-single,1,panpirin,0.7654370665550232
2026-06-24T10:12:54.305763,C:\Users\이예은\A-EYE\test_images\train\eyedrop-single\eyedrop_single_62.jpg,eyedrop-single,2,eyedrop-single,0.7098290324211121
2026-06-24T10:12:54.305763,C:\Users\이예은\A-EYE\test_images\train\eyedrop-single\eyedrop_single_62.jpg,eyedrop-single,3,festal,0.47188812494277954
2026-06-24T10:12:54.305763,C:\Users\이예은\A-EYE\test_images\train\eyedrop-single\eyedrop_single_62.jpg,eyedrop-single,4,band,0.44076430797576904
2026-06-24T10:13:01.441352,C:\Users\이예은\A-EYE\test_images\train\eyedrop-single\eyedrop_single_63.jpg,eyedrop-single,1,eyedrop-single,0.8917140960693359
2026-06-24T10:13:01.441352,C:\Users\이예은\A-EYE\test_images\train\eyedrop-single\eyedrop_single_63.jpg,eyedrop-single,2,band,0.6315786838531494
2026-06-24T10:13:01.441352,C:\Users\이예은\A-EYE\test_images\train\eyedrop-single\eyedrop_single_63.jpg,eyedrop-single,3,eyedrop-multi,0.6272510290145874
2026-06-24T10:13:01.441352,C:\Users\이예은\A-EYE\test_images\train\eyedrop-single\eyedrop_single_63.jpg,eyedrop-single,4,pancol,0.39502957463264465
2026-06-24T10:13:07.692530,C:\Users\이예은\A-EYE\test_images\train\eyedrop-single\eyedrop_single_64.jpg,eyedrop-single,1,eyedrop-multi,0.8785621523857117
2026-06-24T10:13:07.692530,C:\Users\이예은\A-EYE\test_images\train\eyedrop-single\eyedrop_single_64.jpg,eyedrop-single,2,eyedrop-single,0.8634288311004639
2026-06-24T10:13:07.692530,C:\Users\이예은\A-EYE\test_images\train\eyedrop-single\eyedrop_single_64.jpg,eyedrop-single,3,geborin,0.7723718881607056
2026-06-24T10:13:07.692530,C:\Users\이예은\A-EYE\test_images\train\eyedrop-single\eyedrop_single_64.jpg,eyedrop-single,4,patch,0.6326585412025452
2026-06-24T10:13:14.600606,C:\Users\이예은\A-EYE\test_images\train\eyedrop-single\eyedrop_single_65.jpg,eyedrop-single,1,eyedrop-single,0.828119695186615
2026-06-24T10:13:14.600606,C:\Users\이예은\A-EYE\test_images\train\eyedrop-single\eyedrop_single_65.jpg,eyedrop-single,2,panpirin,0.7635953426361084
2026-06-24T10:13:14.600606,C:\Users\이예은\A-EYE\test_images\train\eyedrop-single\eyedrop_single_65.jpg,eyedrop-single,3,patch,0.7585009336471558
2026-06-24T10:13:14.600606,C:\Users\이예은\A-EYE\test_images\train\eyedrop-single\eyedrop_single_65.jpg,eyedrop-single,4,eyedrop-multi,0.7478294372558594
2026-06-24T10:13:14.600606,C:\Users\이예은\A-EYE\test_images\train\eyedrop-single\eyedrop_single_65.jpg,eyedrop-single,5,geborin,0.5033349394798279
2026-06-24T10:13:14.600606,C:\Users\이예은\A-EYE\test_images\train\eyedrop-single\eyedrop_single_65.jpg,eyedrop-single,6,fusidin,0.3595946431159973
2026-06-24T10:13:14.600606,C:\Users\이예은\A-EYE\test_images\train\eyedrop-single\eyedrop_single_65.jpg,eyedrop-single,7,festal,0.25490036606788635
2026-06-24T10:13:20.852385,C:\Users\이예은\A-EYE\test_images\train\eyedrop-single\eyedrop_single_66.jpg,eyedrop-single,1,eyedrop-single,0.8659387230873108
2026-06-24T10:13:20.852385,C:\Users\이예은\A-EYE\test_images\train\eyedrop-single\eyedrop_single_66.jpg,eyedrop-single,2,eyedrop-multi,0.7311240434646606
2026-06-24T10:13:20.852385,C:\Users\이예은\A-EYE\test_images\train\eyedrop-single\eyedrop_single_66.jpg,eyedrop-single,3,bearse,0.45773833990097046
2026-06-24T10:13:20.852385,C:\Users\이예은\A-EYE\test_images\train\eyedrop-single\eyedrop_single_66.jpg,eyedrop-single,4,pancol,0.3628929555416107
2026-06-24T10:13:27.718482,C:\Users\이예은\A-EYE\test_images\train\eyedrop-single\eyedrop_single_67.jpg,eyedrop-single,1,eyedrop-single,0.8002782464027405
2026-06-24T10:13:27.718482,C:\Users\이예은\A-EYE\test_images\train\eyedrop-single\eyedrop_single_67.jpg,eyedrop-single,2,eyedrop-multi,0.7701276540756226
2026-06-24T10:13:27.718482,C:\Users\이예은\A-EYE\test_images\train\eyedrop-single\eyedrop_single_67.jpg,eyedrop-single,3,patch,0.5516473650932312
2026-06-24T10:13:34.757311,C:\Users\이예은\A-EYE\test_images\train\eyedrop-single\eyedrop_single_69.jpg,eyedrop-single,1,eyedrop-single,0.8428325653076172
2026-06-24T10:13:34.757311,C:\Users\이예은\A-EYE\test_images\train\eyedrop-single\eyedrop_single_69.jpg,eyedrop-single,2,eyedrop-multi,0.8101016879081726
2026-06-24T10:13:34.757311,C:\Users\이예은\A-EYE\test_images\train\eyedrop-single\eyedrop_single_69.jpg,eyedrop-single,3,festal,0.5037060976028442
2026-06-24T10:13:34.757311,C:\Users\이예은\A-EYE\test_images\train\eyedrop-single\eyedrop_single_69.jpg,eyedrop-single,4,patch,0.30497443675994873
2026-06-24T10:13:40.905357,C:\Users\이예은\A-EYE\test_images\train\eyedrop-single\eyedrop_single_70.jpg,eyedrop-single,1,eyedrop-single,0.8537348508834839
2026-06-24T10:13:40.905357,C:\Users\이예은\A-EYE\test_images\train\eyedrop-single\eyedrop_single_70.jpg,eyedrop-single,2,eyedrop-multi,0.7889328598976135
2026-06-24T10:13:40.905357,C:\Users\이예은\A-EYE\test_images\train\eyedrop-single\eyedrop_single_70.jpg,eyedrop-single,3,festal,0.26089560985565186
2026-06-24T10:13:46.524630,C:\Users\이예은\A-EYE\test_images\train\eyedrop-single\eyedrop_single_73.jpg,eyedrop-single,1,eyedrop-multi,0.7494111657142639
2026-06-24T10:13:46.524630,C:\Users\이예은\A-EYE\test_images\train\eyedrop-single\eyedrop_single_73.jpg,eyedrop-single,2,eyedrop-single,0.684960663318634
2026-06-24T10:13:46.524630,C:\Users\이예은\A-EYE\test_images\train\eyedrop-single\eyedrop_single_73.jpg,eyedrop-single,3,band,0.4089285433292389
2026-06-24T10:13:46.524630,C:\Users\이예은\A-EYE\test_images\train\eyedrop-single\eyedrop_single_73.jpg,eyedrop-single,4,panpirin,0.37827861309051514
2026-06-24T10:13:46.524630,C:\Users\이예은\A-EYE\test_images\train\eyedrop-single\eyedrop_single_73.jpg,eyedrop-single,5,tylenol,0.31265589594841003
2026-06-24T10:13:46.524630,C:\Users\이예은\A-EYE\test_images\train\eyedrop-single\eyedrop_single_73.jpg,eyedrop-single,6,geborin,0.28338623046875
2026-06-24T10:13:57.694189,C:\Users\이예은\A-EYE\test_images\train\eyedrop-single\eyedrop_single_74.jpg,eyedrop-single,1,fusidin,0.7409422993659973
2026-06-24T10:13:57.694189,C:\Users\이예은\A-EYE\test_images\train\eyedrop-single\eyedrop_single_74.jpg,eyedrop-single,2,eyedrop-single,0.6998024582862854
2026-06-24T10:14:03.883409,C:\Users\이예은\A-EYE\test_images\train\eyedrop-single\eyedrop_single_75.jpg,eyedrop-single,1,eyedrop-single,0.8360737562179565
2026-06-24T10:14:03.883409,C:\Users\이예은\A-EYE\test_images\train\eyedrop-single\eyedrop_single_75.jpg,eyedrop-single,2,band,0.7508636116981506
2026-06-24T10:14:03.883409,C:\Users\이예은\A-EYE\test_images\train\eyedrop-single\eyedrop_single_75.jpg,eyedrop-single,3,eyedrop-multi,0.547256588935852
2026-06-24T10:14:03.883409,C:\Users\이예은\A-EYE\test_images\train\eyedrop-single\eyedrop_single_75.jpg,eyedrop-single,4,fusidin,0.476859986782074
2026-06-24T10:14:03.883409,C:\Users\이예은\A-EYE\test_images\train\eyedrop-single\eyedrop_single_75.jpg,eyedrop-single,5,bearse,0.44190019369125366
2026-06-24T10:14:03.883409,C:\Users\이예은\A-EYE\test_images\train\eyedrop-single\eyedrop_single_75.jpg,eyedrop-single,6,panpirin,0.3532029092311859
2026-06-24T10:14:09.408869,C:\Users\이예은\A-EYE\test_images\train\eyedrop-single\eyedrop_single_76.jpg,eyedrop-single,1,eyedrop-single,0.8212924599647522
2026-06-24T10:14:09.408869,C:\Users\이예은\A-EYE\test_images\train\eyedrop-single\eyedrop_single_76.jpg,eyedrop-single,2,fusidin,0.5138868689537048
2026-06-24T10:14:09.408869,C:\Users\이예은\A-EYE\test_images\train\eyedrop-single\eyedrop_single_76.jpg,eyedrop-single,3,panpirin,0.4670979380607605
2026-06-24T10:14:09.408869,C:\Users\이예은\A-EYE\test_images\train\eyedrop-single\eyedrop_single_76.jpg,eyedrop-single,4,eyedrop-multi,0.25932493805885315
2026-06-24T10:14:19.106304,C:\Users\이예은\A-EYE\test_images\train\ezen6\ezen6_01.jpg,ezen6,1,ezen6,0.9188942909240723
2026-06-24T10:14:19.106304,C:\Users\이예은\A-EYE\test_images\train\ezen6\ezen6_01.jpg,ezen6,2,panpirin,0.9074511528015137
2026-06-24T10:14:19.106304,C:\Users\이예은\A-EYE\test_images\train\ezen6\ezen6_01.jpg,ezen6,3,eyedrop-multi,0.5632224678993225
2026-06-24T10:14:25.151416,C:\Users\이예은\A-EYE\test_images\train\ezen6\ezen6_03.jpg,ezen6,1,ezen6,0.8474767804145813
2026-06-24T10:14:25.151416,C:\Users\이예은\A-EYE\test_images\train\ezen6\ezen6_03.jpg,ezen6,2,panpirin,0.7722593545913696
2026-06-24T10:14:25.151416,C:\Users\이예은\A-EYE\test_images\train\ezen6\ezen6_03.jpg,ezen6,3,festal,0.5695434808731079
2026-06-24T10:14:35.272272,C:\Users\이예은\A-EYE\test_images\train\ezen6\ezen6_04.jpg,ezen6,1,festal,0.8674597144126892
2026-06-24T10:14:35.272272,C:\Users\이예은\A-EYE\test_images\train\ezen6\ezen6_04.jpg,ezen6,2,ezen6,0.8584151268005371
2026-06-24T10:14:35.272272,C:\Users\이예은\A-EYE\test_images\train\ezen6\ezen6_04.jpg,ezen6,3,eyedrop-multi,0.5106012225151062
2026-06-24T10:14:46.895805,C:\Users\이예은\A-EYE\test_images\train\ezen6\ezen6_05.jpg,ezen6,1,ezen6,0.8950468301773071
2026-06-24T10:14:46.895805,C:\Users\이예은\A-EYE\test_images\train\ezen6\ezen6_05.jpg,ezen6,2,panpirin,0.887182354927063
2026-06-24T10:14:46.895805,C:\Users\이예은\A-EYE\test_images\train\ezen6\ezen6_05.jpg,ezen6,3,eyedrop-multi,0.47313234210014343
2026-06-24T10:14:46.895805,C:\Users\이예은\A-EYE\test_images\train\ezen6\ezen6_05.jpg,ezen6,4,fusidin,0.2931622564792633
2026-06-24T10:14:59.417998,C:\Users\이예은\A-EYE\test_images\train\ezen6\ezen6_06.jpg,ezen6,1,ezen6,0.8620745539665222
2026-06-24T10:14:59.417998,C:\Users\이예은\A-EYE\test_images\train\ezen6\ezen6_06.jpg,ezen6,2,eyedrop-single,0.3910757005214691
2026-06-24T10:15:11.511640,C:\Users\이예은\A-EYE\test_images\train\ezen6\ezen6_08.jpg,ezen6,1,ezen6,0.8939496278762817
2026-06-24T10:15:11.511640,C:\Users\이예은\A-EYE\test_images\train\ezen6\ezen6_08.jpg,ezen6,2,panpirin,0.8661433458328247
2026-06-24T10:15:11.511640,C:\Users\이예은\A-EYE\test_images\train\ezen6\ezen6_08.jpg,ezen6,3,eyedrop-multi,0.5502848029136658
2026-06-24T10:15:11.511640,C:\Users\이예은\A-EYE\test_images\train\ezen6\ezen6_08.jpg,ezen6,4,eyedrop-single,0.4846327006816864
2026-06-24T10:15:11.511640,C:\Users\이예은\A-EYE\test_images\train\ezen6\ezen6_08.jpg,ezen6,5,pancol,0.2721335291862488
2026-06-24T10:15:17.869481,C:\Users\이예은\A-EYE\test_images\train\ezen6\ezen6_09.jpg,ezen6,1,ezen6,0.8777508735656738
2026-06-24T10:15:17.869481,C:\Users\이예은\A-EYE\test_images\train\ezen6\ezen6_09.jpg,ezen6,2,panpirin,0.6343708634376526
2026-06-24T10:15:17.869481,C:\Users\이예은\A-EYE\test_images\train\ezen6\ezen6_09.jpg,ezen6,3,geborin,0.5443576574325562
2026-06-24T10:15:17.869481,C:\Users\이예은\A-EYE\test_images\train\ezen6\ezen6_09.jpg,ezen6,4,eyedrop-single,0.3766321837902069
2026-06-24T10:15:23.542151,C:\Users\이예은\A-EYE\test_images\train\ezen6\ezen6_11.jpg,ezen6,1,ezen6,0.8926607370376587
2026-06-24T10:15:23.542151,C:\Users\이예은\A-EYE\test_images\train\ezen6\ezen6_11.jpg,ezen6,2,panpirin,0.6267979145050049
2026-06-24T10:15:23.542151,C:\Users\이예은\A-EYE\test_images\train\ezen6\ezen6_11.jpg,ezen6,3,eyedrop-multi,0.48675990104675293
2026-06-24T10:15:23.542151,C:\Users\이예은\A-EYE\test_images\train\ezen6\ezen6_11.jpg,ezen6,4,tylenol,0.4590594470500946
2026-06-24T10:15:32.127307,C:\Users\이예은\A-EYE\test_images\train\ezen6\ezen6_15.jpg,ezen6,1,ezen6,0.8494287729263306
2026-06-24T10:15:32.127307,C:\Users\이예은\A-EYE\test_images\train\ezen6\ezen6_15.jpg,ezen6,2,panpirin,0.7513924837112427
2026-06-24T10:15:41.166683,C:\Users\이예은\A-EYE\test_images\train\ezen6\ezen6_16.jpg,ezen6,1,ezen6,0.8375551104545593
2026-06-24T10:15:41.166683,C:\Users\이예은\A-EYE\test_images\train\ezen6\ezen6_16.jpg,ezen6,2,eyedrop-multi,0.6141003370285034
2026-06-24T10:15:41.166683,C:\Users\이예은\A-EYE\test_images\train\ezen6\ezen6_16.jpg,ezen6,3,panpirin,0.4813026189804077
2026-06-24T10:15:41.166683,C:\Users\이예은\A-EYE\test_images\train\ezen6\ezen6_16.jpg,ezen6,4,festal,0.28238874673843384
2026-06-24T10:15:47.222764,C:\Users\이예은\A-EYE\test_images\train\ezen6\ezen6_17.jpg,ezen6,1,ezen6,0.8950222134590149
2026-06-24T10:15:47.222764,C:\Users\이예은\A-EYE\test_images\train\ezen6\ezen6_17.jpg,ezen6,2,panpirin,0.8398832678794861
2026-06-24T10:15:53.688325,C:\Users\이예은\A-EYE\test_images\train\ezen6\ezen6_18.jpg,ezen6,1,ezen6,0.8991559743881226
2026-06-24T10:15:53.688325,C:\Users\이예은\A-EYE\test_images\train\ezen6\ezen6_18.jpg,ezen6,2,panpirin,0.7313071489334106
2026-06-24T10:15:53.688325,C:\Users\이예은\A-EYE\test_images\train\ezen6\ezen6_18.jpg,ezen6,3,tylenol,0.2958471477031708
2026-06-24T10:15:59.816879,C:\Users\이예은\A-EYE\test_images\train\ezen6\ezen6_19.jpg,ezen6,1,ezen6,0.8866354823112488
2026-06-24T10:15:59.816879,C:\Users\이예은\A-EYE\test_images\train\ezen6\ezen6_19.jpg,ezen6,2,festal,0.6800925135612488
2026-06-24T10:15:59.816879,C:\Users\이예은\A-EYE\test_images\train\ezen6\ezen6_19.jpg,ezen6,3,band,0.5244610905647278
2026-06-24T10:15:59.816879,C:\Users\이예은\A-EYE\test_images\train\ezen6\ezen6_19.jpg,ezen6,4,eyedrop-multi,0.40626195073127747
2026-06-24T10:16:10.724445,C:\Users\이예은\A-EYE\test_images\train\ezen6\ezen6_20.jpg,ezen6,1,ezen6,0.8636112213134766
2026-06-24T10:16:10.724445,C:\Users\이예은\A-EYE\test_images\train\ezen6\ezen6_20.jpg,ezen6,2,panpirin,0.862629234790802
2026-06-24T10:16:21.783352,C:\Users\이예은\A-EYE\test_images\train\ezen6\ezen6_21.jpg,ezen6,1,ezen6,0.84479159116745
2026-06-24T10:16:21.783352,C:\Users\이예은\A-EYE\test_images\train\ezen6\ezen6_21.jpg,ezen6,2,panpirin,0.806670606136322
2026-06-24T10:16:21.783352,C:\Users\이예은\A-EYE\test_images\train\ezen6\ezen6_21.jpg,ezen6,3,festal,0.4189227223396301
2026-06-24T10:16:21.783352,C:\Users\이예은\A-EYE\test_images\train\ezen6\ezen6_21.jpg,ezen6,4,tylenol,0.3396100401878357
2026-06-24T10:16:29.307872,C:\Users\이예은\A-EYE\test_images\train\ezen6\ezen6_23.jpg,ezen6,1,ezen6,0.9501979947090149
2026-06-24T10:16:29.307872,C:\Users\이예은\A-EYE\test_images\train\ezen6\ezen6_23.jpg,ezen6,2,panpirin,0.8930245041847229
2026-06-24T10:16:29.307872,C:\Users\이예은\A-EYE\test_images\train\ezen6\ezen6_23.jpg,ezen6,3,festal,0.7760410308837891
2026-06-24T10:16:29.307872,C:\Users\이예은\A-EYE\test_images\train\ezen6\ezen6_23.jpg,ezen6,4,geborin,0.4495601952075958
2026-06-24T10:16:29.307872,C:\Users\이예은\A-EYE\test_images\train\ezen6\ezen6_23.jpg,ezen6,5,band,0.4151131510734558
2026-06-24T10:16:29.307872,C:\Users\이예은\A-EYE\test_images\train\ezen6\ezen6_23.jpg,ezen6,6,eyedrop-single,0.323519229888916
2026-06-24T10:16:40.836590,C:\Users\이예은\A-EYE\test_images\train\ezen6\ezen6_24.jpg,ezen6,1,ezen6,0.8493751883506775
2026-06-24T10:16:40.836590,C:\Users\이예은\A-EYE\test_images\train\ezen6\ezen6_24.jpg,ezen6,2,tylenol,0.8435256481170654
2026-06-24T10:16:40.836590,C:\Users\이예은\A-EYE\test_images\train\ezen6\ezen6_24.jpg,ezen6,3,panpirin,0.680709719657898
2026-06-24T10:16:40.836590,C:\Users\이예은\A-EYE\test_images\train\ezen6\ezen6_24.jpg,ezen6,4,festal,0.41361668705940247
2026-06-24T10:16:52.473260,C:\Users\이예은\A-EYE\test_images\train\ezen6\ezen6_25.jpg,ezen6,1,ezen6,0.870299756526947
2026-06-24T10:16:52.473260,C:\Users\이예은\A-EYE\test_images\train\ezen6\ezen6_25.jpg,ezen6,2,panpirin,0.8573153614997864
2026-06-24T10:16:52.473260,C:\Users\이예은\A-EYE\test_images\train\ezen6\ezen6_25.jpg,ezen6,3,eyedrop-multi,0.5008540153503418
2026-06-24T10:17:04.053564,C:\Users\이예은\A-EYE\test_images\train\ezen6\ezen6_27.jpg,ezen6,1,panpirin,0.8792163729667664
2026-06-24T10:17:04.053564,C:\Users\이예은\A-EYE\test_images\train\ezen6\ezen6_27.jpg,ezen6,2,ezen6,0.8734337687492371
2026-06-24T10:17:04.053564,C:\Users\이예은\A-EYE\test_images\train\ezen6\ezen6_27.jpg,ezen6,3,eyedrop-multi,0.6210319995880127
2026-06-24T10:17:15.209708,C:\Users\이예은\A-EYE\test_images\train\ezen6\ezen6_28.jpg,ezen6,1,ezen6,0.8860287070274353
2026-06-24T10:17:15.209708,C:\Users\이예은\A-EYE\test_images\train\ezen6\ezen6_28.jpg,ezen6,2,panpirin,0.8399388790130615
2026-06-24T10:17:15.209708,C:\Users\이예은\A-EYE\test_images\train\ezen6\ezen6_28.jpg,ezen6,3,pancol,0.5387569665908813
2026-06-24T10:17:15.209708,C:\Users\이예은\A-EYE\test_images\train\ezen6\ezen6_28.jpg,ezen6,4,fusidin,0.32302147150039673
2026-06-24T10:17:15.209708,C:\Users\이예은\A-EYE\test_images\train\ezen6\ezen6_28.jpg,ezen6,5,festal,0.2782902717590332
2026-06-24T10:17:25.332483,C:\Users\이예은\A-EYE\test_images\train\ezen6\ezen6_29.jpg,ezen6,1,ezen6,0.9093286991119385
2026-06-24T10:17:25.332483,C:\Users\이예은\A-EYE\test_images\train\ezen6\ezen6_29.jpg,ezen6,2,panpirin,0.8253743648529053
2026-06-24T10:17:25.332483,C:\Users\이예은\A-EYE\test_images\train\ezen6\ezen6_29.jpg,ezen6,3,festal,0.7526227235794067
2026-06-24T10:17:25.332483,C:\Users\이예은\A-EYE\test_images\train\ezen6\ezen6_29.jpg,ezen6,4,band,0.4785332679748535
2026-06-24T10:17:25.332483,C:\Users\이예은\A-EYE\test_images\train\ezen6\ezen6_29.jpg,ezen6,5,eyedrop-multi,0.25483861565589905
2026-06-24T10:17:35.692511,C:\Users\이예은\A-EYE\test_images\train\ezen6\ezen6_30.jpg,ezen6,1,ezen6,0.8765600919723511
2026-06-24T10:17:35.692511,C:\Users\이예은\A-EYE\test_images\train\ezen6\ezen6_30.jpg,ezen6,2,panpirin,0.56827312707901
2026-06-24T10:17:46.181004,C:\Users\이예은\A-EYE\test_images\train\ezen6\ezen6_33.jpg,ezen6,1,ezen6,0.8914669752120972
2026-06-24T10:17:46.181004,C:\Users\이예은\A-EYE\test_images\train\ezen6\ezen6_33.jpg,ezen6,2,panpirin,0.43202683329582214
2026-06-24T10:17:56.818960,C:\Users\이예은\A-EYE\test_images\train\ezen6\ezen6_34.jpg,ezen6,1,ezen6,0.8767986297607422
2026-06-24T10:17:56.818960,C:\Users\이예은\A-EYE\test_images\train\ezen6\ezen6_34.jpg,ezen6,2,panpirin,0.8061044812202454
2026-06-24T10:17:56.818960,C:\Users\이예은\A-EYE\test_images\train\ezen6\ezen6_34.jpg,ezen6,3,festal,0.337349534034729
2026-06-24T10:18:08.166612,C:\Users\이예은\A-EYE\test_images\train\ezen6\ezen6_35.jpg,ezen6,1,ezen6,0.8690082430839539
2026-06-24T10:18:08.166612,C:\Users\이예은\A-EYE\test_images\train\ezen6\ezen6_35.jpg,ezen6,2,panpirin,0.6317054033279419
2026-06-24T10:18:08.166612,C:\Users\이예은\A-EYE\test_images\train\ezen6\ezen6_35.jpg,ezen6,3,tylenol,0.5270293951034546
2026-06-24T10:18:20.598126,C:\Users\이예은\A-EYE\test_images\train\ezen6\ezen6_36.jpg,ezen6,1,ezen6,0.8302367925643921
2026-06-24T10:18:20.598126,C:\Users\이예은\A-EYE\test_images\train\ezen6\ezen6_36.jpg,ezen6,2,fusidin,0.5696766376495361
2026-06-24T10:18:27.765353,C:\Users\이예은\A-EYE\test_images\train\ezen6\ezen6_37.jpg,ezen6,1,ezen6,0.9162253141403198
2026-06-24T10:18:27.765353,C:\Users\이예은\A-EYE\test_images\train\ezen6\ezen6_37.jpg,ezen6,2,geborin,0.6543310880661011
2026-06-24T10:18:27.765353,C:\Users\이예은\A-EYE\test_images\train\ezen6\ezen6_37.jpg,ezen6,3,eyedrop-multi,0.5995672941207886
2026-06-24T10:18:27.765353,C:\Users\이예은\A-EYE\test_images\train\ezen6\ezen6_37.jpg,ezen6,4,tylenol,0.38247445225715637
2026-06-24T10:18:27.765353,C:\Users\이예은\A-EYE\test_images\train\ezen6\ezen6_37.jpg,ezen6,5,panpirin,0.343094140291214
2026-06-24T10:18:27.765353,C:\Users\이예은\A-EYE\test_images\train\ezen6\ezen6_37.jpg,ezen6,6,festal,0.3426216244697571
2026-06-24T10:18:34.874859,C:\Users\이예은\A-EYE\test_images\train\ezen6\ezen6_38.jpg,ezen6,1,ezen6,0.8583306670188904
2026-06-24T10:18:34.874859,C:\Users\이예은\A-EYE\test_images\train\ezen6\ezen6_38.jpg,ezen6,2,festal,0.8172004222869873
2026-06-24T10:18:34.874859,C:\Users\이예은\A-EYE\test_images\train\ezen6\ezen6_38.jpg,ezen6,3,eyedrop-multi,0.2549586892127991
2026-06-24T10:18:34.874859,C:\Users\이예은\A-EYE\test_images\train\ezen6\ezen6_38.jpg,ezen6,4,geborin,0.25296297669410706
2026-06-24T10:18:42.160161,C:\Users\이예은\A-EYE\test_images\train\ezen6\ezen6_39.jpg,ezen6,1,ezen6,0.9033176898956299
2026-06-24T10:18:42.160161,C:\Users\이예은\A-EYE\test_images\train\ezen6\ezen6_39.jpg,ezen6,2,eyedrop-multi,0.6499732732772827
2026-06-24T10:18:42.160161,C:\Users\이예은\A-EYE\test_images\train\ezen6\ezen6_39.jpg,ezen6,3,eyedrop-single,0.5768048167228699
2026-06-24T10:18:42.160161,C:\Users\이예은\A-EYE\test_images\train\ezen6\ezen6_39.jpg,ezen6,4,festal,0.5377923846244812
2026-06-24T10:18:42.160161,C:\Users\이예은\A-EYE\test_images\train\ezen6\ezen6_39.jpg,ezen6,5,tylenol,0.39038026332855225
2026-06-24T10:18:42.160161,C:\Users\이예은\A-EYE\test_images\train\ezen6\ezen6_39.jpg,ezen6,6,geborin,0.3318021893501282
2026-06-24T10:18:49.594100,C:\Users\이예은\A-EYE\test_images\train\ezen6\ezen6_40.jpg,ezen6,1,ezen6,0.90189129114151
2026-06-24T10:18:49.594100,C:\Users\이예은\A-EYE\test_images\train\ezen6\ezen6_40.jpg,ezen6,2,festal,0.8051301836967468
2026-06-24T10:18:49.594100,C:\Users\이예은\A-EYE\test_images\train\ezen6\ezen6_40.jpg,ezen6,3,tylenol,0.790520966053009
2026-06-24T10:18:49.594100,C:\Users\이예은\A-EYE\test_images\train\ezen6\ezen6_40.jpg,ezen6,4,panpirin,0.7313537001609802
2026-06-24T10:18:49.594100,C:\Users\이예은\A-EYE\test_images\train\ezen6\ezen6_40.jpg,ezen6,5,eyedrop-multi,0.4814339280128479
2026-06-24T10:18:49.594100,C:\Users\이예은\A-EYE\test_images\train\ezen6\ezen6_40.jpg,ezen6,6,geborin,0.41355180740356445
2026-06-24T10:18:59.467761,C:\Users\이예은\A-EYE\test_images\train\ezen6\ezen6_41.jpg,ezen6,1,ezen6,0.8996744751930237
2026-06-24T10:18:59.467761,C:\Users\이예은\A-EYE\test_images\train\ezen6\ezen6_41.jpg,ezen6,2,tylenol,0.37980160117149353
2026-06-24T10:18:59.467761,C:\Users\이예은\A-EYE\test_images\train\ezen6\ezen6_41.jpg,ezen6,3,festal,0.3093281090259552
2026-06-24T10:18:59.467761,C:\Users\이예은\A-EYE\test_images\train\ezen6\ezen6_41.jpg,ezen6,4,geborin,0.2723695635795593
2026-06-24T10:19:05.356604,C:\Users\이예은\A-EYE\test_images\train\ezen6\ezen6_42.jpg,ezen6,1,ezen6,0.8615779280662537
2026-06-24T10:19:05.356604,C:\Users\이예은\A-EYE\test_images\train\ezen6\ezen6_42.jpg,ezen6,2,eyedrop-multi,0.6222329139709473
2026-06-24T10:19:05.356604,C:\Users\이예은\A-EYE\test_images\train\ezen6\ezen6_42.jpg,ezen6,3,festal,0.6068524122238159
2026-06-24T10:19:05.356604,C:\Users\이예은\A-EYE\test_images\train\ezen6\ezen6_42.jpg,ezen6,4,geborin,0.5164722204208374
2026-06-24T10:19:14.153424,C:\Users\이예은\A-EYE\test_images\train\ezen6\ezen6_43.jpg,ezen6,1,ezen6,0.8546924591064453
2026-06-24T10:19:14.153424,C:\Users\이예은\A-EYE\test_images\train\ezen6\ezen6_43.jpg,ezen6,2,geborin,0.3003850281238556
2026-06-24T10:19:14.153424,C:\Users\이예은\A-EYE\test_images\train\ezen6\ezen6_43.jpg,ezen6,3,eyedrop-single,0.2810714840888977
2026-06-24T10:19:14.153424,C:\Users\이예은\A-EYE\test_images\train\ezen6\ezen6_43.jpg,ezen6,4,festal,0.2545004189014435
2026-06-24T10:19:19.755010,C:\Users\이예은\A-EYE\test_images\train\ezen6\ezen6_44.jpg,ezen6,1,ezen6,0.8401460647583008
2026-06-24T10:19:19.755010,C:\Users\이예은\A-EYE\test_images\train\ezen6\ezen6_44.jpg,ezen6,2,panpirin,0.7066848874092102
2026-06-24T10:19:19.755010,C:\Users\이예은\A-EYE\test_images\train\ezen6\ezen6_44.jpg,ezen6,3,eyedrop-multi,0.26768958568573
2026-06-24T10:19:28.366951,C:\Users\이예은\A-EYE\test_images\train\ezen6\ezen6_45.jpg,ezen6,1,ezen6,0.8999425172805786
2026-06-24T10:19:28.366951,C:\Users\이예은\A-EYE\test_images\train\ezen6\ezen6_45.jpg,ezen6,2,panpirin,0.845029354095459
2026-06-24T10:19:28.366951,C:\Users\이예은\A-EYE\test_images\train\ezen6\ezen6_45.jpg,ezen6,3,tylenol,0.7995714545249939
2026-06-24T10:19:33.995456,C:\Users\이예은\A-EYE\test_images\train\ezen6\ezen6_46.jpg,ezen6,1,ezen6,0.8962196707725525
2026-06-24T10:19:33.995456,C:\Users\이예은\A-EYE\test_images\train\ezen6\ezen6_46.jpg,ezen6,2,panpirin,0.7336097955703735
2026-06-24T10:19:33.995456,C:\Users\이예은\A-EYE\test_images\train\ezen6\ezen6_46.jpg,ezen6,3,eyedrop-multi,0.4625932574272156
2026-06-24T10:19:43.366731,C:\Users\이예은\A-EYE\test_images\train\ezen6\ezen6_47.jpg,ezen6,1,ezen6,0.8852968215942383
2026-06-24T10:19:43.366731,C:\Users\이예은\A-EYE\test_images\train\ezen6\ezen6_47.jpg,ezen6,2,band,0.46973717212677
2026-06-24T10:19:43.366731,C:\Users\이예은\A-EYE\test_images\train\ezen6\ezen6_47.jpg,ezen6,3,tylenol,0.3369382321834564
2026-06-24T10:19:43.366731,C:\Users\이예은\A-EYE\test_images\train\ezen6\ezen6_47.jpg,ezen6,4,eyedrop-single,0.2770744860172272
2026-06-24T10:19:43.366731,C:\Users\이예은\A-EYE\test_images\train\ezen6\ezen6_47.jpg,ezen6,5,geborin,0.2676270306110382
2026-06-24T10:19:43.366731,C:\Users\이예은\A-EYE\test_images\train\ezen6\ezen6_47.jpg,ezen6,6,panpirin,0.26707613468170166
2026-06-24T10:19:54.187764,C:\Users\이예은\A-EYE\test_images\train\ezen6\ezen6_48.jpg,ezen6,1,ezen6,0.8552291989326477
2026-06-24T10:19:54.187764,C:\Users\이예은\A-EYE\test_images\train\ezen6\ezen6_48.jpg,ezen6,2,panpirin,0.7741518020629883
2026-06-24T10:20:06.522632,C:\Users\이예은\A-EYE\test_images\train\ezen6\ezen6_49.jpg,ezen6,1,ezen6,0.8878169059753418
2026-06-24T10:20:06.522632,C:\Users\이예은\A-EYE\test_images\train\ezen6\ezen6_49.jpg,ezen6,2,tylenol,0.25302425026893616
2026-06-24T10:20:19.330188,C:\Users\이예은\A-EYE\test_images\train\ezen6\ezen6_50.jpg,ezen6,1,panpirin,0.8903318643569946
2026-06-24T10:20:19.330188,C:\Users\이예은\A-EYE\test_images\train\ezen6\ezen6_50.jpg,ezen6,2,ezen6,0.8699381351470947
2026-06-24T10:20:19.330188,C:\Users\이예은\A-EYE\test_images\train\ezen6\ezen6_50.jpg,ezen6,3,eyedrop-multi,0.45971304178237915
2026-06-24T10:20:19.330188,C:\Users\이예은\A-EYE\test_images\train\ezen6\ezen6_50.jpg,ezen6,4,festal,0.38455691933631897
2026-06-24T10:20:19.330188,C:\Users\이예은\A-EYE\test_images\train\ezen6\ezen6_50.jpg,ezen6,5,tylenol,0.34405046701431274
2026-06-24T10:20:30.455520,C:\Users\이예은\A-EYE\test_images\train\ezen6\ezen6_51.jpg,ezen6,1,ezen6,0.8844802379608154
2026-06-24T10:20:30.455520,C:\Users\이예은\A-EYE\test_images\train\ezen6\ezen6_51.jpg,ezen6,2,panpirin,0.8085407018661499
2026-06-24T10:20:30.455520,C:\Users\이예은\A-EYE\test_images\train\ezen6\ezen6_51.jpg,ezen6,3,band,0.5681982636451721
2026-06-24T10:20:30.455520,C:\Users\이예은\A-EYE\test_images\train\ezen6\ezen6_51.jpg,ezen6,4,tylenol,0.4388577938079834
2026-06-24T10:20:30.455520,C:\Users\이예은\A-EYE\test_images\train\ezen6\ezen6_51.jpg,ezen6,5,eyedrop-multi,0.28050532937049866
2026-06-24T10:20:40.544858,C:\Users\이예은\A-EYE\test_images\train\ezen6\ezen6_52.jpg,ezen6,1,panpirin,0.9209133386611938
2026-06-24T10:20:40.544858,C:\Users\이예은\A-EYE\test_images\train\ezen6\ezen6_52.jpg,ezen6,2,ezen6,0.8892916440963745
2026-06-24T10:20:40.544858,C:\Users\이예은\A-EYE\test_images\train\ezen6\ezen6_52.jpg,ezen6,3,eyedrop-multi,0.6616652011871338
2026-06-24T10:20:40.544858,C:\Users\이예은\A-EYE\test_images\train\ezen6\ezen6_52.jpg,ezen6,4,geborin,0.2820674777030945
2026-06-24T10:20:40.544858,C:\Users\이예은\A-EYE\test_images\train\ezen6\ezen6_52.jpg,ezen6,5,festal,0.2591272294521332
2026-06-24T10:20:50.555603,C:\Users\이예은\A-EYE\test_images\train\ezen6\ezen6_54.jpg,ezen6,1,ezen6,0.8823699355125427
2026-06-24T10:20:50.555603,C:\Users\이예은\A-EYE\test_images\train\ezen6\ezen6_54.jpg,ezen6,2,panpirin,0.794309139251709
2026-06-24T10:20:50.555603,C:\Users\이예은\A-EYE\test_images\train\ezen6\ezen6_54.jpg,ezen6,3,eyedrop-single,0.44105127453804016
2026-06-24T10:20:56.621940,C:\Users\이예은\A-EYE\test_images\train\ezen6\ezen6_55.jpg,ezen6,1,ezen6,0.8562148809432983
2026-06-24T10:20:56.621940,C:\Users\이예은\A-EYE\test_images\train\ezen6\ezen6_55.jpg,ezen6,2,panpirin,0.6365941166877747
2026-06-24T10:20:56.621940,C:\Users\이예은\A-EYE\test_images\train\ezen6\ezen6_55.jpg,ezen6,3,tylenol,0.6283318400382996
2026-06-24T10:20:56.621940,C:\Users\이예은\A-EYE\test_images\train\ezen6\ezen6_55.jpg,ezen6,4,eyedrop-single,0.5581055879592896
2026-06-24T10:20:56.621940,C:\Users\이예은\A-EYE\test_images\train\ezen6\ezen6_55.jpg,ezen6,5,festal,0.46875354647636414
2026-06-24T10:21:01.778012,C:\Users\이예은\A-EYE\test_images\train\ezen6\ezen6_58.jpg,ezen6,1,ezen6,0.885872483253479
2026-06-24T10:21:01.778012,C:\Users\이예은\A-EYE\test_images\train\ezen6\ezen6_58.jpg,ezen6,2,panpirin,0.7981446385383606
2026-06-24T10:21:01.778012,C:\Users\이예은\A-EYE\test_images\train\ezen6\ezen6_58.jpg,ezen6,3,eyedrop-single,0.6361095309257507
2026-06-24T10:21:01.778012,C:\Users\이예은\A-EYE\test_images\train\ezen6\ezen6_58.jpg,ezen6,4,bearse,0.5603404641151428
2026-06-24T10:21:10.430300,C:\Users\이예은\A-EYE\test_images\train\ezen6\ezen6_59.jpg,ezen6,1,ezen6,0.8763591647148132
2026-06-24T10:21:10.430300,C:\Users\이예은\A-EYE\test_images\train\ezen6\ezen6_59.jpg,ezen6,2,tylenol,0.7317350506782532
2026-06-24T10:21:10.430300,C:\Users\이예은\A-EYE\test_images\train\ezen6\ezen6_59.jpg,ezen6,3,bearse,0.477120041847229
2026-06-24T10:21:10.430300,C:\Users\이예은\A-EYE\test_images\train\ezen6\ezen6_59.jpg,ezen6,4,eyedrop-single,0.4417560398578644
2026-06-24T10:21:10.430300,C:\Users\이예은\A-EYE\test_images\train\ezen6\ezen6_59.jpg,ezen6,5,geborin,0.42325112223625183
2026-06-24T10:21:20.540600,C:\Users\이예은\A-EYE\test_images\train\ezen6\ezen6_60.jpg,ezen6,1,tylenol,0.8434816598892212
2026-06-24T10:21:20.540600,C:\Users\이예은\A-EYE\test_images\train\ezen6\ezen6_60.jpg,ezen6,2,ezen6,0.8333916068077087
2026-06-24T10:21:20.540600,C:\Users\이예은\A-EYE\test_images\train\ezen6\ezen6_60.jpg,ezen6,3,festal,0.7890488505363464
2026-06-24T10:21:20.540600,C:\Users\이예은\A-EYE\test_images\train\ezen6\ezen6_60.jpg,ezen6,4,eyedrop-single,0.40195780992507935
2026-06-24T10:21:20.540600,C:\Users\이예은\A-EYE\test_images\train\ezen6\ezen6_60.jpg,ezen6,5,pancol,0.33288928866386414
2026-06-24T10:21:20.540600,C:\Users\이예은\A-EYE\test_images\train\ezen6\ezen6_60.jpg,ezen6,6,band,0.2717682421207428
2026-06-24T10:21:30.307027,C:\Users\이예은\A-EYE\test_images\train\ezen6\ezen6_61.jpg,ezen6,1,eyedrop-multi,0.8870252966880798
2026-06-24T10:21:30.307027,C:\Users\이예은\A-EYE\test_images\train\ezen6\ezen6_61.jpg,ezen6,2,ezen6,0.8437860012054443
2026-06-24T10:21:41.960949,C:\Users\이예은\A-EYE\test_images\train\ezen6\ezen6_62.jpg,ezen6,1,eyedrop-multi,0.865060567855835
2026-06-24T10:21:41.960949,C:\Users\이예은\A-EYE\test_images\train\ezen6\ezen6_62.jpg,ezen6,2,ezen6,0.7688592672348022
2026-06-24T10:21:41.960949,C:\Users\이예은\A-EYE\test_images\train\ezen6\ezen6_62.jpg,ezen6,3,eyedrop-single,0.3755076825618744
2026-06-24T10:21:55.098588,C:\Users\이예은\A-EYE\test_images\train\ezen6\ezen6_63.jpg,ezen6,1,ezen6,0.8788439631462097
2026-06-24T10:21:55.098588,C:\Users\이예은\A-EYE\test_images\train\ezen6\ezen6_63.jpg,ezen6,2,festal,0.7207173109054565
2026-06-24T10:21:55.098588,C:\Users\이예은\A-EYE\test_images\train\ezen6\ezen6_63.jpg,ezen6,3,geborin,0.6121293902397156
2026-06-24T10:21:55.098588,C:\Users\이예은\A-EYE\test_images\train\ezen6\ezen6_63.jpg,ezen6,4,tylenol,0.6017112135887146
2026-06-24T10:21:55.098588,C:\Users\이예은\A-EYE\test_images\train\ezen6\ezen6_63.jpg,ezen6,5,eyedrop-multi,0.5429996252059937
2026-06-24T10:21:55.098588,C:\Users\이예은\A-EYE\test_images\train\ezen6\ezen6_63.jpg,ezen6,6,panpirin,0.37293294072151184
2026-06-24T10:22:02.451849,C:\Users\이예은\A-EYE\test_images\train\ezen6\ezen6_64.jpg,ezen6,1,ezen6,0.9353420734405518
2026-06-24T10:22:02.451849,C:\Users\이예은\A-EYE\test_images\train\ezen6\ezen6_64.jpg,ezen6,2,festal,0.7413374185562134
2026-06-24T10:22:02.451849,C:\Users\이예은\A-EYE\test_images\train\ezen6\ezen6_64.jpg,ezen6,3,tylenol,0.7087408304214478
2026-06-24T10:22:02.451849,C:\Users\이예은\A-EYE\test_images\train\ezen6\ezen6_64.jpg,ezen6,4,eyedrop-multi,0.670198380947113
2026-06-24T10:22:02.451849,C:\Users\이예은\A-EYE\test_images\train\ezen6\ezen6_64.jpg,ezen6,5,geborin,0.6537293791770935
2026-06-24T10:22:02.451849,C:\Users\이예은\A-EYE\test_images\train\ezen6\ezen6_64.jpg,ezen6,6,pancol,0.323938250541687
2026-06-24T10:22:12.519511,C:\Users\이예은\A-EYE\test_images\train\ezen6\ezen6_65.jpg,ezen6,1,ezen6,0.9094982743263245
2026-06-24T10:22:12.519511,C:\Users\이예은\A-EYE\test_images\train\ezen6\ezen6_65.jpg,ezen6,2,tylenol,0.8873550295829773
2026-06-24T10:22:12.519511,C:\Users\이예은\A-EYE\test_images\train\ezen6\ezen6_65.jpg,ezen6,3,eyedrop-multi,0.7749167680740356
2026-06-24T10:22:12.519511,C:\Users\이예은\A-EYE\test_images\train\ezen6\ezen6_65.jpg,ezen6,4,geborin,0.7066818475723267
2026-06-24T10:22:12.519511,C:\Users\이예은\A-EYE\test_images\train\ezen6\ezen6_65.jpg,ezen6,5,festal,0.4836694896221161
2026-06-24T10:22:23.256108,C:\Users\이예은\A-EYE\test_images\train\ezen6\ezen6_67.jpg,ezen6,1,ezen6,0.8752949237823486
2026-06-24T10:22:23.256108,C:\Users\이예은\A-EYE\test_images\train\ezen6\ezen6_67.jpg,ezen6,2,eyedrop-multi,0.7700313329696655
2026-06-24T10:22:23.256108,C:\Users\이예은\A-EYE\test_images\train\ezen6\ezen6_67.jpg,ezen6,3,panpirin,0.3037469685077667
2026-06-24T10:22:29.032016,C:\Users\이예은\A-EYE\test_images\train\ezen6\ezen6_68.jpg,ezen6,1,ezen6,0.9033311009407043
2026-06-24T10:22:29.032016,C:\Users\이예은\A-EYE\test_images\train\ezen6\ezen6_68.jpg,ezen6,2,geborin,0.6950029730796814
2026-06-24T10:22:29.032016,C:\Users\이예은\A-EYE\test_images\train\ezen6\ezen6_68.jpg,ezen6,3,tylenol,0.5982538461685181
2026-06-24T10:22:29.032016,C:\Users\이예은\A-EYE\test_images\train\ezen6\ezen6_68.jpg,ezen6,4,eyedrop-single,0.5623770952224731
2026-06-24T10:22:29.032016,C:\Users\이예은\A-EYE\test_images\train\ezen6\ezen6_68.jpg,ezen6,5,band,0.5421790480613708
2026-06-24T10:22:29.032016,C:\Users\이예은\A-EYE\test_images\train\ezen6\ezen6_68.jpg,ezen6,6,eyedrop-multi,0.45659106969833374
2026-06-24T10:22:29.032016,C:\Users\이예은\A-EYE\test_images\train\ezen6\ezen6_68.jpg,ezen6,7,patch,0.32430675625801086
2026-06-24T10:22:29.032016,C:\Users\이예은\A-EYE\test_images\train\ezen6\ezen6_68.jpg,ezen6,8,panpirin,0.3181927502155304
2026-06-24T10:22:34.695753,C:\Users\이예은\A-EYE\test_images\train\ezen6\ezen6_69.jpg,ezen6,1,ezen6,0.8795025944709778
2026-06-24T10:22:34.695753,C:\Users\이예은\A-EYE\test_images\train\ezen6\ezen6_69.jpg,ezen6,2,festal,0.49817314743995667
2026-06-24T10:22:34.695753,C:\Users\이예은\A-EYE\test_images\train\ezen6\ezen6_69.jpg,ezen6,3,panpirin,0.41810300946235657
2026-06-24T10:22:40.152142,C:\Users\이예은\A-EYE\test_images\train\ezen6\ezen6_70.jpg,ezen6,1,ezen6,0.8660172820091248
2026-06-24T10:22:40.152142,C:\Users\이예은\A-EYE\test_images\train\ezen6\ezen6_70.jpg,ezen6,2,panpirin,0.5819195508956909
2026-06-24T10:22:40.152142,C:\Users\이예은\A-EYE\test_images\train\ezen6\ezen6_70.jpg,ezen6,3,festal,0.3039894104003906
2026-06-24T10:22:48.753272,C:\Users\이예은\A-EYE\test_images\train\ezen6\ezen6_72.jpg,ezen6,1,ezen6,0.9005972146987915
2026-06-24T10:22:48.753272,C:\Users\이예은\A-EYE\test_images\train\ezen6\ezen6_72.jpg,ezen6,2,panpirin,0.8797204494476318
2026-06-24T10:22:48.753272,C:\Users\이예은\A-EYE\test_images\train\ezen6\ezen6_72.jpg,ezen6,3,eyedrop-multi,0.8654369711875916
2026-06-24T10:22:58.526572,C:\Users\이예은\A-EYE\test_images\train\ezen6\ezen6_73.jpg,ezen6,1,ezen6,0.9080308675765991
2026-06-24T10:22:58.526572,C:\Users\이예은\A-EYE\test_images\train\ezen6\ezen6_73.jpg,ezen6,2,bearse,0.5921712517738342
2026-06-24T10:22:58.526572,C:\Users\이예은\A-EYE\test_images\train\ezen6\ezen6_73.jpg,ezen6,3,panpirin,0.48270556330680847
2026-06-24T10:22:58.526572,C:\Users\이예은\A-EYE\test_images\train\ezen6\ezen6_73.jpg,ezen6,4,fusidin,0.3054599463939667
2026-06-24T10:23:01.658815,C:\Users\이예은\A-EYE\test_images\train\festal\festal_02.jpg,festal,1,panpirin,0.9037601947784424
2026-06-24T10:23:01.658815,C:\Users\이예은\A-EYE\test_images\train\festal\festal_02.jpg,festal,2,festal,0.8882690668106079
2026-06-24T10:23:01.658815,C:\Users\이예은\A-EYE\test_images\train\festal\festal_02.jpg,festal,3,tylenol,0.8470492362976074
2026-06-24T10:23:01.658815,C:\Users\이예은\A-EYE\test_images\train\festal\festal_02.jpg,festal,4,eyedrop-single,0.8408581614494324
2026-06-24T10:23:01.658815,C:\Users\이예은\A-EYE\test_images\train\festal\festal_02.jpg,festal,5,geborin,0.7552648186683655
2026-06-24T10:23:01.658815,C:\Users\이예은\A-EYE\test_images\train\festal\festal_02.jpg,festal,6,patch,0.4183041453361511
2026-06-24T10:23:01.658815,C:\Users\이예은\A-EYE\test_images\train\festal\festal_02.jpg,festal,7,eyedrop-multi,0.32739776372909546
2026-06-24T10:23:04.297062,C:\Users\이예은\A-EYE\test_images\train\festal\festal_03.jpg,festal,1,festal,0.9013135433197021
2026-06-24T10:23:04.297062,C:\Users\이예은\A-EYE\test_images\train\festal\festal_03.jpg,festal,2,panpirin,0.8963059186935425
2026-06-24T10:23:04.297062,C:\Users\이예은\A-EYE\test_images\train\festal\festal_03.jpg,festal,3,eyedrop-single,0.8448674082756042
2026-06-24T10:23:04.297062,C:\Users\이예은\A-EYE\test_images\train\festal\festal_03.jpg,festal,4,tylenol,0.6277204155921936
2026-06-24T10:23:04.297062,C:\Users\이예은\A-EYE\test_images\train\festal\festal_03.jpg,festal,5,geborin,0.6088503003120422
2026-06-24T10:23:04.297062,C:\Users\이예은\A-EYE\test_images\train\festal\festal_03.jpg,festal,6,eyedrop-multi,0.39981958270072937
2026-06-24T10:23:07.033670,C:\Users\이예은\A-EYE\test_images\train\festal\festal_04.jpg,festal,1,festal,0.9061273336410522
2026-06-24T10:23:07.033670,C:\Users\이예은\A-EYE\test_images\train\festal\festal_04.jpg,festal,2,eyedrop-single,0.8154283165931702
2026-06-24T10:23:07.033670,C:\Users\이예은\A-EYE\test_images\train\festal\festal_04.jpg,festal,3,panpirin,0.757026731967926
2026-06-24T10:23:07.033670,C:\Users\이예은\A-EYE\test_images\train\festal\festal_04.jpg,festal,4,eyedrop-multi,0.2699897587299347
2026-06-24T10:23:09.714152,C:\Users\이예은\A-EYE\test_images\train\festal\festal_06.jpg,festal,1,panpirin,0.904139518737793
2026-06-24T10:23:09.714152,C:\Users\이예은\A-EYE\test_images\train\festal\festal_06.jpg,festal,2,festal,0.8875499367713928
2026-06-24T10:23:09.714152,C:\Users\이예은\A-EYE\test_images\train\festal\festal_06.jpg,festal,3,eyedrop-single,0.7889776825904846
2026-06-24T10:23:09.714152,C:\Users\이예은\A-EYE\test_images\train\festal\festal_06.jpg,festal,4,geborin,0.7419558763504028
2026-06-24T10:23:09.714152,C:\Users\이예은\A-EYE\test_images\train\festal\festal_06.jpg,festal,5,tylenol,0.5628626346588135
2026-06-24T10:23:12.217721,C:\Users\이예은\A-EYE\test_images\train\festal\festal_07.jpg,festal,1,festal,0.9067469239234924
2026-06-24T10:23:12.217721,C:\Users\이예은\A-EYE\test_images\train\festal\festal_07.jpg,festal,2,panpirin,0.8953354358673096
2026-06-24T10:23:12.217721,C:\Users\이예은\A-EYE\test_images\train\festal\festal_07.jpg,festal,3,eyedrop-single,0.7930083274841309
2026-06-24T10:23:12.217721,C:\Users\이예은\A-EYE\test_images\train\festal\festal_07.jpg,festal,4,eyedrop-multi,0.38887882232666016
2026-06-24T10:23:12.217721,C:\Users\이예은\A-EYE\test_images\train\festal\festal_07.jpg,festal,5,geborin,0.28054243326187134
2026-06-24T10:23:14.786865,C:\Users\이예은\A-EYE\test_images\train\festal\festal_08.jpg,festal,1,panpirin,0.9193924069404602
2026-06-24T10:23:14.786865,C:\Users\이예은\A-EYE\test_images\train\festal\festal_08.jpg,festal,2,festal,0.8925435543060303
2026-06-24T10:23:14.786865,C:\Users\이예은\A-EYE\test_images\train\festal\festal_08.jpg,festal,3,geborin,0.7542325854301453
2026-06-24T10:23:14.786865,C:\Users\이예은\A-EYE\test_images\train\festal\festal_08.jpg,festal,4,eyedrop-multi,0.2958689332008362
2026-06-24T10:23:14.786865,C:\Users\이예은\A-EYE\test_images\train\festal\festal_08.jpg,festal,5,eyedrop-single,0.2805027961730957
2026-06-24T10:23:14.786865,C:\Users\이예은\A-EYE\test_images\train\festal\festal_08.jpg,festal,6,band,0.26250797510147095
2026-06-24T10:23:17.602609,C:\Users\이예은\A-EYE\test_images\train\festal\festal_10.jpg,festal,1,festal,0.8755060434341431
2026-06-24T10:23:17.602609,C:\Users\이예은\A-EYE\test_images\train\festal\festal_10.jpg,festal,2,eyedrop-single,0.8266509771347046
2026-06-24T10:23:17.602609,C:\Users\이예은\A-EYE\test_images\train\festal\festal_10.jpg,festal,3,panpirin,0.8132176995277405
2026-06-24T10:23:17.602609,C:\Users\이예은\A-EYE\test_images\train\festal\festal_10.jpg,festal,4,geborin,0.7435732483863831
2026-06-24T10:23:17.602609,C:\Users\이예은\A-EYE\test_images\train\festal\festal_10.jpg,festal,5,tylenol,0.7336118817329407
2026-06-24T10:23:17.602609,C:\Users\이예은\A-EYE\test_images\train\festal\festal_10.jpg,festal,6,eyedrop-multi,0.3719622492790222
2026-06-24T10:23:20.494431,C:\Users\이예은\A-EYE\test_images\train\festal\festal_11.jpg,festal,1,festal,0.8751320242881775
2026-06-24T10:23:20.494431,C:\Users\이예은\A-EYE\test_images\train\festal\festal_11.jpg,festal,2,panpirin,0.5537539720535278
2026-06-24T10:23:20.494431,C:\Users\이예은\A-EYE\test_images\train\festal\festal_11.jpg,festal,3,eyedrop-multi,0.4299902617931366
2026-06-24T10:23:20.494431,C:\Users\이예은\A-EYE\test_images\train\festal\festal_11.jpg,festal,4,geborin,0.3674685060977936
2026-06-24T10:23:20.494431,C:\Users\이예은\A-EYE\test_images\train\festal\festal_11.jpg,festal,5,tylenol,0.26616978645324707
2026-06-24T10:23:23.227008,C:\Users\이예은\A-EYE\test_images\train\festal\festal_12.jpg,festal,1,festal,0.8848573565483093
2026-06-24T10:23:23.227008,C:\Users\이예은\A-EYE\test_images\train\festal\festal_12.jpg,festal,2,tylenol,0.25843876600265503
2026-06-24T10:23:26.039050,C:\Users\이예은\A-EYE\test_images\train\festal\festal_13.jpg,festal,1,festal,0.9096850752830505
2026-06-24T10:23:26.039050,C:\Users\이예은\A-EYE\test_images\train\festal\festal_13.jpg,festal,2,tylenol,0.7938967347145081
2026-06-24T10:23:26.039050,C:\Users\이예은\A-EYE\test_images\train\festal\festal_13.jpg,festal,3,geborin,0.6767978668212891
2026-06-24T10:23:26.039050,C:\Users\이예은\A-EYE\test_images\train\festal\festal_13.jpg,festal,4,panpirin,0.673934817314148
2026-06-24T10:23:28.852539,C:\Users\이예은\A-EYE\test_images\train\festal\festal_14.jpg,festal,1,festal,0.9186822772026062
2026-06-24T10:23:28.852539,C:\Users\이예은\A-EYE\test_images\train\festal\festal_14.jpg,festal,2,panpirin,0.7893213629722595
2026-06-24T10:23:28.852539,C:\Users\이예은\A-EYE\test_images\train\festal\festal_14.jpg,festal,3,geborin,0.7034432291984558
2026-06-24T10:23:31.213647,C:\Users\이예은\A-EYE\test_images\train\festal\festal_15.jpg,festal,1,festal,0.8851960301399231
2026-06-24T10:23:31.213647,C:\Users\이예은\A-EYE\test_images\train\festal\festal_15.jpg,festal,2,panpirin,0.8221660852432251
2026-06-24T10:23:34.370289,C:\Users\이예은\A-EYE\test_images\train\festal\festal_16.jpg,festal,1,festal,0.8999412655830383
2026-06-24T10:23:34.370289,C:\Users\이예은\A-EYE\test_images\train\festal\festal_16.jpg,festal,2,geborin,0.7626098990440369
2026-06-24T10:23:34.370289,C:\Users\이예은\A-EYE\test_images\train\festal\festal_16.jpg,festal,3,panpirin,0.7544286251068115
2026-06-24T10:23:34.370289,C:\Users\이예은\A-EYE\test_images\train\festal\festal_16.jpg,festal,4,tylenol,0.3977968096733093
2026-06-24T10:23:37.668906,C:\Users\이예은\A-EYE\test_images\train\festal\festal_17.jpg,festal,1,festal,0.8825339674949646
2026-06-24T10:23:37.668906,C:\Users\이예은\A-EYE\test_images\train\festal\festal_17.jpg,festal,2,panpirin,0.7682473659515381
2026-06-24T10:23:37.668906,C:\Users\이예은\A-EYE\test_images\train\festal\festal_17.jpg,festal,3,geborin,0.6268112659454346
2026-06-24T10:23:37.668906,C:\Users\이예은\A-EYE\test_images\train\festal\festal_17.jpg,festal,4,tylenol,0.2583156228065491
2026-06-24T10:23:41.065736,C:\Users\이예은\A-EYE\test_images\train\festal\festal_18.jpg,festal,1,festal,0.8954371809959412
2026-06-24T10:23:41.065736,C:\Users\이예은\A-EYE\test_images\train\festal\festal_18.jpg,festal,2,panpirin,0.6884346008300781
2026-06-24T10:23:41.065736,C:\Users\이예은\A-EYE\test_images\train\festal\festal_18.jpg,festal,3,geborin,0.3861218988895416
2026-06-24T10:23:41.065736,C:\Users\이예은\A-EYE\test_images\train\festal\festal_18.jpg,festal,4,eyedrop-multi,0.31273218989372253
2026-06-24T10:23:44.882987,C:\Users\이예은\A-EYE\test_images\train\festal\festal_19.jpg,festal,1,festal,0.8839845061302185
2026-06-24T10:23:44.882987,C:\Users\이예은\A-EYE\test_images\train\festal\festal_19.jpg,festal,2,panpirin,0.8501666784286499
2026-06-24T10:23:44.882987,C:\Users\이예은\A-EYE\test_images\train\festal\festal_19.jpg,festal,3,eyedrop-multi,0.44411200284957886
2026-06-24T10:23:44.882987,C:\Users\이예은\A-EYE\test_images\train\festal\festal_19.jpg,festal,4,tylenol,0.36937037110328674
2026-06-24T10:23:49.369324,C:\Users\이예은\A-EYE\test_images\train\festal\festal_22.jpg,festal,1,festal,0.895261287689209
2026-06-24T10:23:49.369324,C:\Users\이예은\A-EYE\test_images\train\festal\festal_22.jpg,festal,2,panpirin,0.8519927263259888
2026-06-24T10:23:49.369324,C:\Users\이예은\A-EYE\test_images\train\festal\festal_22.jpg,festal,3,geborin,0.6109634637832642
2026-06-24T10:23:49.369324,C:\Users\이예은\A-EYE\test_images\train\festal\festal_22.jpg,festal,4,tylenol,0.32493817806243896
2026-06-24T10:23:49.369324,C:\Users\이예은\A-EYE\test_images\train\festal\festal_22.jpg,festal,5,eyedrop-multi,0.2964613139629364
2026-06-24T10:23:53.217237,C:\Users\이예은\A-EYE\test_images\train\festal\festal_23.jpg,festal,1,festal,0.8876069188117981
2026-06-24T10:23:53.217237,C:\Users\이예은\A-EYE\test_images\train\festal\festal_23.jpg,festal,2,tylenol,0.849084198474884
2026-06-24T10:23:53.217237,C:\Users\이예은\A-EYE\test_images\train\festal\festal_23.jpg,festal,3,panpirin,0.7757077217102051
2026-06-24T10:23:53.217237,C:\Users\이예은\A-EYE\test_images\train\festal\festal_23.jpg,festal,4,eyedrop-single,0.3429643213748932
2026-06-24T10:23:53.217237,C:\Users\이예은\A-EYE\test_images\train\festal\festal_23.jpg,festal,5,eyedrop-multi,0.2678662836551666
2026-06-24T10:23:57.664608,C:\Users\이예은\A-EYE\test_images\train\festal\festal_24.jpg,festal,1,festal,0.8917715549468994
2026-06-24T10:23:57.664608,C:\Users\이예은\A-EYE\test_images\train\festal\festal_24.jpg,festal,2,panpirin,0.8061388731002808
2026-06-24T10:23:57.664608,C:\Users\이예은\A-EYE\test_images\train\festal\festal_24.jpg,festal,3,ezen6,0.26930832862854004
2026-06-24T10:23:57.664608,C:\Users\이예은\A-EYE\test_images\train\festal\festal_24.jpg,festal,4,eyedrop-multi,0.25337034463882446
2026-06-24T10:24:01.131241,C:\Users\이예은\A-EYE\test_images\train\festal\festal_25.jpg,festal,1,festal,0.8727909922599792
2026-06-24T10:24:01.131241,C:\Users\이예은\A-EYE\test_images\train\festal\festal_25.jpg,festal,2,panpirin,0.8362777233123779
2026-06-24T10:24:01.131241,C:\Users\이예은\A-EYE\test_images\train\festal\festal_25.jpg,festal,3,eyedrop-single,0.646117091178894
2026-06-24T10:24:01.131241,C:\Users\이예은\A-EYE\test_images\train\festal\festal_25.jpg,festal,4,geborin,0.44038552045822144
2026-06-24T10:24:01.131241,C:\Users\이예은\A-EYE\test_images\train\festal\festal_25.jpg,festal,5,tylenol,0.3544524312019348
2026-06-24T10:24:05.380470,C:\Users\이예은\A-EYE\test_images\train\festal\festal_26.jpg,festal,1,panpirin,0.9131975173950195
2026-06-24T10:24:05.380470,C:\Users\이예은\A-EYE\test_images\train\festal\festal_26.jpg,festal,2,festal,0.8830541968345642
2026-06-24T10:24:05.380470,C:\Users\이예은\A-EYE\test_images\train\festal\festal_26.jpg,festal,3,tylenol,0.8828004002571106
2026-06-24T10:24:05.380470,C:\Users\이예은\A-EYE\test_images\train\festal\festal_26.jpg,festal,4,geborin,0.7524524927139282
2026-06-24T10:24:09.751700,C:\Users\이예은\A-EYE\test_images\train\festal\festal_27.jpg,festal,1,festal,0.8870568871498108
2026-06-24T10:24:09.751700,C:\Users\이예은\A-EYE\test_images\train\festal\festal_27.jpg,festal,2,tylenol,0.863741934299469
2026-06-24T10:24:09.751700,C:\Users\이예은\A-EYE\test_images\train\festal\festal_27.jpg,festal,3,panpirin,0.855657160282135
2026-06-24T10:24:09.751700,C:\Users\이예은\A-EYE\test_images\train\festal\festal_27.jpg,festal,4,geborin,0.6440867185592651
2026-06-24T10:24:09.751700,C:\Users\이예은\A-EYE\test_images\train\festal\festal_27.jpg,festal,5,eyedrop-multi,0.32990697026252747
2026-06-24T10:24:13.863263,C:\Users\이예은\A-EYE\test_images\train\festal\festal_28.jpg,festal,1,festal,0.8964965343475342
2026-06-24T10:24:13.863263,C:\Users\이예은\A-EYE\test_images\train\festal\festal_28.jpg,festal,2,tylenol,0.7889537811279297
2026-06-24T10:24:13.863263,C:\Users\이예은\A-EYE\test_images\train\festal\festal_28.jpg,festal,3,panpirin,0.7305851578712463
2026-06-24T10:24:13.863263,C:\Users\이예은\A-EYE\test_images\train\festal\festal_28.jpg,festal,4,geborin,0.6785416603088379
2026-06-24T10:24:16.773834,C:\Users\이예은\A-EYE\test_images\train\festal\festal_29.jpg,festal,1,festal,0.8821825981140137
2026-06-24T10:24:16.773834,C:\Users\이예은\A-EYE\test_images\train\festal\festal_29.jpg,festal,2,panpirin,0.7618946433067322
2026-06-24T10:24:16.773834,C:\Users\이예은\A-EYE\test_images\train\festal\festal_29.jpg,festal,3,geborin,0.4477095305919647
2026-06-24T10:24:19.487587,C:\Users\이예은\A-EYE\test_images\train\festal\festal_31.jpg,festal,1,festal,0.8918910622596741
2026-06-24T10:24:19.487587,C:\Users\이예은\A-EYE\test_images\train\festal\festal_31.jpg,festal,2,panpirin,0.7042000889778137
2026-06-24T10:24:19.487587,C:\Users\이예은\A-EYE\test_images\train\festal\festal_31.jpg,festal,3,tylenol,0.67951500415802
2026-06-24T10:24:19.487587,C:\Users\이예은\A-EYE\test_images\train\festal\festal_31.jpg,festal,4,geborin,0.4529123902320862
2026-06-24T10:24:19.487587,C:\Users\이예은\A-EYE\test_images\train\festal\festal_31.jpg,festal,5,eyedrop-multi,0.25455546379089355
2026-06-24T10:24:21.922355,C:\Users\이예은\A-EYE\test_images\train\festal\festal_32.jpg,festal,1,festal,0.9055261611938477
2026-06-24T10:24:21.922355,C:\Users\이예은\A-EYE\test_images\train\festal\festal_32.jpg,festal,2,tylenol,0.6304782032966614
2026-06-24T10:24:24.392790,C:\Users\이예은\A-EYE\test_images\train\festal\festal_33.jpg,festal,1,festal,0.893639862537384
2026-06-24T10:24:24.392790,C:\Users\이예은\A-EYE\test_images\train\festal\festal_33.jpg,festal,2,geborin,0.7661677002906799
2026-06-24T10:24:24.392790,C:\Users\이예은\A-EYE\test_images\train\festal\festal_33.jpg,festal,3,panpirin,0.4853208661079407
2026-06-24T10:24:24.392790,C:\Users\이예은\A-EYE\test_images\train\festal\festal_33.jpg,festal,4,pancol,0.47584712505340576
2026-06-24T10:24:24.392790,C:\Users\이예은\A-EYE\test_images\train\festal\festal_33.jpg,festal,5,ezen6,0.4175843298435211
2026-06-24T10:24:24.392790,C:\Users\이예은\A-EYE\test_images\train\festal\festal_33.jpg,festal,6,eyedrop-multi,0.39666932821273804
2026-06-24T10:24:27.434995,C:\Users\이예은\A-EYE\test_images\train\festal\festal_34.jpg,festal,1,festal,0.8837476968765259
2026-06-24T10:24:27.434995,C:\Users\이예은\A-EYE\test_images\train\festal\festal_34.jpg,festal,2,tylenol,0.8197223544120789
2026-06-24T10:24:27.434995,C:\Users\이예은\A-EYE\test_images\train\festal\festal_34.jpg,festal,3,geborin,0.5945246815681458
2026-06-24T10:24:27.434995,C:\Users\이예은\A-EYE\test_images\train\festal\festal_34.jpg,festal,4,eyedrop-multi,0.3886433243751526
2026-06-24T10:24:27.434995,C:\Users\이예은\A-EYE\test_images\train\festal\festal_34.jpg,festal,5,pancol,0.3162728250026703
2026-06-24T10:24:30.103368,C:\Users\이예은\A-EYE\test_images\train\festal\festal_35.jpg,festal,1,tylenol,0.9142621755599976
2026-06-24T10:24:30.103368,C:\Users\이예은\A-EYE\test_images\train\festal\festal_35.jpg,festal,2,festal,0.9009181261062622
2026-06-24T10:24:30.103368,C:\Users\이예은\A-EYE\test_images\train\festal\festal_35.jpg,festal,3,geborin,0.7208172082901001
2026-06-24T10:24:30.103368,C:\Users\이예은\A-EYE\test_images\train\festal\festal_35.jpg,festal,4,panpirin,0.6757899522781372
2026-06-24T10:24:30.103368,C:\Users\이예은\A-EYE\test_images\train\festal\festal_35.jpg,festal,5,eyedrop-single,0.3865564167499542
2026-06-24T10:24:30.103368,C:\Users\이예은\A-EYE\test_images\train\festal\festal_35.jpg,festal,6,eyedrop-multi,0.36013373732566833
2026-06-24T10:24:33.277923,C:\Users\이예은\A-EYE\test_images\train\festal\festal_36.jpg,festal,1,festal,0.8977163434028625
2026-06-24T10:24:33.277923,C:\Users\이예은\A-EYE\test_images\train\festal\festal_36.jpg,festal,2,bearse,0.7772764563560486
2026-06-24T10:24:33.277923,C:\Users\이예은\A-EYE\test_images\train\festal\festal_36.jpg,festal,3,geborin,0.6657613515853882
2026-06-24T10:24:33.277923,C:\Users\이예은\A-EYE\test_images\train\festal\festal_36.jpg,festal,4,eyedrop-multi,0.5936495065689087
2026-06-24T10:24:33.277923,C:\Users\이예은\A-EYE\test_images\train\festal\festal_36.jpg,festal,5,panpirin,0.4132254123687744
2026-06-24T10:24:33.277923,C:\Users\이예은\A-EYE\test_images\train\festal\festal_36.jpg,festal,6,madecassol,0.3366013467311859
2026-06-24T10:24:33.277923,C:\Users\이예은\A-EYE\test_images\train\festal\festal_36.jpg,festal,7,patch,0.3298198878765106
2026-06-24T10:24:33.277923,C:\Users\이예은\A-EYE\test_images\train\festal\festal_36.jpg,festal,8,tylenol,0.3285881280899048
2026-06-24T10:24:35.789594,C:\Users\이예은\A-EYE\test_images\train\festal\festal_38.jpg,festal,1,festal,0.8838684558868408
2026-06-24T10:24:35.789594,C:\Users\이예은\A-EYE\test_images\train\festal\festal_38.jpg,festal,2,tylenol,0.8812879323959351
2026-06-24T10:24:35.789594,C:\Users\이예은\A-EYE\test_images\train\festal\festal_38.jpg,festal,3,eyedrop-single,0.7972853779792786
2026-06-24T10:24:35.789594,C:\Users\이예은\A-EYE\test_images\train\festal\festal_38.jpg,festal,4,geborin,0.7594729661941528
2026-06-24T10:24:35.789594,C:\Users\이예은\A-EYE\test_images\train\festal\festal_38.jpg,festal,5,panpirin,0.6387261748313904
2026-06-24T10:24:35.789594,C:\Users\이예은\A-EYE\test_images\train\festal\festal_38.jpg,festal,6,eyedrop-multi,0.4153387248516083
2026-06-24T10:24:38.593724,C:\Users\이예은\A-EYE\test_images\train\festal\festal_39.jpg,festal,1,tylenol,0.8847402334213257
2026-06-24T10:24:38.593724,C:\Users\이예은\A-EYE\test_images\train\festal\festal_39.jpg,festal,2,festal,0.8661007285118103
2026-06-24T10:24:38.593724,C:\Users\이예은\A-EYE\test_images\train\festal\festal_39.jpg,festal,3,eyedrop-single,0.6841794848442078
2026-06-24T10:24:38.593724,C:\Users\이예은\A-EYE\test_images\train\festal\festal_39.jpg,festal,4,ezen6,0.5625748634338379
2026-06-24T10:24:38.593724,C:\Users\이예은\A-EYE\test_images\train\festal\festal_39.jpg,festal,5,geborin,0.3602515459060669
2026-06-24T10:24:38.593724,C:\Users\이예은\A-EYE\test_images\train\festal\festal_39.jpg,festal,6,eyedrop-multi,0.32119476795196533
2026-06-24T10:24:38.593724,C:\Users\이예은\A-EYE\test_images\train\festal\festal_39.jpg,festal,7,fusidin,0.2567126452922821
2026-06-24T10:24:41.212682,C:\Users\이예은\A-EYE\test_images\train\festal\festal_41.jpg,festal,1,eyedrop-multi,0.8549020290374756
2026-06-24T10:24:41.212682,C:\Users\이예은\A-EYE\test_images\train\festal\festal_41.jpg,festal,2,festal,0.8507664203643799
2026-06-24T10:24:41.212682,C:\Users\이예은\A-EYE\test_images\train\festal\festal_41.jpg,festal,3,fusidin,0.749439537525177
2026-06-24T10:24:41.212682,C:\Users\이예은\A-EYE\test_images\train\festal\festal_41.jpg,festal,4,bearse,0.7413834929466248
2026-06-24T10:24:41.212682,C:\Users\이예은\A-EYE\test_images\train\festal\festal_41.jpg,festal,5,tylenol,0.44424551725387573
2026-06-24T10:24:41.212682,C:\Users\이예은\A-EYE\test_images\train\festal\festal_41.jpg,festal,6,eyedrop-single,0.28772857785224915
2026-06-24T10:24:43.623390,C:\Users\이예은\A-EYE\test_images\train\festal\festal_44.jpg,festal,1,tylenol,0.8919859528541565
2026-06-24T10:24:43.623390,C:\Users\이예은\A-EYE\test_images\train\festal\festal_44.jpg,festal,2,festal,0.8793563842773438
2026-06-24T10:24:43.623390,C:\Users\이예은\A-EYE\test_images\train\festal\festal_44.jpg,festal,3,eyedrop-multi,0.7549201846122742
2026-06-24T10:24:43.623390,C:\Users\이예은\A-EYE\test_images\train\festal\festal_44.jpg,festal,4,eyedrop-single,0.6779065728187561
2026-06-24T10:24:43.623390,C:\Users\이예은\A-EYE\test_images\train\festal\festal_44.jpg,festal,5,bearse,0.3261844217777252
2026-06-24T10:24:46.388245,C:\Users\이예은\A-EYE\test_images\train\festal\festal_45.jpg,festal,1,festal,0.8823989033699036
2026-06-24T10:24:46.388245,C:\Users\이예은\A-EYE\test_images\train\festal\festal_45.jpg,festal,2,tylenol,0.7819436192512512
2026-06-24T10:24:46.388245,C:\Users\이예은\A-EYE\test_images\train\festal\festal_45.jpg,festal,3,panpirin,0.3732716739177704
2026-06-24T10:24:49.315146,C:\Users\이예은\A-EYE\test_images\train\festal\festal_46.jpg,festal,1,festal,0.8952406644821167
2026-06-24T10:24:49.315146,C:\Users\이예은\A-EYE\test_images\train\festal\festal_46.jpg,festal,2,geborin,0.5771070718765259
2026-06-24T10:24:52.007657,C:\Users\이예은\A-EYE\test_images\train\festal\festal_47.jpg,festal,1,festal,0.8787437081336975
2026-06-24T10:24:52.007657,C:\Users\이예은\A-EYE\test_images\train\festal\festal_47.jpg,festal,2,panpirin,0.8321136832237244
2026-06-24T10:24:52.007657,C:\Users\이예은\A-EYE\test_images\train\festal\festal_47.jpg,festal,3,eyedrop-single,0.8170561790466309
2026-06-24T10:24:52.007657,C:\Users\이예은\A-EYE\test_images\train\festal\festal_47.jpg,festal,4,madecassol,0.41147440671920776
2026-06-24T10:24:56.097734,C:\Users\이예은\A-EYE\test_images\train\festal\festal_48.jpg,festal,1,festal,0.8636478185653687
2026-06-24T10:24:56.097734,C:\Users\이예은\A-EYE\test_images\train\festal\festal_48.jpg,festal,2,geborin,0.8215003609657288
2026-06-24T10:24:56.097734,C:\Users\이예은\A-EYE\test_images\train\festal\festal_48.jpg,festal,3,tylenol,0.5792544484138489
2026-06-24T10:25:00.152776,C:\Users\이예은\A-EYE\test_images\train\festal\festal_50.jpg,festal,1,tylenol,0.9068858623504639
2026-06-24T10:25:00.152776,C:\Users\이예은\A-EYE\test_images\train\festal\festal_50.jpg,festal,2,festal,0.9002960920333862
2026-06-24T10:25:00.152776,C:\Users\이예은\A-EYE\test_images\train\festal\festal_50.jpg,festal,3,fusidin,0.780426025390625
2026-06-24T10:25:00.152776,C:\Users\이예은\A-EYE\test_images\train\festal\festal_50.jpg,festal,4,eyedrop-multi,0.6916096210479736
2026-06-24T10:25:00.152776,C:\Users\이예은\A-EYE\test_images\train\festal\festal_50.jpg,festal,5,eyedrop-single,0.6854392886161804
2026-06-24T10:25:00.152776,C:\Users\이예은\A-EYE\test_images\train\festal\festal_50.jpg,festal,6,geborin,0.6561782956123352
2026-06-24T10:25:04.309709,C:\Users\이예은\A-EYE\test_images\train\festal\festal_51.jpg,festal,1,festal,0.8914653658866882
2026-06-24T10:25:04.309709,C:\Users\이예은\A-EYE\test_images\train\festal\festal_51.jpg,festal,2,geborin,0.6116538643836975
2026-06-24T10:25:04.309709,C:\Users\이예은\A-EYE\test_images\train\festal\festal_51.jpg,festal,3,eyedrop-single,0.5945015549659729
2026-06-24T10:25:04.309709,C:\Users\이예은\A-EYE\test_images\train\festal\festal_51.jpg,festal,4,tylenol,0.29932525753974915
2026-06-24T10:25:08.788747,C:\Users\이예은\A-EYE\test_images\train\festal\festal_52.jpg,festal,1,festal,0.9178221225738525
2026-06-24T10:25:08.788747,C:\Users\이예은\A-EYE\test_images\train\festal\festal_52.jpg,festal,2,geborin,0.7885560989379883
2026-06-24T10:25:08.788747,C:\Users\이예은\A-EYE\test_images\train\festal\festal_52.jpg,festal,3,tylenol,0.6180627346038818
2026-06-24T10:25:13.595458,C:\Users\이예은\A-EYE\test_images\train\festal\festal_53.jpg,festal,1,tylenol,0.8816011548042297
2026-06-24T10:25:13.595458,C:\Users\이예은\A-EYE\test_images\train\festal\festal_53.jpg,festal,2,festal,0.8747261762619019
2026-06-24T10:25:18.531377,C:\Users\이예은\A-EYE\test_images\train\festal\festal_54.jpg,festal,1,festal,0.8680777549743652
2026-06-24T10:25:18.531377,C:\Users\이예은\A-EYE\test_images\train\festal\festal_54.jpg,festal,2,geborin,0.6135544180870056
2026-06-24T10:25:18.531377,C:\Users\이예은\A-EYE\test_images\train\festal\festal_54.jpg,festal,3,tylenol,0.3234073221683502
2026-06-24T10:25:23.065944,C:\Users\이예은\A-EYE\test_images\train\festal\festal_55.jpg,festal,1,festal,0.872956395149231
2026-06-24T10:25:23.065944,C:\Users\이예은\A-EYE\test_images\train\festal\festal_55.jpg,festal,2,geborin,0.7823330760002136
2026-06-24T10:25:27.763464,C:\Users\이예은\A-EYE\test_images\train\festal\festal_57.jpg,festal,1,festal,0.8901463150978088
2026-06-24T10:25:27.763464,C:\Users\이예은\A-EYE\test_images\train\festal\festal_57.jpg,festal,2,tylenol,0.8283090591430664
2026-06-24T10:25:27.763464,C:\Users\이예은\A-EYE\test_images\train\festal\festal_57.jpg,festal,3,eyedrop-single,0.5700255632400513
2026-06-24T10:25:27.763464,C:\Users\이예은\A-EYE\test_images\train\festal\festal_57.jpg,festal,4,geborin,0.5699499845504761
2026-06-24T10:25:32.244792,C:\Users\이예은\A-EYE\test_images\train\festal\festal_58.jpg,festal,1,festal,0.8838009238243103
2026-06-24T10:25:32.244792,C:\Users\이예은\A-EYE\test_images\train\festal\festal_58.jpg,festal,2,tylenol,0.7841327786445618
2026-06-24T10:25:32.244792,C:\Users\이예은\A-EYE\test_images\train\festal\festal_58.jpg,festal,3,geborin,0.7616633176803589
2026-06-24T10:25:32.244792,C:\Users\이예은\A-EYE\test_images\train\festal\festal_58.jpg,festal,4,eyedrop-multi,0.548973798751831
2026-06-24T10:25:32.244792,C:\Users\이예은\A-EYE\test_images\train\festal\festal_58.jpg,festal,5,pancol,0.4871657192707062
2026-06-24T10:25:36.679617,C:\Users\이예은\A-EYE\test_images\train\festal\festal_59.jpg,festal,1,festal,0.8799542188644409
2026-06-24T10:25:36.679617,C:\Users\이예은\A-EYE\test_images\train\festal\festal_59.jpg,festal,2,panpirin,0.6139791011810303
2026-06-24T10:25:36.679617,C:\Users\이예은\A-EYE\test_images\train\festal\festal_59.jpg,festal,3,band,0.504631757736206
2026-06-24T10:25:41.216082,C:\Users\이예은\A-EYE\test_images\train\festal\festal_60.jpg,festal,1,festal,0.8724559545516968
2026-06-24T10:25:41.216082,C:\Users\이예은\A-EYE\test_images\train\festal\festal_60.jpg,festal,2,tylenol,0.6654838919639587
2026-06-24T10:25:41.216082,C:\Users\이예은\A-EYE\test_images\train\festal\festal_60.jpg,festal,3,madecassol,0.5835832953453064
2026-06-24T10:25:41.216082,C:\Users\이예은\A-EYE\test_images\train\festal\festal_60.jpg,festal,4,eyedrop-multi,0.5519199967384338
2026-06-24T10:25:41.216082,C:\Users\이예은\A-EYE\test_images\train\festal\festal_60.jpg,festal,5,patch,0.5500545501708984
2026-06-24T10:25:41.216082,C:\Users\이예은\A-EYE\test_images\train\festal\festal_60.jpg,festal,6,geborin,0.49691104888916016
2026-06-24T10:25:41.216082,C:\Users\이예은\A-EYE\test_images\train\festal\festal_60.jpg,festal,7,eyedrop-single,0.48667994141578674
2026-06-24T10:25:41.216082,C:\Users\이예은\A-EYE\test_images\train\festal\festal_60.jpg,festal,8,panpirin,0.4393101632595062
2026-06-24T10:25:45.159519,C:\Users\이예은\A-EYE\test_images\train\fusidin\fusidin_02.jpg,fusidin,1,fusidin,0.8447008728981018
2026-06-24T10:25:45.165680,C:\Users\이예은\A-EYE\test_images\train\fusidin\fusidin_02.jpg,fusidin,2,festal,0.8232526779174805
2026-06-24T10:25:45.165680,C:\Users\이예은\A-EYE\test_images\train\fusidin\fusidin_02.jpg,fusidin,3,eyedrop-single,0.739098846912384
2026-06-24T10:25:45.165680,C:\Users\이예은\A-EYE\test_images\train\fusidin\fusidin_02.jpg,fusidin,4,panpirin,0.6713059544563293
2026-06-24T10:25:45.165680,C:\Users\이예은\A-EYE\test_images\train\fusidin\fusidin_02.jpg,fusidin,5,eyedrop-multi,0.5750954747200012
2026-06-24T10:25:45.165680,C:\Users\이예은\A-EYE\test_images\train\fusidin\fusidin_02.jpg,fusidin,6,tylenol,0.421841561794281
2026-06-24T10:25:49.496381,C:\Users\이예은\A-EYE\test_images\train\fusidin\fusidin_04.jpg,fusidin,1,fusidin,0.8704738020896912
2026-06-24T10:25:49.496381,C:\Users\이예은\A-EYE\test_images\train\fusidin\fusidin_04.jpg,fusidin,2,festal,0.7393411993980408
2026-06-24T10:25:53.258725,C:\Users\이예은\A-EYE\test_images\train\fusidin\fusidin_06.jpg,fusidin,1,panpirin,0.8105670809745789
2026-06-24T10:25:53.258725,C:\Users\이예은\A-EYE\test_images\train\fusidin\fusidin_06.jpg,fusidin,2,eyedrop-single,0.794518232345581
2026-06-24T10:25:53.258725,C:\Users\이예은\A-EYE\test_images\train\fusidin\fusidin_06.jpg,fusidin,3,fusidin,0.7799039483070374
2026-06-24T10:25:53.258725,C:\Users\이예은\A-EYE\test_images\train\fusidin\fusidin_06.jpg,fusidin,4,festal,0.7054531574249268
2026-06-24T10:25:53.258725,C:\Users\이예은\A-EYE\test_images\train\fusidin\fusidin_06.jpg,fusidin,5,band,0.4715445637702942
2026-06-24T10:25:56.725376,C:\Users\이예은\A-EYE\test_images\train\fusidin\fusidin_07.jpg,fusidin,1,fusidin,0.8727665543556213
2026-06-24T10:25:56.725376,C:\Users\이예은\A-EYE\test_images\train\fusidin\fusidin_07.jpg,fusidin,2,eyedrop-single,0.7120414972305298
2026-06-24T10:25:56.725376,C:\Users\이예은\A-EYE\test_images\train\fusidin\fusidin_07.jpg,fusidin,3,panpirin,0.656090497970581
2026-06-24T10:25:56.725376,C:\Users\이예은\A-EYE\test_images\train\fusidin\fusidin_07.jpg,fusidin,4,festal,0.6403939127922058
2026-06-24T10:25:56.725376,C:\Users\이예은\A-EYE\test_images\train\fusidin\fusidin_07.jpg,fusidin,5,geborin,0.3053158223628998
2026-06-24T10:25:56.725376,C:\Users\이예은\A-EYE\test_images\train\fusidin\fusidin_07.jpg,fusidin,6,eyedrop-multi,0.304579496383667
2026-06-24T10:26:00.137583,C:\Users\이예은\A-EYE\test_images\train\fusidin\fusidin_09.jpg,fusidin,1,fusidin,0.8304415345191956
2026-06-24T10:26:00.137583,C:\Users\이예은\A-EYE\test_images\train\fusidin\fusidin_09.jpg,fusidin,2,festal,0.5614648461341858
2026-06-24T10:26:00.137583,C:\Users\이예은\A-EYE\test_images\train\fusidin\fusidin_09.jpg,fusidin,3,tylenol,0.25856927037239075
2026-06-24T10:26:04.829154,C:\Users\이예은\A-EYE\test_images\train\fusidin\fusidin_11.jpg,fusidin,1,fusidin,0.8433488607406616
2026-06-24T10:26:04.829154,C:\Users\이예은\A-EYE\test_images\train\fusidin\fusidin_11.jpg,fusidin,2,geborin,0.7281613945960999
2026-06-24T10:26:04.829154,C:\Users\이예은\A-EYE\test_images\train\fusidin\fusidin_11.jpg,fusidin,3,eyedrop-single,0.6580985188484192
2026-06-24T10:26:04.829154,C:\Users\이예은\A-EYE\test_images\train\fusidin\fusidin_11.jpg,fusidin,4,eyedrop-multi,0.466319739818573
2026-06-24T10:26:04.829154,C:\Users\이예은\A-EYE\test_images\train\fusidin\fusidin_11.jpg,fusidin,5,pancol,0.2646349370479584
2026-06-24T10:26:08.437483,C:\Users\이예은\A-EYE\test_images\train\fusidin\fusidin_12.jpg,fusidin,1,fusidin,0.8273488879203796
2026-06-24T10:26:08.437483,C:\Users\이예은\A-EYE\test_images\train\fusidin\fusidin_12.jpg,fusidin,2,festal,0.7665051817893982
2026-06-24T10:26:08.437483,C:\Users\이예은\A-EYE\test_images\train\fusidin\fusidin_12.jpg,fusidin,3,geborin,0.7604383826255798
2026-06-24T10:26:08.437483,C:\Users\이예은\A-EYE\test_images\train\fusidin\fusidin_12.jpg,fusidin,4,eyedrop-single,0.5372725129127502
2026-06-24T10:26:08.437483,C:\Users\이예은\A-EYE\test_images\train\fusidin\fusidin_12.jpg,fusidin,5,patch,0.43271929025650024
2026-06-24T10:26:08.437483,C:\Users\이예은\A-EYE\test_images\train\fusidin\fusidin_12.jpg,fusidin,6,eyedrop-multi,0.3233942985534668
2026-06-24T10:26:08.437483,C:\Users\이예은\A-EYE\test_images\train\fusidin\fusidin_12.jpg,fusidin,7,tylenol,0.28903287649154663
2026-06-24T10:26:11.790834,C:\Users\이예은\A-EYE\test_images\train\fusidin\fusidin_13.jpg,fusidin,1,fusidin,0.8155447840690613
2026-06-24T10:26:11.790834,C:\Users\이예은\A-EYE\test_images\train\fusidin\fusidin_13.jpg,fusidin,2,pancol,0.4909933805465698
2026-06-24T10:26:14.733889,C:\Users\이예은\A-EYE\test_images\train\fusidin\fusidin_14.jpg,fusidin,1,fusidin,0.806408166885376
2026-06-24T10:26:14.733889,C:\Users\이예은\A-EYE\test_images\train\fusidin\fusidin_14.jpg,fusidin,2,eyedrop-single,0.7475674748420715
2026-06-24T10:26:14.733889,C:\Users\이예은\A-EYE\test_images\train\fusidin\fusidin_14.jpg,fusidin,3,panpirin,0.7076732516288757
2026-06-24T10:26:14.733889,C:\Users\이예은\A-EYE\test_images\train\fusidin\fusidin_14.jpg,fusidin,4,eyedrop-multi,0.6886447072029114
2026-06-24T10:26:14.734870,C:\Users\이예은\A-EYE\test_images\train\fusidin\fusidin_14.jpg,fusidin,5,geborin,0.6248210668563843
2026-06-24T10:26:14.734870,C:\Users\이예은\A-EYE\test_images\train\fusidin\fusidin_14.jpg,fusidin,6,festal,0.41078823804855347
2026-06-24T10:26:17.725764,C:\Users\이예은\A-EYE\test_images\train\fusidin\fusidin_15.jpg,fusidin,1,fusidin,0.777367889881134
2026-06-24T10:26:17.725764,C:\Users\이예은\A-EYE\test_images\train\fusidin\fusidin_15.jpg,fusidin,2,geborin,0.6320264935493469
2026-06-24T10:26:17.725764,C:\Users\이예은\A-EYE\test_images\train\fusidin\fusidin_15.jpg,fusidin,3,eyedrop-single,0.5364764928817749
2026-06-24T10:26:17.725764,C:\Users\이예은\A-EYE\test_images\train\fusidin\fusidin_15.jpg,fusidin,4,eyedrop-multi,0.5136033296585083
2026-06-24T10:26:17.725764,C:\Users\이예은\A-EYE\test_images\train\fusidin\fusidin_15.jpg,fusidin,5,pancol,0.3232654631137848
2026-06-24T10:26:20.791580,C:\Users\이예은\A-EYE\test_images\train\fusidin\fusidin_16.jpg,fusidin,1,fusidin,0.8351194858551025
2026-06-24T10:26:20.791580,C:\Users\이예은\A-EYE\test_images\train\fusidin\fusidin_16.jpg,fusidin,2,festal,0.7246647477149963
2026-06-24T10:26:20.791580,C:\Users\이예은\A-EYE\test_images\train\fusidin\fusidin_16.jpg,fusidin,3,geborin,0.6645088195800781
2026-06-24T10:26:20.791580,C:\Users\이예은\A-EYE\test_images\train\fusidin\fusidin_16.jpg,fusidin,4,eyedrop-multi,0.49040907621383667
2026-06-24T10:26:20.791580,C:\Users\이예은\A-EYE\test_images\train\fusidin\fusidin_16.jpg,fusidin,5,eyedrop-single,0.4849686920642853
2026-06-24T10:26:20.791580,C:\Users\이예은\A-EYE\test_images\train\fusidin\fusidin_16.jpg,fusidin,6,tylenol,0.47712811827659607
2026-06-24T10:26:23.873938,C:\Users\이예은\A-EYE\test_images\train\fusidin\fusidin_17.jpg,fusidin,1,fusidin,0.8309406638145447
2026-06-24T10:26:23.873938,C:\Users\이예은\A-EYE\test_images\train\fusidin\fusidin_17.jpg,fusidin,2,geborin,0.632147490978241
2026-06-24T10:26:23.873938,C:\Users\이예은\A-EYE\test_images\train\fusidin\fusidin_17.jpg,fusidin,3,festal,0.6168683171272278
2026-06-24T10:26:23.873938,C:\Users\이예은\A-EYE\test_images\train\fusidin\fusidin_17.jpg,fusidin,4,eyedrop-multi,0.4957137107849121
2026-06-24T10:26:23.873938,C:\Users\이예은\A-EYE\test_images\train\fusidin\fusidin_17.jpg,fusidin,5,eyedrop-single,0.4746735095977783
2026-06-24T10:26:23.873938,C:\Users\이예은\A-EYE\test_images\train\fusidin\fusidin_17.jpg,fusidin,6,pancol,0.3617532551288605
2026-06-24T10:26:23.873938,C:\Users\이예은\A-EYE\test_images\train\fusidin\fusidin_17.jpg,fusidin,7,tylenol,0.27516406774520874
2026-06-24T10:26:23.873938,C:\Users\이예은\A-EYE\test_images\train\fusidin\fusidin_17.jpg,fusidin,8,patch,0.26588693261146545
2026-06-24T10:26:26.832330,C:\Users\이예은\A-EYE\test_images\train\fusidin\fusidin_18.jpg,fusidin,1,fusidin,0.7923124432563782
2026-06-24T10:26:26.832330,C:\Users\이예은\A-EYE\test_images\train\fusidin\fusidin_18.jpg,fusidin,2,eyedrop-multi,0.7470214366912842
2026-06-24T10:26:26.832330,C:\Users\이예은\A-EYE\test_images\train\fusidin\fusidin_18.jpg,fusidin,3,eyedrop-single,0.47512632608413696
2026-06-24T10:26:26.832330,C:\Users\이예은\A-EYE\test_images\train\fusidin\fusidin_18.jpg,fusidin,4,festal,0.46945804357528687
2026-06-24T10:26:26.832330,C:\Users\이예은\A-EYE\test_images\train\fusidin\fusidin_18.jpg,fusidin,5,tylenol,0.39266377687454224
2026-06-24T10:26:26.832330,C:\Users\이예은\A-EYE\test_images\train\fusidin\fusidin_18.jpg,fusidin,6,patch,0.30716702342033386
2026-06-24T10:26:29.923091,C:\Users\이예은\A-EYE\test_images\train\fusidin\fusidin_19.jpg,fusidin,1,fusidin,0.8208512663841248
2026-06-24T10:26:29.923091,C:\Users\이예은\A-EYE\test_images\train\fusidin\fusidin_19.jpg,fusidin,2,tylenol,0.7852511405944824
2026-06-24T10:26:29.923091,C:\Users\이예은\A-EYE\test_images\train\fusidin\fusidin_19.jpg,fusidin,3,festal,0.7490720748901367
2026-06-24T10:26:29.923091,C:\Users\이예은\A-EYE\test_images\train\fusidin\fusidin_19.jpg,fusidin,4,geborin,0.6320773959159851
2026-06-24T10:26:29.923091,C:\Users\이예은\A-EYE\test_images\train\fusidin\fusidin_19.jpg,fusidin,5,eyedrop-multi,0.5454281568527222
2026-06-24T10:26:29.923091,C:\Users\이예은\A-EYE\test_images\train\fusidin\fusidin_19.jpg,fusidin,6,patch,0.3251778781414032
2026-06-24T10:26:33.115095,C:\Users\이예은\A-EYE\test_images\train\fusidin\fusidin_20.jpg,fusidin,1,fusidin,0.8184065818786621
2026-06-24T10:26:33.115095,C:\Users\이예은\A-EYE\test_images\train\fusidin\fusidin_20.jpg,fusidin,2,eyedrop-multi,0.41338351368904114
2026-06-24T10:26:33.115095,C:\Users\이예은\A-EYE\test_images\train\fusidin\fusidin_20.jpg,fusidin,3,festal,0.33711814880371094
2026-06-24T10:26:33.115095,C:\Users\이예은\A-EYE\test_images\train\fusidin\fusidin_20.jpg,fusidin,4,eyedrop-single,0.29927003383636475
2026-06-24T10:26:33.115095,C:\Users\이예은\A-EYE\test_images\train\fusidin\fusidin_20.jpg,fusidin,5,patch,0.2765364646911621
2026-06-24T10:26:36.438152,C:\Users\이예은\A-EYE\test_images\train\fusidin\fusidin_21.jpg,fusidin,1,fusidin,0.8078069090843201
2026-06-24T10:26:36.438152,C:\Users\이예은\A-EYE\test_images\train\fusidin\fusidin_21.jpg,fusidin,2,panpirin,0.7451883554458618
2026-06-24T10:26:36.438152,C:\Users\이예은\A-EYE\test_images\train\fusidin\fusidin_21.jpg,fusidin,3,eyedrop-single,0.5467840433120728
2026-06-24T10:26:36.438152,C:\Users\이예은\A-EYE\test_images\train\fusidin\fusidin_21.jpg,fusidin,4,festal,0.544934093952179
2026-06-24T10:26:36.438152,C:\Users\이예은\A-EYE\test_images\train\fusidin\fusidin_21.jpg,fusidin,5,pancol,0.48008039593696594
2026-06-24T10:26:36.438152,C:\Users\이예은\A-EYE\test_images\train\fusidin\fusidin_21.jpg,fusidin,6,patch,0.35819849371910095
2026-06-24T10:26:39.585779,C:\Users\이예은\A-EYE\test_images\train\fusidin\fusidin_22.jpg,fusidin,1,fusidin,0.8608110547065735
2026-06-24T10:26:39.585779,C:\Users\이예은\A-EYE\test_images\train\fusidin\fusidin_22.jpg,fusidin,2,panpirin,0.8046405911445618
2026-06-24T10:26:39.585779,C:\Users\이예은\A-EYE\test_images\train\fusidin\fusidin_22.jpg,fusidin,3,eyedrop-multi,0.7619251012802124
2026-06-24T10:26:39.585779,C:\Users\이예은\A-EYE\test_images\train\fusidin\fusidin_22.jpg,fusidin,4,festal,0.4550781846046448
2026-06-24T10:26:42.921024,C:\Users\이예은\A-EYE\test_images\train\fusidin\fusidin_23.jpg,fusidin,1,fusidin,0.8674488663673401
2026-06-24T10:26:42.921024,C:\Users\이예은\A-EYE\test_images\train\fusidin\fusidin_23.jpg,fusidin,2,pancol,0.28291457891464233
2026-06-24T10:26:42.921024,C:\Users\이예은\A-EYE\test_images\train\fusidin\fusidin_23.jpg,fusidin,3,festal,0.2783205211162567
2026-06-24T10:26:46.022947,C:\Users\이예은\A-EYE\test_images\train\fusidin\fusidin_25.jpg,fusidin,1,fusidin,0.8041825890541077
2026-06-24T10:26:46.022947,C:\Users\이예은\A-EYE\test_images\train\fusidin\fusidin_25.jpg,fusidin,2,panpirin,0.7905759215354919
2026-06-24T10:26:46.022947,C:\Users\이예은\A-EYE\test_images\train\fusidin\fusidin_25.jpg,fusidin,3,eyedrop-multi,0.7015793919563293
2026-06-24T10:26:46.022947,C:\Users\이예은\A-EYE\test_images\train\fusidin\fusidin_25.jpg,fusidin,4,festal,0.6537957191467285
2026-06-24T10:26:46.022947,C:\Users\이예은\A-EYE\test_images\train\fusidin\fusidin_25.jpg,fusidin,5,eyedrop-single,0.4918302893638611
2026-06-24T10:26:49.354954,C:\Users\이예은\A-EYE\test_images\train\fusidin\fusidin_26.jpg,fusidin,1,fusidin,0.8751658201217651
2026-06-24T10:26:49.354954,C:\Users\이예은\A-EYE\test_images\train\fusidin\fusidin_26.jpg,fusidin,2,festal,0.6762058138847351
2026-06-24T10:26:49.354954,C:\Users\이예은\A-EYE\test_images\train\fusidin\fusidin_26.jpg,fusidin,3,panpirin,0.39413556456565857
2026-06-24T10:26:52.435592,C:\Users\이예은\A-EYE\test_images\train\fusidin\fusidin_27.jpg,fusidin,1,fusidin,0.8545846343040466
2026-06-24T10:26:52.435592,C:\Users\이예은\A-EYE\test_images\train\fusidin\fusidin_27.jpg,fusidin,2,panpirin,0.2663731873035431
2026-06-24T10:26:55.683676,C:\Users\이예은\A-EYE\test_images\train\fusidin\fusidin_29.jpg,fusidin,1,fusidin,0.8820305466651917
2026-06-24T10:26:55.683676,C:\Users\이예은\A-EYE\test_images\train\fusidin\fusidin_29.jpg,fusidin,2,festal,0.6934579014778137
2026-06-24T10:26:55.683676,C:\Users\이예은\A-EYE\test_images\train\fusidin\fusidin_29.jpg,fusidin,3,pancol,0.5853381156921387
2026-06-24T10:26:55.683676,C:\Users\이예은\A-EYE\test_images\train\fusidin\fusidin_29.jpg,fusidin,4,eyedrop-multi,0.4021040201187134
2026-06-24T10:26:58.648417,C:\Users\이예은\A-EYE\test_images\train\fusidin\fusidin_30.jpg,fusidin,1,fusidin,0.8818815350532532
2026-06-24T10:26:58.648417,C:\Users\이예은\A-EYE\test_images\train\fusidin\fusidin_30.jpg,fusidin,2,eyedrop-multi,0.74578857421875
2026-06-24T10:27:01.816777,C:\Users\이예은\A-EYE\test_images\train\fusidin\fusidin_31.jpg,fusidin,1,fusidin,0.8605520725250244
2026-06-24T10:27:01.816777,C:\Users\이예은\A-EYE\test_images\train\fusidin\fusidin_31.jpg,fusidin,2,eyedrop-multi,0.39016252756118774
2026-06-24T10:27:01.816777,C:\Users\이예은\A-EYE\test_images\train\fusidin\fusidin_31.jpg,fusidin,3,pancol,0.25913989543914795
2026-06-24T10:27:04.992512,C:\Users\이예은\A-EYE\test_images\train\fusidin\fusidin_32.jpg,fusidin,1,fusidin,0.8642289638519287
2026-06-24T10:27:04.992512,C:\Users\이예은\A-EYE\test_images\train\fusidin\fusidin_32.jpg,fusidin,2,eyedrop-single,0.7261924743652344
2026-06-24T10:27:04.992512,C:\Users\이예은\A-EYE\test_images\train\fusidin\fusidin_32.jpg,fusidin,3,eyedrop-multi,0.7069899439811707
2026-06-24T10:27:04.992512,C:\Users\이예은\A-EYE\test_images\train\fusidin\fusidin_32.jpg,fusidin,4,madecassol,0.6469665765762329
2026-06-24T10:27:04.992512,C:\Users\이예은\A-EYE\test_images\train\fusidin\fusidin_32.jpg,fusidin,5,festal,0.6346158981323242
2026-06-24T10:27:04.992512,C:\Users\이예은\A-EYE\test_images\train\fusidin\fusidin_32.jpg,fusidin,6,band,0.2661013901233673
2026-06-24T10:27:08.147816,C:\Users\이예은\A-EYE\test_images\train\fusidin\fusidin_33.jpg,fusidin,1,fusidin,0.8621601462364197
2026-06-24T10:27:08.147816,C:\Users\이예은\A-EYE\test_images\train\fusidin\fusidin_33.jpg,fusidin,2,eyedrop-multi,0.5045170783996582
2026-06-24T10:27:11.479184,C:\Users\이예은\A-EYE\test_images\train\fusidin\fusidin_34.jpg,fusidin,1,fusidin,0.841771125793457
2026-06-24T10:27:11.479184,C:\Users\이예은\A-EYE\test_images\train\fusidin\fusidin_34.jpg,fusidin,2,eyedrop-multi,0.4265182912349701
2026-06-24T10:27:14.658700,C:\Users\이예은\A-EYE\test_images\train\fusidin\fusidin_37.jpg,fusidin,1,fusidin,0.8695589303970337
2026-06-24T10:27:14.658700,C:\Users\이예은\A-EYE\test_images\train\fusidin\fusidin_37.jpg,fusidin,2,eyedrop-multi,0.4188312888145447
2026-06-24T10:27:18.071114,C:\Users\이예은\A-EYE\test_images\train\fusidin\fusidin_39.jpg,fusidin,1,fusidin,0.8582862019538879
2026-06-24T10:27:18.071114,C:\Users\이예은\A-EYE\test_images\train\fusidin\fusidin_39.jpg,fusidin,2,eyedrop-multi,0.7961580157279968
2026-06-24T10:27:18.071114,C:\Users\이예은\A-EYE\test_images\train\fusidin\fusidin_39.jpg,fusidin,3,festal,0.7847732901573181
2026-06-24T10:27:18.071114,C:\Users\이예은\A-EYE\test_images\train\fusidin\fusidin_39.jpg,fusidin,4,pancol,0.41319382190704346
2026-06-24T10:27:21.656780,C:\Users\이예은\A-EYE\test_images\train\fusidin\fusidin_40.jpg,fusidin,1,fusidin,0.8471064567565918
2026-06-24T10:27:21.656780,C:\Users\이예은\A-EYE\test_images\train\fusidin\fusidin_40.jpg,fusidin,2,eyedrop-single,0.6847512125968933
2026-06-24T10:27:25.319417,C:\Users\이예은\A-EYE\test_images\train\fusidin\fusidin_41.jpg,fusidin,1,fusidin,0.5723139643669128
2026-06-24T10:27:25.319417,C:\Users\이예은\A-EYE\test_images\train\fusidin\fusidin_41.jpg,fusidin,2,panpirin,0.2703721225261688
2026-06-24T10:27:29.028179,C:\Users\이예은\A-EYE\test_images\train\fusidin\fusidin_42.jpg,fusidin,1,fusidin,0.864341139793396
2026-06-24T10:27:29.028179,C:\Users\이예은\A-EYE\test_images\train\fusidin\fusidin_42.jpg,fusidin,2,panpirin,0.3552338778972626
2026-06-24T10:27:29.028179,C:\Users\이예은\A-EYE\test_images\train\fusidin\fusidin_42.jpg,fusidin,3,festal,0.3002334237098694
2026-06-24T10:27:32.833351,C:\Users\이예은\A-EYE\test_images\train\fusidin\fusidin_43.jpg,fusidin,1,fusidin,0.884619951248169
2026-06-24T10:27:32.833351,C:\Users\이예은\A-EYE\test_images\train\fusidin\fusidin_43.jpg,fusidin,2,panpirin,0.4516810476779938
2026-06-24T10:27:37.811152,C:\Users\이예은\A-EYE\test_images\train\fusidin\fusidin_44.jpg,fusidin,1,fusidin,0.8525205850601196
2026-06-24T10:27:42.477745,C:\Users\이예은\A-EYE\test_images\train\fusidin\fusidin_47.jpg,fusidin,1,fusidin,0.9320558309555054
2026-06-24T10:27:42.477745,C:\Users\이예은\A-EYE\test_images\train\fusidin\fusidin_47.jpg,fusidin,2,band,0.6639478802680969
2026-06-24T10:27:42.477745,C:\Users\이예은\A-EYE\test_images\train\fusidin\fusidin_47.jpg,fusidin,3,tylenol,0.5770686864852905
2026-06-24T10:27:42.477745,C:\Users\이예은\A-EYE\test_images\train\fusidin\fusidin_47.jpg,fusidin,4,eyedrop-multi,0.5002160668373108
2026-06-24T10:27:42.477745,C:\Users\이예은\A-EYE\test_images\train\fusidin\fusidin_47.jpg,fusidin,5,bearse,0.3147251009941101
2026-06-24T10:27:46.457290,C:\Users\이예은\A-EYE\test_images\train\fusidin\fusidin_48.jpg,fusidin,1,fusidin,0.8886131644248962
2026-06-24T10:27:46.457290,C:\Users\이예은\A-EYE\test_images\train\fusidin\fusidin_48.jpg,fusidin,2,band,0.690327525138855
2026-06-24T10:27:46.457290,C:\Users\이예은\A-EYE\test_images\train\fusidin\fusidin_48.jpg,fusidin,3,eyedrop-multi,0.5611885786056519
2026-06-24T10:27:50.611807,C:\Users\이예은\A-EYE\test_images\train\fusidin\fusidin_49.jpg,fusidin,1,fusidin,0.8627893924713135
2026-06-24T10:27:50.611807,C:\Users\이예은\A-EYE\test_images\train\fusidin\fusidin_49.jpg,fusidin,2,band,0.5104327201843262
2026-06-24T10:27:50.611807,C:\Users\이예은\A-EYE\test_images\train\fusidin\fusidin_49.jpg,fusidin,3,festal,0.4641403555870056
2026-06-24T10:27:55.094169,C:\Users\이예은\A-EYE\test_images\train\fusidin\fusidin_50.jpg,fusidin,1,fusidin,0.9401071667671204
2026-06-24T10:27:55.094169,C:\Users\이예은\A-EYE\test_images\train\fusidin\fusidin_50.jpg,fusidin,2,festal,0.4796428978443146
2026-06-24T10:27:55.094169,C:\Users\이예은\A-EYE\test_images\train\fusidin\fusidin_50.jpg,fusidin,3,band,0.44696685671806335
2026-06-24T10:27:55.094169,C:\Users\이예은\A-EYE\test_images\train\fusidin\fusidin_50.jpg,fusidin,4,pancol,0.3753715455532074
2026-06-24T10:27:58.724515,C:\Users\이예은\A-EYE\test_images\train\fusidin\fusidin_51.jpg,fusidin,1,fusidin,0.8988262414932251
2026-06-24T10:27:58.724515,C:\Users\이예은\A-EYE\test_images\train\fusidin\fusidin_51.jpg,fusidin,2,pancol,0.7433003783226013
2026-06-24T10:27:58.724515,C:\Users\이예은\A-EYE\test_images\train\fusidin\fusidin_51.jpg,fusidin,3,festal,0.7255752682685852
2026-06-24T10:27:58.724515,C:\Users\이예은\A-EYE\test_images\train\fusidin\fusidin_51.jpg,fusidin,4,eyedrop-single,0.5354028940200806
2026-06-24T10:27:58.724515,C:\Users\이예은\A-EYE\test_images\train\fusidin\fusidin_51.jpg,fusidin,5,eyedrop-multi,0.3849145472049713
2026-06-24T10:28:02.019472,C:\Users\이예은\A-EYE\test_images\train\fusidin\fusidin_52.jpg,fusidin,1,fusidin,0.791150689125061
2026-06-24T10:28:02.019472,C:\Users\이예은\A-EYE\test_images\train\fusidin\fusidin_52.jpg,fusidin,2,pancol,0.26044878363609314
2026-06-24T10:28:05.439030,C:\Users\이예은\A-EYE\test_images\train\fusidin\fusidin_53.jpg,fusidin,1,fusidin,0.857216477394104
2026-06-24T10:28:05.439030,C:\Users\이예은\A-EYE\test_images\train\fusidin\fusidin_53.jpg,fusidin,2,festal,0.8334429264068604
2026-06-24T10:28:05.439030,C:\Users\이예은\A-EYE\test_images\train\fusidin\fusidin_53.jpg,fusidin,3,pancol,0.6831015348434448
2026-06-24T10:28:08.717709,C:\Users\이예은\A-EYE\test_images\train\fusidin\fusidin_54.jpg,fusidin,1,festal,0.8067975640296936
2026-06-24T10:28:08.717709,C:\Users\이예은\A-EYE\test_images\train\fusidin\fusidin_54.jpg,fusidin,2,fusidin,0.8060354590415955
2026-06-24T10:28:08.717709,C:\Users\이예은\A-EYE\test_images\train\fusidin\fusidin_54.jpg,fusidin,3,pancol,0.632746696472168
2026-06-24T10:28:08.717709,C:\Users\이예은\A-EYE\test_images\train\fusidin\fusidin_54.jpg,fusidin,4,geborin,0.4161701500415802
2026-06-24T10:28:08.717709,C:\Users\이예은\A-EYE\test_images\train\fusidin\fusidin_54.jpg,fusidin,5,eyedrop-multi,0.2554362714290619
2026-06-24T10:28:11.960890,C:\Users\이예은\A-EYE\test_images\train\fusidin\fusidin_55.jpg,fusidin,1,fusidin,0.847855806350708
2026-06-24T10:28:11.960890,C:\Users\이예은\A-EYE\test_images\train\fusidin\fusidin_55.jpg,fusidin,2,eyedrop-multi,0.7124301195144653
2026-06-24T10:28:11.960890,C:\Users\이예은\A-EYE\test_images\train\fusidin\fusidin_55.jpg,fusidin,3,festal,0.41977840662002563
2026-06-24T10:28:11.960890,C:\Users\이예은\A-EYE\test_images\train\fusidin\fusidin_55.jpg,fusidin,4,panpirin,0.3563879728317261
2026-06-24T10:28:11.960890,C:\Users\이예은\A-EYE\test_images\train\fusidin\fusidin_55.jpg,fusidin,5,eyedrop-single,0.31940045952796936
2026-06-24T10:28:15.099814,C:\Users\이예은\A-EYE\test_images\train\fusidin\fusidin_56.jpg,fusidin,1,fusidin,0.7975034713745117
2026-06-24T10:28:15.099814,C:\Users\이예은\A-EYE\test_images\train\fusidin\fusidin_56.jpg,fusidin,2,panpirin,0.7795186638832092
2026-06-24T10:28:15.099814,C:\Users\이예은\A-EYE\test_images\train\fusidin\fusidin_56.jpg,fusidin,3,festal,0.7127920985221863
2026-06-24T10:28:15.099814,C:\Users\이예은\A-EYE\test_images\train\fusidin\fusidin_56.jpg,fusidin,4,geborin,0.6050748825073242
2026-06-24T10:28:15.099814,C:\Users\이예은\A-EYE\test_images\train\fusidin\fusidin_56.jpg,fusidin,5,eyedrop-multi,0.5556843876838684
2026-06-24T10:28:15.099814,C:\Users\이예은\A-EYE\test_images\train\fusidin\fusidin_56.jpg,fusidin,6,eyedrop-single,0.5087972283363342
2026-06-24T10:28:18.374270,C:\Users\이예은\A-EYE\test_images\train\fusidin\fusidin_57.jpg,fusidin,1,fusidin,0.8287606239318848
2026-06-24T10:28:18.374270,C:\Users\이예은\A-EYE\test_images\train\fusidin\fusidin_57.jpg,fusidin,2,festal,0.826313316822052
2026-06-24T10:28:18.374270,C:\Users\이예은\A-EYE\test_images\train\fusidin\fusidin_57.jpg,fusidin,3,panpirin,0.6621730327606201
2026-06-24T10:28:18.374270,C:\Users\이예은\A-EYE\test_images\train\fusidin\fusidin_57.jpg,fusidin,4,eyedrop-multi,0.6196644306182861
2026-06-24T10:28:18.374270,C:\Users\이예은\A-EYE\test_images\train\fusidin\fusidin_57.jpg,fusidin,5,geborin,0.43012550473213196
2026-06-24T10:28:18.374270,C:\Users\이예은\A-EYE\test_images\train\fusidin\fusidin_57.jpg,fusidin,6,eyedrop-single,0.29848936200141907
2026-06-24T10:28:21.383811,C:\Users\이예은\A-EYE\test_images\train\fusidin\fusidin_58.jpg,fusidin,1,fusidin,0.8330357074737549
2026-06-24T10:28:21.383811,C:\Users\이예은\A-EYE\test_images\train\fusidin\fusidin_58.jpg,fusidin,2,eyedrop-multi,0.7397642731666565
2026-06-24T10:28:21.383811,C:\Users\이예은\A-EYE\test_images\train\fusidin\fusidin_58.jpg,fusidin,3,festal,0.6821527481079102
2026-06-24T10:28:21.383811,C:\Users\이예은\A-EYE\test_images\train\fusidin\fusidin_58.jpg,fusidin,4,geborin,0.5970754027366638
2026-06-24T10:28:21.383811,C:\Users\이예은\A-EYE\test_images\train\fusidin\fusidin_58.jpg,fusidin,5,eyedrop-single,0.5300117135047913
2026-06-24T10:28:24.391615,C:\Users\이예은\A-EYE\test_images\train\fusidin\fusidin_59.jpg,fusidin,1,fusidin,0.8466092944145203
2026-06-24T10:28:24.391615,C:\Users\이예은\A-EYE\test_images\train\fusidin\fusidin_59.jpg,fusidin,2,geborin,0.32321372628211975
2026-06-24T10:28:27.450683,C:\Users\이예은\A-EYE\test_images\train\fusidin\fusidin_60.jpg,fusidin,1,fusidin,0.8221506476402283
2026-06-24T10:28:27.450683,C:\Users\이예은\A-EYE\test_images\train\fusidin\fusidin_60.jpg,fusidin,2,eyedrop-single,0.7839750051498413
2026-06-24T10:28:27.450683,C:\Users\이예은\A-EYE\test_images\train\fusidin\fusidin_60.jpg,fusidin,3,festal,0.5166521668434143
2026-06-24T10:28:27.450683,C:\Users\이예은\A-EYE\test_images\train\fusidin\fusidin_60.jpg,fusidin,4,eyedrop-multi,0.3385743796825409
2026-06-24T10:28:30.651054,C:\Users\이예은\A-EYE\test_images\train\fusidin\fusidin_61.jpg,fusidin,1,fusidin,0.8681204319000244
2026-06-24T10:28:30.651054,C:\Users\이예은\A-EYE\test_images\train\fusidin\fusidin_61.jpg,fusidin,2,eyedrop-multi,0.6313443779945374
2026-06-24T10:28:36.588901,C:\Users\이예은\A-EYE\test_images\train\geborin\geborin_01.jpg,geborin,1,geborin,0.8256457448005676
2026-06-24T10:28:36.588901,C:\Users\이예은\A-EYE\test_images\train\geborin\geborin_01.jpg,geborin,2,eyedrop-single,0.5429255962371826
2026-06-24T10:28:36.588901,C:\Users\이예은\A-EYE\test_images\train\geborin\geborin_01.jpg,geborin,3,pancol,0.38115713000297546
2026-06-24T10:28:43.110869,C:\Users\이예은\A-EYE\test_images\train\geborin\geborin_03.jpg,geborin,1,geborin,0.7922101020812988
2026-06-24T10:28:43.110869,C:\Users\이예은\A-EYE\test_images\train\geborin\geborin_03.jpg,geborin,2,eyedrop-single,0.6540330052375793
2026-06-24T10:28:43.110869,C:\Users\이예은\A-EYE\test_images\train\geborin\geborin_03.jpg,geborin,3,eyedrop-multi,0.5314584970474243
2026-06-24T10:28:43.110869,C:\Users\이예은\A-EYE\test_images\train\geborin\geborin_03.jpg,geborin,4,ezen6,0.5021541118621826
2026-06-24T10:28:49.592366,C:\Users\이예은\A-EYE\test_images\train\geborin\geborin_04.jpg,geborin,1,pancol,0.5927670001983643
2026-06-24T10:28:49.592366,C:\Users\이예은\A-EYE\test_images\train\geborin\geborin_04.jpg,geborin,2,eyedrop-single,0.4978060722351074
2026-06-24T10:28:49.592366,C:\Users\이예은\A-EYE\test_images\train\geborin\geborin_04.jpg,geborin,3,geborin,0.4403933882713318
2026-06-24T10:28:49.592366,C:\Users\이예은\A-EYE\test_images\train\geborin\geborin_04.jpg,geborin,4,tylenol,0.392189621925354
2026-06-24T10:28:49.592366,C:\Users\이예은\A-EYE\test_images\train\geborin\geborin_04.jpg,geborin,5,eyedrop-multi,0.2843954861164093
2026-06-24T10:28:56.638480,C:\Users\이예은\A-EYE\test_images\train\geborin\geborin_06.jpg,geborin,1,band,0.8697429299354553
2026-06-24T10:28:56.638480,C:\Users\이예은\A-EYE\test_images\train\geborin\geborin_06.jpg,geborin,2,eyedrop-multi,0.8302793502807617
2026-06-24T10:28:56.638480,C:\Users\이예은\A-EYE\test_images\train\geborin\geborin_06.jpg,geborin,3,tylenol,0.8217028975486755
2026-06-24T10:28:56.638480,C:\Users\이예은\A-EYE\test_images\train\geborin\geborin_06.jpg,geborin,4,festal,0.7692992091178894
2026-06-24T10:28:56.638480,C:\Users\이예은\A-EYE\test_images\train\geborin\geborin_06.jpg,geborin,5,geborin,0.7658589482307434
2026-06-24T10:28:56.638480,C:\Users\이예은\A-EYE\test_images\train\geborin\geborin_06.jpg,geborin,6,ezen6,0.7216922044754028
2026-06-24T10:28:56.638480,C:\Users\이예은\A-EYE\test_images\train\geborin\geborin_06.jpg,geborin,7,eyedrop-single,0.6934952139854431
2026-06-24T10:28:56.638480,C:\Users\이예은\A-EYE\test_images\train\geborin\geborin_06.jpg,geborin,8,fusidin,0.49308741092681885
2026-06-24T10:29:17.483747,C:\Users\이예은\A-EYE\test_images\train\geborin\geborin_07.jpg,geborin,1,geborin,0.873932421207428
2026-06-24T10:29:17.483747,C:\Users\이예은\A-EYE\test_images\train\geborin\geborin_07.jpg,geborin,2,eyedrop-single,0.7870966196060181
2026-06-24T10:29:17.483747,C:\Users\이예은\A-EYE\test_images\train\geborin\geborin_07.jpg,geborin,3,ezen6,0.5110281705856323
2026-06-24T10:29:17.483747,C:\Users\이예은\A-EYE\test_images\train\geborin\geborin_07.jpg,geborin,4,festal,0.3093232810497284
2026-06-24T10:29:39.727642,C:\Users\이예은\A-EYE\test_images\train\geborin\geborin_09.jpg,geborin,1,geborin,0.7790531516075134
2026-06-24T10:29:39.727642,C:\Users\이예은\A-EYE\test_images\train\geborin\geborin_09.jpg,geborin,2,band,0.7389180064201355
2026-06-24T10:29:39.727642,C:\Users\이예은\A-EYE\test_images\train\geborin\geborin_09.jpg,geborin,3,ezen6,0.6486890912055969
2026-06-24T10:29:39.727642,C:\Users\이예은\A-EYE\test_images\train\geborin\geborin_09.jpg,geborin,4,tylenol,0.4683506488800049
2026-06-24T10:29:39.727642,C:\Users\이예은\A-EYE\test_images\train\geborin\geborin_09.jpg,geborin,5,eyedrop-multi,0.4304736852645874
2026-06-24T10:29:39.727642,C:\Users\이예은\A-EYE\test_images\train\geborin\geborin_09.jpg,geborin,6,eyedrop-single,0.2703531086444855
2026-06-24T10:30:00.917503,C:\Users\이예은\A-EYE\test_images\train\geborin\geborin_10.jpg,geborin,1,geborin,0.8456354141235352
2026-06-24T10:30:00.917503,C:\Users\이예은\A-EYE\test_images\train\geborin\geborin_10.jpg,geborin,2,band,0.7110698819160461
2026-06-24T10:30:00.917503,C:\Users\이예은\A-EYE\test_images\train\geborin\geborin_10.jpg,geborin,3,pancol,0.5656464695930481
2026-06-24T10:30:00.917503,C:\Users\이예은\A-EYE\test_images\train\geborin\geborin_10.jpg,geborin,4,festal,0.4953521192073822
2026-06-24T10:30:00.921619,C:\Users\이예은\A-EYE\test_images\train\geborin\geborin_10.jpg,geborin,5,tylenol,0.30658650398254395
2026-06-24T10:30:00.921619,C:\Users\이예은\A-EYE\test_images\train\geborin\geborin_10.jpg,geborin,6,ezen6,0.26944807171821594
2026-06-24T10:30:22.105714,C:\Users\이예은\A-EYE\test_images\train\geborin\geborin_11.jpg,geborin,1,geborin,0.8041076064109802
2026-06-24T10:30:22.105714,C:\Users\이예은\A-EYE\test_images\train\geborin\geborin_11.jpg,geborin,2,eyedrop-single,0.5462013483047485
2026-06-24T10:30:22.105714,C:\Users\이예은\A-EYE\test_images\train\geborin\geborin_11.jpg,geborin,3,festal,0.43043074011802673
2026-06-24T10:30:22.105714,C:\Users\이예은\A-EYE\test_images\train\geborin\geborin_11.jpg,geborin,4,tylenol,0.33260342478752136
2026-06-24T10:30:22.105714,C:\Users\이예은\A-EYE\test_images\train\geborin\geborin_11.jpg,geborin,5,eyedrop-multi,0.3014126718044281
2026-06-24T10:30:42.700935,C:\Users\이예은\A-EYE\test_images\train\geborin\geborin_12.jpg,geborin,1,geborin,0.8272866606712341
2026-06-24T10:30:42.700935,C:\Users\이예은\A-EYE\test_images\train\geborin\geborin_12.jpg,geborin,2,eyedrop-single,0.6143209338188171
2026-06-24T10:30:42.700935,C:\Users\이예은\A-EYE\test_images\train\geborin\geborin_12.jpg,geborin,3,pancol,0.5968539714813232
2026-06-24T10:30:42.700935,C:\Users\이예은\A-EYE\test_images\train\geborin\geborin_12.jpg,geborin,4,fusidin,0.43147554993629456
2026-06-24T10:30:42.700935,C:\Users\이예은\A-EYE\test_images\train\geborin\geborin_12.jpg,geborin,5,festal,0.35397809743881226
2026-06-24T10:31:01.963125,C:\Users\이예은\A-EYE\test_images\train\geborin\geborin_13.jpg,geborin,1,fusidin,0.680936872959137
2026-06-24T10:31:01.963125,C:\Users\이예은\A-EYE\test_images\train\geborin\geborin_13.jpg,geborin,2,geborin,0.656470537185669
2026-06-24T10:31:01.963125,C:\Users\이예은\A-EYE\test_images\train\geborin\geborin_13.jpg,geborin,3,eyedrop-single,0.6396549940109253
2026-06-24T10:31:01.963125,C:\Users\이예은\A-EYE\test_images\train\geborin\geborin_13.jpg,geborin,4,pancol,0.3270733654499054
2026-06-24T10:31:23.418203,C:\Users\이예은\A-EYE\test_images\train\geborin\geborin_14.jpg,geborin,1,geborin,0.7068704962730408
2026-06-24T10:31:23.418203,C:\Users\이예은\A-EYE\test_images\train\geborin\geborin_14.jpg,geborin,2,patch,0.6289179921150208
2026-06-24T10:31:44.132320,C:\Users\이예은\A-EYE\test_images\train\geborin\geborin_15.jpg,geborin,1,ezen6,0.7074155807495117
2026-06-24T10:31:44.132320,C:\Users\이예은\A-EYE\test_images\train\geborin\geborin_15.jpg,geborin,2,geborin,0.6981729865074158
2026-06-24T10:31:44.132320,C:\Users\이예은\A-EYE\test_images\train\geborin\geborin_15.jpg,geborin,3,eyedrop-single,0.6884176135063171
2026-06-24T10:31:44.132320,C:\Users\이예은\A-EYE\test_images\train\geborin\geborin_15.jpg,geborin,4,pancol,0.6779386401176453
2026-06-24T10:31:44.132320,C:\Users\이예은\A-EYE\test_images\train\geborin\geborin_15.jpg,geborin,5,eyedrop-multi,0.5675086975097656
2026-06-24T10:31:56.710634,C:\Users\이예은\A-EYE\test_images\train\geborin\geborin_16.jpg,geborin,1,geborin,0.8368688821792603
2026-06-24T10:31:56.710634,C:\Users\이예은\A-EYE\test_images\train\geborin\geborin_16.jpg,geborin,2,festal,0.8053575754165649
2026-06-24T10:31:56.726377,C:\Users\이예은\A-EYE\test_images\train\geborin\geborin_16.jpg,geborin,3,panpirin,0.6331022381782532
2026-06-24T10:31:56.726377,C:\Users\이예은\A-EYE\test_images\train\geborin\geborin_16.jpg,geborin,4,bearse,0.5775316953659058
2026-06-24T10:31:56.726377,C:\Users\이예은\A-EYE\test_images\train\geborin\geborin_16.jpg,geborin,5,eyedrop-single,0.5303526520729065
2026-06-24T10:32:07.932608,C:\Users\이예은\A-EYE\test_images\train\geborin\geborin_17.jpg,geborin,1,geborin,0.8528872132301331
2026-06-24T10:32:07.932608,C:\Users\이예은\A-EYE\test_images\train\geborin\geborin_17.jpg,geborin,2,band,0.6472633481025696
2026-06-24T10:32:07.932608,C:\Users\이예은\A-EYE\test_images\train\geborin\geborin_17.jpg,geborin,3,pancol,0.4960617125034332
2026-06-24T10:32:07.932608,C:\Users\이예은\A-EYE\test_images\train\geborin\geborin_17.jpg,geborin,4,festal,0.47453588247299194
2026-06-24T10:32:19.299243,C:\Users\이예은\A-EYE\test_images\train\geborin\geborin_19.jpg,geborin,1,geborin,0.8634809851646423
2026-06-24T10:32:19.299243,C:\Users\이예은\A-EYE\test_images\train\geborin\geborin_19.jpg,geborin,2,festal,0.6373234391212463
2026-06-24T10:32:19.299243,C:\Users\이예은\A-EYE\test_images\train\geborin\geborin_19.jpg,geborin,3,eyedrop-single,0.2939833998680115
2026-06-24T10:32:19.299243,C:\Users\이예은\A-EYE\test_images\train\geborin\geborin_19.jpg,geborin,4,patch,0.2852836847305298
2026-06-24T10:32:28.311675,C:\Users\이예은\A-EYE\test_images\train\geborin\geborin_20.jpg,geborin,1,panpirin,0.43042632937431335
2026-06-24T10:32:28.311675,C:\Users\이예은\A-EYE\test_images\train\geborin\geborin_20.jpg,geborin,2,band,0.33421701192855835
2026-06-24T10:32:28.311675,C:\Users\이예은\A-EYE\test_images\train\geborin\geborin_20.jpg,geborin,3,festal,0.3138538897037506
2026-06-24T10:32:38.940568,C:\Users\이예은\A-EYE\test_images\train\geborin\geborin_21.jpg,geborin,1,geborin,0.8348337411880493
2026-06-24T10:32:38.940568,C:\Users\이예은\A-EYE\test_images\train\geborin\geborin_21.jpg,geborin,2,pancol,0.7081421613693237
2026-06-24T10:32:38.940568,C:\Users\이예은\A-EYE\test_images\train\geborin\geborin_21.jpg,geborin,3,fusidin,0.39022690057754517
2026-06-24T10:32:38.940568,C:\Users\이예은\A-EYE\test_images\train\geborin\geborin_21.jpg,geborin,4,band,0.37693870067596436
2026-06-24T10:32:47.417347,C:\Users\이예은\A-EYE\test_images\train\geborin\geborin_24.jpg,geborin,1,tylenol,0.8223999738693237
2026-06-24T10:32:47.417347,C:\Users\이예은\A-EYE\test_images\train\geborin\geborin_24.jpg,geborin,2,geborin,0.810282289981842
2026-06-24T10:32:47.417347,C:\Users\이예은\A-EYE\test_images\train\geborin\geborin_24.jpg,geborin,3,festal,0.7628502249717712
2026-06-24T10:32:47.417347,C:\Users\이예은\A-EYE\test_images\train\geborin\geborin_24.jpg,geborin,4,eyedrop-single,0.7280341982841492
2026-06-24T10:32:47.417347,C:\Users\이예은\A-EYE\test_images\train\geborin\geborin_24.jpg,geborin,5,panpirin,0.6711850166320801
2026-06-24T10:32:47.417347,C:\Users\이예은\A-EYE\test_images\train\geborin\geborin_24.jpg,geborin,6,pancol,0.34410300850868225
2026-06-24T10:32:58.274487,C:\Users\이예은\A-EYE\test_images\train\geborin\geborin_25.jpg,geborin,1,geborin,0.8704785704612732
2026-06-24T10:32:58.274487,C:\Users\이예은\A-EYE\test_images\train\geborin\geborin_25.jpg,geborin,2,festal,0.7256789803504944
2026-06-24T10:32:58.274487,C:\Users\이예은\A-EYE\test_images\train\geborin\geborin_25.jpg,geborin,3,eyedrop-single,0.7030843496322632
2026-06-24T10:32:58.274487,C:\Users\이예은\A-EYE\test_images\train\geborin\geborin_25.jpg,geborin,4,tylenol,0.2563788592815399
2026-06-24T10:33:05.627740,C:\Users\이예은\A-EYE\test_images\train\geborin\geborin_27.jpg,geborin,1,festal,0.898343563079834
2026-06-24T10:33:05.627740,C:\Users\이예은\A-EYE\test_images\train\geborin\geborin_27.jpg,geborin,2,geborin,0.8223283886909485
2026-06-24T10:33:05.627740,C:\Users\이예은\A-EYE\test_images\train\geborin\geborin_27.jpg,geborin,3,fusidin,0.5310419797897339
2026-06-24T10:33:05.627740,C:\Users\이예은\A-EYE\test_images\train\geborin\geborin_27.jpg,geborin,4,pancol,0.40156471729278564
2026-06-24T10:33:05.627740,C:\Users\이예은\A-EYE\test_images\train\geborin\geborin_27.jpg,geborin,5,eyedrop-multi,0.3564556837081909
2026-06-24T10:33:05.627740,C:\Users\이예은\A-EYE\test_images\train\geborin\geborin_27.jpg,geborin,6,ezen6,0.26560232043266296
2026-06-24T10:33:15.312324,C:\Users\이예은\A-EYE\test_images\train\geborin\geborin_28.jpg,geborin,1,pancol,0.6730505228042603
2026-06-24T10:33:15.312324,C:\Users\이예은\A-EYE\test_images\train\geborin\geborin_28.jpg,geborin,2,eyedrop-single,0.6250443458557129
2026-06-24T10:33:15.312324,C:\Users\이예은\A-EYE\test_images\train\geborin\geborin_28.jpg,geborin,3,geborin,0.6059302091598511
2026-06-24T10:33:15.312324,C:\Users\이예은\A-EYE\test_images\train\geborin\geborin_28.jpg,geborin,4,eyedrop-multi,0.36409005522727966
2026-06-24T10:33:23.300915,C:\Users\이예은\A-EYE\test_images\train\geborin\geborin_29.jpg,geborin,1,ezen6,0.8553903698921204
2026-06-24T10:33:23.300915,C:\Users\이예은\A-EYE\test_images\train\geborin\geborin_29.jpg,geborin,2,festal,0.7234130501747131
2026-06-24T10:33:23.300915,C:\Users\이예은\A-EYE\test_images\train\geborin\geborin_29.jpg,geborin,3,eyedrop-single,0.2501709759235382
2026-06-24T10:33:31.807991,C:\Users\이예은\A-EYE\test_images\train\geborin\geborin_30.jpg,geborin,1,geborin,0.7829176783561707
2026-06-24T10:33:31.807991,C:\Users\이예은\A-EYE\test_images\train\geborin\geborin_30.jpg,geborin,2,festal,0.6884373426437378
2026-06-24T10:33:31.807991,C:\Users\이예은\A-EYE\test_images\train\geborin\geborin_30.jpg,geborin,3,eyedrop-single,0.663549542427063
2026-06-24T10:33:31.807991,C:\Users\이예은\A-EYE\test_images\train\geborin\geborin_30.jpg,geborin,4,pancol,0.4713346064090729
2026-06-24T10:33:31.807991,C:\Users\이예은\A-EYE\test_images\train\geborin\geborin_30.jpg,geborin,5,fusidin,0.38339102268218994
2026-06-24T10:33:31.807991,C:\Users\이예은\A-EYE\test_images\train\geborin\geborin_30.jpg,geborin,6,eyedrop-multi,0.29396024346351624
2026-06-24T10:33:43.623448,C:\Users\이예은\A-EYE\test_images\train\geborin\geborin_31.jpg,geborin,1,geborin,0.8810781836509705
2026-06-24T10:33:43.623448,C:\Users\이예은\A-EYE\test_images\train\geborin\geborin_31.jpg,geborin,2,ezen6,0.7119964361190796
2026-06-24T10:33:43.623448,C:\Users\이예은\A-EYE\test_images\train\geborin\geborin_31.jpg,geborin,3,tylenol,0.28721943497657776
2026-06-24T10:33:55.447838,C:\Users\이예은\A-EYE\test_images\train\geborin\geborin_32.jpg,geborin,1,geborin,0.8654425144195557
2026-06-24T10:33:55.447838,C:\Users\이예은\A-EYE\test_images\train\geborin\geborin_32.jpg,geborin,2,festal,0.7742260098457336
2026-06-24T10:33:55.447838,C:\Users\이예은\A-EYE\test_images\train\geborin\geborin_32.jpg,geborin,3,eyedrop-single,0.6548548936843872
2026-06-24T10:33:55.447838,C:\Users\이예은\A-EYE\test_images\train\geborin\geborin_32.jpg,geborin,4,panpirin,0.4675198793411255
2026-06-24T10:34:07.369041,C:\Users\이예은\A-EYE\test_images\train\geborin\geborin_34.jpg,geborin,1,eyedrop-single,0.8260196447372437
2026-06-24T10:34:07.369041,C:\Users\이예은\A-EYE\test_images\train\geborin\geborin_34.jpg,geborin,2,geborin,0.6632035374641418
2026-06-24T10:34:07.369041,C:\Users\이예은\A-EYE\test_images\train\geborin\geborin_34.jpg,geborin,3,pancol,0.5672513246536255
2026-06-24T10:34:07.369041,C:\Users\이예은\A-EYE\test_images\train\geborin\geborin_34.jpg,geborin,4,eyedrop-multi,0.35814616084098816
2026-06-24T10:34:14.957324,C:\Users\이예은\A-EYE\test_images\train\geborin\geborin_36.jpg,geborin,1,ezen6,0.7782464027404785
2026-06-24T10:34:14.957324,C:\Users\이예은\A-EYE\test_images\train\geborin\geborin_36.jpg,geborin,2,geborin,0.7346043586730957
2026-06-24T10:34:14.957324,C:\Users\이예은\A-EYE\test_images\train\geborin\geborin_36.jpg,geborin,3,festal,0.5883203744888306
2026-06-24T10:34:14.957324,C:\Users\이예은\A-EYE\test_images\train\geborin\geborin_36.jpg,geborin,4,eyedrop-multi,0.39463216066360474
2026-06-24T10:34:22.830093,C:\Users\이예은\A-EYE\test_images\train\geborin\geborin_37.jpg,geborin,1,geborin,0.8441244959831238
2026-06-24T10:34:22.830093,C:\Users\이예은\A-EYE\test_images\train\geborin\geborin_37.jpg,geborin,2,eyedrop-single,0.5106244087219238
2026-06-24T10:34:22.830093,C:\Users\이예은\A-EYE\test_images\train\geborin\geborin_37.jpg,geborin,3,pancol,0.28130412101745605
2026-06-24T10:34:31.317003,C:\Users\이예은\A-EYE\test_images\train\geborin\geborin_38.jpg,geborin,1,eyedrop-multi,0.6322532892227173
2026-06-24T10:34:31.317003,C:\Users\이예은\A-EYE\test_images\train\geborin\geborin_38.jpg,geborin,2,bearse,0.6103150248527527
2026-06-24T10:34:31.317003,C:\Users\이예은\A-EYE\test_images\train\geborin\geborin_38.jpg,geborin,3,festal,0.5213323831558228
2026-06-24T10:34:31.317003,C:\Users\이예은\A-EYE\test_images\train\geborin\geborin_38.jpg,geborin,4,geborin,0.43411657214164734
2026-06-24T10:34:31.317003,C:\Users\이예은\A-EYE\test_images\train\geborin\geborin_38.jpg,geborin,5,pancol,0.36870983242988586
2026-06-24T10:34:31.317003,C:\Users\이예은\A-EYE\test_images\train\geborin\geborin_38.jpg,geborin,6,ezen6,0.36273831129074097
2026-06-24T10:34:31.317003,C:\Users\이예은\A-EYE\test_images\train\geborin\geborin_38.jpg,geborin,7,eyedrop-single,0.2750720679759979
2026-06-24T10:34:38.694265,C:\Users\이예은\A-EYE\test_images\train\geborin\geborin_39.jpg,geborin,1,geborin,0.7733476758003235
2026-06-24T10:34:38.694265,C:\Users\이예은\A-EYE\test_images\train\geborin\geborin_39.jpg,geborin,2,pancol,0.46750158071517944
2026-06-24T10:34:47.960863,C:\Users\이예은\A-EYE\test_images\train\geborin\geborin_40.jpg,geborin,1,geborin,0.8700414299964905
2026-06-24T10:34:47.960863,C:\Users\이예은\A-EYE\test_images\train\geborin\geborin_40.jpg,geborin,2,eyedrop-single,0.8412025570869446
2026-06-24T10:34:47.960863,C:\Users\이예은\A-EYE\test_images\train\geborin\geborin_40.jpg,geborin,3,festal,0.7749425768852234
2026-06-24T10:34:47.960863,C:\Users\이예은\A-EYE\test_images\train\geborin\geborin_40.jpg,geborin,4,ezen6,0.6958401203155518
2026-06-24T10:34:57.644172,C:\Users\이예은\A-EYE\test_images\train\geborin\geborin_41.jpg,geborin,1,geborin,0.8516886830329895
2026-06-24T10:34:57.644172,C:\Users\이예은\A-EYE\test_images\train\geborin\geborin_41.jpg,geborin,2,festal,0.82770836353302
2026-06-24T10:34:57.644172,C:\Users\이예은\A-EYE\test_images\train\geborin\geborin_41.jpg,geborin,3,ezen6,0.4106956422328949
2026-06-24T10:34:57.644172,C:\Users\이예은\A-EYE\test_images\train\geborin\geborin_41.jpg,geborin,4,eyedrop-single,0.2904762625694275
2026-06-24T10:35:08.037280,C:\Users\이예은\A-EYE\test_images\train\geborin\geborin_43.jpg,geborin,1,geborin,0.7772805690765381
2026-06-24T10:35:08.037280,C:\Users\이예은\A-EYE\test_images\train\geborin\geborin_43.jpg,geborin,2,fusidin,0.7184083461761475
2026-06-24T10:35:08.037280,C:\Users\이예은\A-EYE\test_images\train\geborin\geborin_43.jpg,geborin,3,eyedrop-single,0.6584929823875427
2026-06-24T10:35:08.037280,C:\Users\이예은\A-EYE\test_images\train\geborin\geborin_43.jpg,geborin,4,pancol,0.37545347213745117
2026-06-24T10:35:08.037280,C:\Users\이예은\A-EYE\test_images\train\geborin\geborin_43.jpg,geborin,5,festal,0.34033864736557007
2026-06-24T10:35:19.526254,C:\Users\이예은\A-EYE\test_images\train\geborin\geborin_45.jpg,geborin,1,geborin,0.8781343102455139
2026-06-24T10:35:19.526254,C:\Users\이예은\A-EYE\test_images\train\geborin\geborin_45.jpg,geborin,2,eyedrop-single,0.7908807992935181
2026-06-24T10:35:19.526254,C:\Users\이예은\A-EYE\test_images\train\geborin\geborin_45.jpg,geborin,3,festal,0.6644370555877686
2026-06-24T10:35:31.097241,C:\Users\이예은\A-EYE\test_images\train\geborin\geborin_46.jpg,geborin,1,geborin,0.8878224492073059
2026-06-24T10:35:31.097241,C:\Users\이예은\A-EYE\test_images\train\geborin\geborin_46.jpg,geborin,2,festal,0.7864599823951721
2026-06-24T10:35:31.097241,C:\Users\이예은\A-EYE\test_images\train\geborin\geborin_46.jpg,geborin,3,eyedrop-single,0.7601315379142761
2026-06-24T10:35:31.097241,C:\Users\이예은\A-EYE\test_images\train\geborin\geborin_46.jpg,geborin,4,eyedrop-multi,0.44933032989501953
2026-06-24T10:35:39.177409,C:\Users\이예은\A-EYE\test_images\train\geborin\geborin_47.jpg,geborin,1,geborin,0.8477106690406799
2026-06-24T10:35:39.177409,C:\Users\이예은\A-EYE\test_images\train\geborin\geborin_47.jpg,geborin,2,band,0.821109414100647
2026-06-24T10:35:39.177409,C:\Users\이예은\A-EYE\test_images\train\geborin\geborin_47.jpg,geborin,3,pancol,0.7552742958068848
2026-06-24T10:35:39.177409,C:\Users\이예은\A-EYE\test_images\train\geborin\geborin_47.jpg,geborin,4,festal,0.7454259395599365
2026-06-24T10:35:49.753450,C:\Users\이예은\A-EYE\test_images\train\geborin\geborin_48.jpg,geborin,1,geborin,0.8301874995231628
2026-06-24T10:35:49.753450,C:\Users\이예은\A-EYE\test_images\train\geborin\geborin_48.jpg,geborin,2,eyedrop-single,0.5347287654876709
2026-06-24T10:35:49.753450,C:\Users\이예은\A-EYE\test_images\train\geborin\geborin_48.jpg,geborin,3,panpirin,0.4093928337097168
2026-06-24T10:35:49.753450,C:\Users\이예은\A-EYE\test_images\train\geborin\geborin_48.jpg,geborin,4,pancol,0.3860158622264862
2026-06-24T10:36:00.853462,C:\Users\이예은\A-EYE\test_images\train\geborin\geborin_49.jpg,geborin,1,geborin,0.9015713334083557
2026-06-24T10:36:00.853462,C:\Users\이예은\A-EYE\test_images\train\geborin\geborin_49.jpg,geborin,2,fusidin,0.7392312288284302
2026-06-24T10:36:00.853462,C:\Users\이예은\A-EYE\test_images\train\geborin\geborin_49.jpg,geborin,3,festal,0.7269166707992554
2026-06-24T10:36:00.853462,C:\Users\이예은\A-EYE\test_images\train\geborin\geborin_49.jpg,geborin,4,pancol,0.6905943751335144
2026-06-24T10:36:00.853462,C:\Users\이예은\A-EYE\test_images\train\geborin\geborin_49.jpg,geborin,5,eyedrop-single,0.6198410987854004
2026-06-24T10:36:07.798215,C:\Users\이예은\A-EYE\test_images\train\geborin\geborin_51.jpg,geborin,1,geborin,0.8577603697776794
2026-06-24T10:36:07.798215,C:\Users\이예은\A-EYE\test_images\train\geborin\geborin_51.jpg,geborin,2,eyedrop-single,0.7253241539001465
2026-06-24T10:36:07.798215,C:\Users\이예은\A-EYE\test_images\train\geborin\geborin_51.jpg,geborin,3,ezen6,0.6444571018218994
2026-06-24T10:36:07.798215,C:\Users\이예은\A-EYE\test_images\train\geborin\geborin_51.jpg,geborin,4,pancol,0.5200544595718384
2026-06-24T10:36:07.798215,C:\Users\이예은\A-EYE\test_images\train\geborin\geborin_51.jpg,geborin,5,tylenol,0.38667264580726624
2026-06-24T10:36:15.248399,C:\Users\이예은\A-EYE\test_images\train\geborin\geborin_52.jpg,geborin,1,geborin,0.7771587371826172
2026-06-24T10:36:15.248399,C:\Users\이예은\A-EYE\test_images\train\geborin\geborin_52.jpg,geborin,2,festal,0.7654670476913452
2026-06-24T10:36:15.248399,C:\Users\이예은\A-EYE\test_images\train\geborin\geborin_52.jpg,geborin,3,band,0.6779043674468994
2026-06-24T10:36:15.248399,C:\Users\이예은\A-EYE\test_images\train\geborin\geborin_52.jpg,geborin,4,pancol,0.5203543305397034
2026-06-24T10:36:15.248399,C:\Users\이예은\A-EYE\test_images\train\geborin\geborin_52.jpg,geborin,5,tylenol,0.4732021987438202
2026-06-24T10:36:15.248399,C:\Users\이예은\A-EYE\test_images\train\geborin\geborin_52.jpg,geborin,6,fusidin,0.4308878779411316
2026-06-24T10:36:26.586331,C:\Users\이예은\A-EYE\test_images\train\geborin\geborin_53.jpg,geborin,1,geborin,0.8499260544776917
2026-06-24T10:36:26.586331,C:\Users\이예은\A-EYE\test_images\train\geborin\geborin_53.jpg,geborin,2,festal,0.823732316493988
2026-06-24T10:36:26.586331,C:\Users\이예은\A-EYE\test_images\train\geborin\geborin_53.jpg,geborin,3,tylenol,0.794304370880127
2026-06-24T10:36:26.586331,C:\Users\이예은\A-EYE\test_images\train\geborin\geborin_53.jpg,geborin,4,ezen6,0.7892918586730957
2026-06-24T10:36:26.586331,C:\Users\이예은\A-EYE\test_images\train\geborin\geborin_53.jpg,geborin,5,eyedrop-single,0.5131508111953735
2026-06-24T10:36:26.586331,C:\Users\이예은\A-EYE\test_images\train\geborin\geborin_53.jpg,geborin,6,eyedrop-multi,0.44591593742370605
2026-06-24T10:36:26.586331,C:\Users\이예은\A-EYE\test_images\train\geborin\geborin_53.jpg,geborin,7,band,0.3860308825969696
2026-06-24T10:36:39.335787,C:\Users\이예은\A-EYE\test_images\train\geborin\geborin_54.jpg,geborin,1,festal,0.8319682478904724
2026-06-24T10:36:39.335787,C:\Users\이예은\A-EYE\test_images\train\geborin\geborin_54.jpg,geborin,2,geborin,0.795236349105835
2026-06-24T10:36:46.489947,C:\Users\이예은\A-EYE\test_images\train\geborin\geborin_55.jpg,geborin,1,geborin,0.9350771307945251
2026-06-24T10:36:46.489947,C:\Users\이예은\A-EYE\test_images\train\geborin\geborin_55.jpg,geborin,2,festal,0.8452475070953369
2026-06-24T10:36:46.489947,C:\Users\이예은\A-EYE\test_images\train\geborin\geborin_55.jpg,geborin,3,band,0.7364521026611328
2026-06-24T10:36:46.489947,C:\Users\이예은\A-EYE\test_images\train\geborin\geborin_55.jpg,geborin,4,pancol,0.36497941613197327
2026-06-24T10:36:46.489947,C:\Users\이예은\A-EYE\test_images\train\geborin\geborin_55.jpg,geborin,5,panpirin,0.32039064168930054
2026-06-24T10:36:58.183819,C:\Users\이예은\A-EYE\test_images\train\geborin\geborin_57.jpg,geborin,1,geborin,0.8617706894874573
2026-06-24T10:36:58.183819,C:\Users\이예은\A-EYE\test_images\train\geborin\geborin_57.jpg,geborin,2,panpirin,0.6246206164360046
2026-06-24T10:36:58.183819,C:\Users\이예은\A-EYE\test_images\train\geborin\geborin_57.jpg,geborin,3,eyedrop-single,0.5681732296943665
2026-06-24T10:36:58.183819,C:\Users\이예은\A-EYE\test_images\train\geborin\geborin_57.jpg,geborin,4,tylenol,0.5315849781036377
2026-06-24T10:36:58.183819,C:\Users\이예은\A-EYE\test_images\train\geborin\geborin_57.jpg,geborin,5,pancol,0.4182405173778534
2026-06-24T10:36:58.183819,C:\Users\이예은\A-EYE\test_images\train\geborin\geborin_57.jpg,geborin,6,bearse,0.412021666765213
2026-06-24T10:37:10.185302,C:\Users\이예은\A-EYE\test_images\train\geborin\geborin_58.jpg,geborin,1,geborin,0.8888619542121887
2026-06-24T10:37:10.185302,C:\Users\이예은\A-EYE\test_images\train\geborin\geborin_58.jpg,geborin,2,festal,0.737214207649231
2026-06-24T10:37:10.185302,C:\Users\이예은\A-EYE\test_images\train\geborin\geborin_58.jpg,geborin,3,tylenol,0.619188129901886
2026-06-24T10:37:16.801285,C:\Users\이예은\A-EYE\test_images\train\geborin\geborin_59.jpg,geborin,1,tylenol,0.9055874943733215
2026-06-24T10:37:16.801285,C:\Users\이예은\A-EYE\test_images\train\geborin\geborin_59.jpg,geborin,2,geborin,0.8468999266624451
2026-06-24T10:37:16.801285,C:\Users\이예은\A-EYE\test_images\train\geborin\geborin_59.jpg,geborin,3,eyedrop-single,0.7317304015159607
2026-06-24T10:37:16.801285,C:\Users\이예은\A-EYE\test_images\train\geborin\geborin_59.jpg,geborin,4,eyedrop-multi,0.30595678091049194
2026-06-24T10:37:22.546101,C:\Users\이예은\A-EYE\test_images\train\geborin\geborin_60.jpg,geborin,1,geborin,0.8927560448646545
2026-06-24T10:37:22.546101,C:\Users\이예은\A-EYE\test_images\train\geborin\geborin_60.jpg,geborin,2,ezen6,0.5103978514671326
2026-06-24T10:37:22.546101,C:\Users\이예은\A-EYE\test_images\train\geborin\geborin_60.jpg,geborin,3,fusidin,0.42281222343444824
2026-06-24T10:37:22.546101,C:\Users\이예은\A-EYE\test_images\train\geborin\geborin_60.jpg,geborin,4,eyedrop-multi,0.40078622102737427
2026-06-24T10:37:22.546101,C:\Users\이예은\A-EYE\test_images\train\geborin\geborin_60.jpg,geborin,5,festal,0.3412529528141022
2026-06-24T10:37:32.363555,C:\Users\이예은\A-EYE\test_images\train\geborin\geborin_61.jpg,geborin,1,geborin,0.9127534627914429
2026-06-24T10:37:32.363555,C:\Users\이예은\A-EYE\test_images\train\geborin\geborin_61.jpg,geborin,2,panpirin,0.6836463212966919
2026-06-24T10:37:32.363555,C:\Users\이예은\A-EYE\test_images\train\geborin\geborin_61.jpg,geborin,3,eyedrop-single,0.5612426400184631
2026-06-24T10:37:32.363555,C:\Users\이예은\A-EYE\test_images\train\geborin\geborin_61.jpg,geborin,4,bearse,0.4050305187702179
2026-06-24T10:37:42.278560,C:\Users\이예은\A-EYE\test_images\train\madecassol\madecassol_02.jpg,madecassol,1,fusidin,0.875618040561676
2026-06-24T10:37:42.278560,C:\Users\이예은\A-EYE\test_images\train\madecassol\madecassol_02.jpg,madecassol,2,eyedrop-multi,0.7302873730659485
2026-06-24T10:37:42.278560,C:\Users\이예은\A-EYE\test_images\train\madecassol\madecassol_02.jpg,madecassol,3,madecassol,0.4675896167755127
2026-06-24T10:37:42.278560,C:\Users\이예은\A-EYE\test_images\train\madecassol\madecassol_02.jpg,madecassol,4,festal,0.3539300560951233
2026-06-24T10:37:53.023847,C:\Users\이예은\A-EYE\test_images\train\madecassol\madecassol_03.jpg,madecassol,1,madecassol,0.9609867334365845
2026-06-24T10:37:53.023847,C:\Users\이예은\A-EYE\test_images\train\madecassol\madecassol_03.jpg,madecassol,2,festal,0.5259062051773071
2026-06-24T10:37:53.023847,C:\Users\이예은\A-EYE\test_images\train\madecassol\madecassol_03.jpg,madecassol,3,eyedrop-single,0.4939020276069641
2026-06-24T10:37:53.023847,C:\Users\이예은\A-EYE\test_images\train\madecassol\madecassol_03.jpg,madecassol,4,pancol,0.38165250420570374
2026-06-24T10:37:53.023847,C:\Users\이예은\A-EYE\test_images\train\madecassol\madecassol_03.jpg,madecassol,5,eyedrop-multi,0.3813336491584778
2026-06-24T10:37:53.023847,C:\Users\이예은\A-EYE\test_images\train\madecassol\madecassol_03.jpg,madecassol,6,geborin,0.2674938142299652
2026-06-24T10:38:03.731754,C:\Users\이예은\A-EYE\test_images\train\madecassol\madecassol_04.jpg,madecassol,1,madecassol,0.9441851377487183
2026-06-24T10:38:03.731754,C:\Users\이예은\A-EYE\test_images\train\madecassol\madecassol_04.jpg,madecassol,2,band,0.7871904969215393
2026-06-24T10:38:03.731754,C:\Users\이예은\A-EYE\test_images\train\madecassol\madecassol_04.jpg,madecassol,3,pancol,0.5151431560516357
2026-06-24T10:38:03.731754,C:\Users\이예은\A-EYE\test_images\train\madecassol\madecassol_04.jpg,madecassol,4,fusidin,0.3882441222667694
2026-06-24T10:38:03.731754,C:\Users\이예은\A-EYE\test_images\train\madecassol\madecassol_04.jpg,madecassol,5,eyedrop-multi,0.2721753418445587
2026-06-24T10:38:14.745500,C:\Users\이예은\A-EYE\test_images\train\madecassol\madecassol_05.jpg,madecassol,1,madecassol,0.9163781404495239
2026-06-24T10:38:14.745500,C:\Users\이예은\A-EYE\test_images\train\madecassol\madecassol_05.jpg,madecassol,2,band,0.37568217515945435
2026-06-24T10:38:14.745500,C:\Users\이예은\A-EYE\test_images\train\madecassol\madecassol_05.jpg,madecassol,3,pancol,0.32335683703422546
2026-06-24T10:38:25.452778,C:\Users\이예은\A-EYE\test_images\train\madecassol\madecassol_06.jpg,madecassol,1,madecassol,0.8969990015029907
2026-06-24T10:38:25.452778,C:\Users\이예은\A-EYE\test_images\train\madecassol\madecassol_06.jpg,madecassol,2,eyedrop-multi,0.6999893188476562
2026-06-24T10:38:25.452778,C:\Users\이예은\A-EYE\test_images\train\madecassol\madecassol_06.jpg,madecassol,3,festal,0.6453048586845398
2026-06-24T10:38:25.452778,C:\Users\이예은\A-EYE\test_images\train\madecassol\madecassol_06.jpg,madecassol,4,tylenol,0.4102219045162201
2026-06-24T10:38:25.452778,C:\Users\이예은\A-EYE\test_images\train\madecassol\madecassol_06.jpg,madecassol,5,eyedrop-single,0.27150481939315796
2026-06-24T10:38:36.926449,C:\Users\이예은\A-EYE\test_images\train\madecassol\madecassol_07.jpg,madecassol,1,madecassol,0.8970380425453186
2026-06-24T10:38:36.926449,C:\Users\이예은\A-EYE\test_images\train\madecassol\madecassol_07.jpg,madecassol,2,eyedrop-multi,0.5284743905067444
2026-06-24T10:38:36.926449,C:\Users\이예은\A-EYE\test_images\train\madecassol\madecassol_07.jpg,madecassol,3,festal,0.4081258773803711
2026-06-24T10:38:36.926449,C:\Users\이예은\A-EYE\test_images\train\madecassol\madecassol_07.jpg,madecassol,4,eyedrop-single,0.40156883001327515
2026-06-24T10:38:36.926449,C:\Users\이예은\A-EYE\test_images\train\madecassol\madecassol_07.jpg,madecassol,5,fusidin,0.371354877948761
2026-06-24T10:38:47.059917,C:\Users\이예은\A-EYE\test_images\train\madecassol\madecassol_08.jpg,madecassol,1,madecassol,0.9286342859268188
2026-06-24T10:38:47.059917,C:\Users\이예은\A-EYE\test_images\train\madecassol\madecassol_08.jpg,madecassol,2,eyedrop-multi,0.8034749031066895
2026-06-24T10:38:47.059917,C:\Users\이예은\A-EYE\test_images\train\madecassol\madecassol_08.jpg,madecassol,3,eyedrop-single,0.6468042731285095
2026-06-24T10:38:47.059917,C:\Users\이예은\A-EYE\test_images\train\madecassol\madecassol_08.jpg,madecassol,4,band,0.46909770369529724
2026-06-24T10:38:56.106572,C:\Users\이예은\A-EYE\test_images\train\madecassol\madecassol_09.jpg,madecassol,1,madecassol,0.9425534605979919
2026-06-24T10:38:56.106572,C:\Users\이예은\A-EYE\test_images\train\madecassol\madecassol_09.jpg,madecassol,2,festal,0.6892098188400269
2026-06-24T10:38:56.106572,C:\Users\이예은\A-EYE\test_images\train\madecassol\madecassol_09.jpg,madecassol,3,eyedrop-multi,0.5306761264801025
2026-06-24T10:38:56.106572,C:\Users\이예은\A-EYE\test_images\train\madecassol\madecassol_09.jpg,madecassol,4,eyedrop-single,0.32675373554229736
2026-06-24T10:38:56.106572,C:\Users\이예은\A-EYE\test_images\train\madecassol\madecassol_09.jpg,madecassol,5,fusidin,0.32279014587402344
2026-06-24T10:39:04.302309,C:\Users\이예은\A-EYE\test_images\train\madecassol\madecassol_10.jpg,madecassol,1,madecassol,0.9205021858215332
2026-06-24T10:39:04.302309,C:\Users\이예은\A-EYE\test_images\train\madecassol\madecassol_10.jpg,madecassol,2,eyedrop-single,0.6905372738838196
2026-06-24T10:39:04.302309,C:\Users\이예은\A-EYE\test_images\train\madecassol\madecassol_10.jpg,madecassol,3,eyedrop-multi,0.6774634718894958
2026-06-24T10:39:04.302309,C:\Users\이예은\A-EYE\test_images\train\madecassol\madecassol_10.jpg,madecassol,4,fusidin,0.4088245928287506
2026-06-24T10:39:13.305273,C:\Users\이예은\A-EYE\test_images\train\madecassol\madecassol_11.jpg,madecassol,1,madecassol,0.8138717412948608
2026-06-24T10:39:13.305273,C:\Users\이예은\A-EYE\test_images\train\madecassol\madecassol_11.jpg,madecassol,2,festal,0.44410938024520874
2026-06-24T10:39:22.007548,C:\Users\이예은\A-EYE\test_images\train\madecassol\madecassol_12.jpg,madecassol,1,madecassol,0.9470596313476562
2026-06-24T10:39:22.007548,C:\Users\이예은\A-EYE\test_images\train\madecassol\madecassol_12.jpg,madecassol,2,eyedrop-single,0.8063297271728516
2026-06-24T10:39:22.007548,C:\Users\이예은\A-EYE\test_images\train\madecassol\madecassol_12.jpg,madecassol,3,geborin,0.4579743444919586
2026-06-24T10:39:32.381947,C:\Users\이예은\A-EYE\test_images\train\madecassol\madecassol_13.jpg,madecassol,1,madecassol,0.9525936245918274
2026-06-24T10:39:32.381947,C:\Users\이예은\A-EYE\test_images\train\madecassol\madecassol_13.jpg,madecassol,2,festal,0.7321992516517639
2026-06-24T10:39:32.381947,C:\Users\이예은\A-EYE\test_images\train\madecassol\madecassol_13.jpg,madecassol,3,eyedrop-single,0.6635178923606873
2026-06-24T10:39:32.381947,C:\Users\이예은\A-EYE\test_images\train\madecassol\madecassol_13.jpg,madecassol,4,geborin,0.6142159104347229
2026-06-24T10:39:42.504847,C:\Users\이예은\A-EYE\test_images\train\madecassol\madecassol_14.jpg,madecassol,1,madecassol,0.9255822896957397
2026-06-24T10:39:42.504847,C:\Users\이예은\A-EYE\test_images\train\madecassol\madecassol_14.jpg,madecassol,2,eyedrop-multi,0.4415360689163208
2026-06-24T10:39:42.504847,C:\Users\이예은\A-EYE\test_images\train\madecassol\madecassol_14.jpg,madecassol,3,eyedrop-single,0.3008142411708832
2026-06-24T10:39:49.971434,C:\Users\이예은\A-EYE\test_images\train\madecassol\madecassol_15.jpg,madecassol,1,madecassol,0.8647762537002563
2026-06-24T10:39:49.971434,C:\Users\이예은\A-EYE\test_images\train\madecassol\madecassol_15.jpg,madecassol,2,pancol,0.5908076763153076
2026-06-24T10:39:49.971434,C:\Users\이예은\A-EYE\test_images\train\madecassol\madecassol_15.jpg,madecassol,3,eyedrop-single,0.40777432918548584
2026-06-24T10:39:49.971434,C:\Users\이예은\A-EYE\test_images\train\madecassol\madecassol_15.jpg,madecassol,4,festal,0.3628104627132416
2026-06-24T10:39:49.971434,C:\Users\이예은\A-EYE\test_images\train\madecassol\madecassol_15.jpg,madecassol,5,bearse,0.3214299976825714
2026-06-24T10:39:57.827968,C:\Users\이예은\A-EYE\test_images\train\madecassol\madecassol_16.jpg,madecassol,1,madecassol,0.861745297908783
2026-06-24T10:39:57.827968,C:\Users\이예은\A-EYE\test_images\train\madecassol\madecassol_16.jpg,madecassol,2,pancol,0.6951282620429993
2026-06-24T10:40:06.151349,C:\Users\이예은\A-EYE\test_images\train\madecassol\madecassol_17.jpg,madecassol,1,madecassol,0.9547157287597656
2026-06-24T10:40:06.151349,C:\Users\이예은\A-EYE\test_images\train\madecassol\madecassol_17.jpg,madecassol,2,eyedrop-single,0.657662034034729
2026-06-24T10:40:06.151349,C:\Users\이예은\A-EYE\test_images\train\madecassol\madecassol_17.jpg,madecassol,3,eyedrop-multi,0.6544267535209656
2026-06-24T10:40:06.151349,C:\Users\이예은\A-EYE\test_images\train\madecassol\madecassol_17.jpg,madecassol,4,pancol,0.45776602625846863
2026-06-24T10:40:06.151349,C:\Users\이예은\A-EYE\test_images\train\madecassol\madecassol_17.jpg,madecassol,5,festal,0.3327278196811676
2026-06-24T10:40:13.832016,C:\Users\이예은\A-EYE\test_images\train\madecassol\madecassol_18.jpg,madecassol,1,madecassol,0.9014237523078918
2026-06-24T10:40:13.832016,C:\Users\이예은\A-EYE\test_images\train\madecassol\madecassol_18.jpg,madecassol,2,festal,0.7036111354827881
2026-06-24T10:40:13.832016,C:\Users\이예은\A-EYE\test_images\train\madecassol\madecassol_18.jpg,madecassol,3,pancol,0.678706169128418
2026-06-24T10:40:13.832016,C:\Users\이예은\A-EYE\test_images\train\madecassol\madecassol_18.jpg,madecassol,4,eyedrop-single,0.4364514946937561
2026-06-24T10:40:24.531159,C:\Users\이예은\A-EYE\test_images\train\madecassol\madecassol_19.jpg,madecassol,1,madecassol,0.9164482355117798
2026-06-24T10:40:24.531159,C:\Users\이예은\A-EYE\test_images\train\madecassol\madecassol_19.jpg,madecassol,2,fusidin,0.6141139268875122
2026-06-24T10:40:24.531159,C:\Users\이예은\A-EYE\test_images\train\madecassol\madecassol_19.jpg,madecassol,3,pancol,0.5515018701553345
2026-06-24T10:40:24.531159,C:\Users\이예은\A-EYE\test_images\train\madecassol\madecassol_19.jpg,madecassol,4,eyedrop-multi,0.40047121047973633
2026-06-24T10:40:34.628794,C:\Users\이예은\A-EYE\test_images\train\madecassol\madecassol_20.jpg,madecassol,1,madecassol,0.9733911752700806
2026-06-24T10:40:34.628794,C:\Users\이예은\A-EYE\test_images\train\madecassol\madecassol_20.jpg,madecassol,2,eyedrop-multi,0.6877714395523071
2026-06-24T10:40:34.628794,C:\Users\이예은\A-EYE\test_images\train\madecassol\madecassol_20.jpg,madecassol,3,eyedrop-single,0.657028317451477
2026-06-24T10:40:34.628794,C:\Users\이예은\A-EYE\test_images\train\madecassol\madecassol_20.jpg,madecassol,4,geborin,0.6434719562530518
2026-06-24T10:40:34.628794,C:\Users\이예은\A-EYE\test_images\train\madecassol\madecassol_20.jpg,madecassol,5,bearse,0.38740476965904236
2026-06-24T10:40:43.447610,C:\Users\이예은\A-EYE\test_images\train\madecassol\madecassol_21.jpg,madecassol,1,madecassol,0.9549840688705444
2026-06-24T10:40:43.447610,C:\Users\이예은\A-EYE\test_images\train\madecassol\madecassol_21.jpg,madecassol,2,bearse,0.5796105861663818
2026-06-24T10:40:43.447610,C:\Users\이예은\A-EYE\test_images\train\madecassol\madecassol_21.jpg,madecassol,3,pancol,0.5078386068344116
2026-06-24T10:40:52.277134,C:\Users\이예은\A-EYE\test_images\train\madecassol\madecassol_22.jpg,madecassol,1,madecassol,0.9001029133796692
2026-06-24T10:40:52.277134,C:\Users\이예은\A-EYE\test_images\train\madecassol\madecassol_22.jpg,madecassol,2,pancol,0.6902283430099487
2026-06-24T10:40:52.277134,C:\Users\이예은\A-EYE\test_images\train\madecassol\madecassol_22.jpg,madecassol,3,eyedrop-single,0.47414180636405945
2026-06-24T10:41:00.746328,C:\Users\이예은\A-EYE\test_images\train\madecassol\madecassol_24.jpg,madecassol,1,madecassol,0.8979257345199585
2026-06-24T10:41:00.746328,C:\Users\이예은\A-EYE\test_images\train\madecassol\madecassol_24.jpg,madecassol,2,eyedrop-multi,0.7902327179908752
2026-06-24T10:41:00.746328,C:\Users\이예은\A-EYE\test_images\train\madecassol\madecassol_24.jpg,madecassol,3,fusidin,0.6291828751564026
2026-06-24T10:41:00.746328,C:\Users\이예은\A-EYE\test_images\train\madecassol\madecassol_24.jpg,madecassol,4,eyedrop-single,0.6164951324462891
2026-06-24T10:41:00.746328,C:\Users\이예은\A-EYE\test_images\train\madecassol\madecassol_24.jpg,madecassol,5,pancol,0.448404997587204
2026-06-24T10:41:10.046865,C:\Users\이예은\A-EYE\test_images\train\madecassol\madecassol_25.jpg,madecassol,1,madecassol,0.8592261672019958
2026-06-24T10:41:10.046865,C:\Users\이예은\A-EYE\test_images\train\madecassol\madecassol_25.jpg,madecassol,2,eyedrop-single,0.6676282286643982
2026-06-24T10:41:10.046865,C:\Users\이예은\A-EYE\test_images\train\madecassol\madecassol_25.jpg,madecassol,3,eyedrop-multi,0.6298494338989258
2026-06-24T10:41:10.046865,C:\Users\이예은\A-EYE\test_images\train\madecassol\madecassol_25.jpg,madecassol,4,fusidin,0.5711637735366821
2026-06-24T10:41:10.046865,C:\Users\이예은\A-EYE\test_images\train\madecassol\madecassol_25.jpg,madecassol,5,patch,0.43777135014533997
2026-06-24T10:41:15.692182,C:\Users\이예은\A-EYE\test_images\train\madecassol\madecassol_26.jpg,madecassol,1,madecassol,0.9148139357566833
2026-06-24T10:41:15.692182,C:\Users\이예은\A-EYE\test_images\train\madecassol\madecassol_26.jpg,madecassol,2,eyedrop-single,0.5046745538711548
2026-06-24T10:41:15.692182,C:\Users\이예은\A-EYE\test_images\train\madecassol\madecassol_26.jpg,madecassol,3,pancol,0.3678711950778961
2026-06-24T10:41:25.394356,C:\Users\이예은\A-EYE\test_images\train\madecassol\madecassol_28.jpg,madecassol,1,madecassol,0.9142352938652039
2026-06-24T10:41:25.394356,C:\Users\이예은\A-EYE\test_images\train\madecassol\madecassol_28.jpg,madecassol,2,fusidin,0.447442889213562
2026-06-24T10:41:25.394356,C:\Users\이예은\A-EYE\test_images\train\madecassol\madecassol_28.jpg,madecassol,3,bearse,0.2702356278896332
2026-06-24T10:41:36.228036,C:\Users\이예은\A-EYE\test_images\train\madecassol\madecassol_30.jpg,madecassol,1,madecassol,0.8712835311889648
2026-06-24T10:41:36.228036,C:\Users\이예은\A-EYE\test_images\train\madecassol\madecassol_30.jpg,madecassol,2,pancol,0.3914542496204376
2026-06-24T10:41:47.500513,C:\Users\이예은\A-EYE\test_images\train\madecassol\madecassol_31.jpg,madecassol,1,madecassol,0.8860029578208923
2026-06-24T10:41:47.500513,C:\Users\이예은\A-EYE\test_images\train\madecassol\madecassol_31.jpg,madecassol,2,pancol,0.7415868639945984
2026-06-24T10:41:57.832143,C:\Users\이예은\A-EYE\test_images\train\madecassol\madecassol_32.jpg,madecassol,1,madecassol,0.8759630918502808
2026-06-24T10:41:57.832143,C:\Users\이예은\A-EYE\test_images\train\madecassol\madecassol_32.jpg,madecassol,2,tylenol,0.7700123190879822
2026-06-24T10:41:57.832143,C:\Users\이예은\A-EYE\test_images\train\madecassol\madecassol_32.jpg,madecassol,3,eyedrop-multi,0.747376561164856
2026-06-24T10:41:57.832143,C:\Users\이예은\A-EYE\test_images\train\madecassol\madecassol_32.jpg,madecassol,4,eyedrop-single,0.597654402256012
2026-06-24T10:41:57.832143,C:\Users\이예은\A-EYE\test_images\train\madecassol\madecassol_32.jpg,madecassol,5,fusidin,0.5475446581840515
2026-06-24T10:41:57.835650,C:\Users\이예은\A-EYE\test_images\train\madecassol\madecassol_32.jpg,madecassol,6,pancol,0.3359684944152832
2026-06-24T10:42:07.463902,C:\Users\이예은\A-EYE\test_images\train\madecassol\madecassol_33.jpg,madecassol,1,madecassol,0.787828266620636
2026-06-24T10:42:07.463902,C:\Users\이예은\A-EYE\test_images\train\madecassol\madecassol_33.jpg,madecassol,2,eyedrop-single,0.4220888912677765
2026-06-24T10:42:16.454453,C:\Users\이예은\A-EYE\test_images\train\madecassol\madecassol_34.jpg,madecassol,1,madecassol,0.9574352502822876
2026-06-24T10:42:16.454453,C:\Users\이예은\A-EYE\test_images\train\madecassol\madecassol_34.jpg,madecassol,2,eyedrop-single,0.3676391541957855
2026-06-24T10:42:16.454453,C:\Users\이예은\A-EYE\test_images\train\madecassol\madecassol_34.jpg,madecassol,3,pancol,0.2993488609790802
2026-06-24T10:42:16.454453,C:\Users\이예은\A-EYE\test_images\train\madecassol\madecassol_34.jpg,madecassol,4,eyedrop-multi,0.2569807469844818
2026-06-24T10:42:24.786885,C:\Users\이예은\A-EYE\test_images\train\madecassol\madecassol_35.jpg,madecassol,1,madecassol,0.8861161470413208
2026-06-24T10:42:24.786885,C:\Users\이예은\A-EYE\test_images\train\madecassol\madecassol_35.jpg,madecassol,2,eyedrop-single,0.8065794110298157
2026-06-24T10:42:24.786885,C:\Users\이예은\A-EYE\test_images\train\madecassol\madecassol_35.jpg,madecassol,3,eyedrop-multi,0.78553307056427
2026-06-24T10:42:24.786885,C:\Users\이예은\A-EYE\test_images\train\madecassol\madecassol_35.jpg,madecassol,4,geborin,0.25429654121398926
2026-06-24T10:42:34.198571,C:\Users\이예은\A-EYE\test_images\train\madecassol\madecassol_36.jpg,madecassol,1,madecassol,0.8620681762695312
2026-06-24T10:42:34.198571,C:\Users\이예은\A-EYE\test_images\train\madecassol\madecassol_36.jpg,madecassol,2,eyedrop-single,0.6199917793273926
2026-06-24T10:42:34.198571,C:\Users\이예은\A-EYE\test_images\train\madecassol\madecassol_36.jpg,madecassol,3,geborin,0.38574761152267456
2026-06-24T10:42:34.198571,C:\Users\이예은\A-EYE\test_images\train\madecassol\madecassol_36.jpg,madecassol,4,festal,0.36837008595466614
2026-06-24T10:42:43.361756,C:\Users\이예은\A-EYE\test_images\train\madecassol\madecassol_38.jpg,madecassol,1,madecassol,0.9210929274559021
2026-06-24T10:42:43.361756,C:\Users\이예은\A-EYE\test_images\train\madecassol\madecassol_38.jpg,madecassol,2,eyedrop-single,0.6676692366600037
2026-06-24T10:42:43.361756,C:\Users\이예은\A-EYE\test_images\train\madecassol\madecassol_38.jpg,madecassol,3,pancol,0.2731615900993347
2026-06-24T10:42:43.361756,C:\Users\이예은\A-EYE\test_images\train\madecassol\madecassol_38.jpg,madecassol,4,eyedrop-multi,0.2695339322090149
2026-06-24T10:42:53.132055,C:\Users\이예은\A-EYE\test_images\train\madecassol\madecassol_40.jpg,madecassol,1,madecassol,0.9283315539360046
2026-06-24T10:42:53.132055,C:\Users\이예은\A-EYE\test_images\train\madecassol\madecassol_40.jpg,madecassol,2,eyedrop-multi,0.8680922389030457
2026-06-24T10:42:53.132055,C:\Users\이예은\A-EYE\test_images\train\madecassol\madecassol_40.jpg,madecassol,3,festal,0.40239447355270386
2026-06-24T10:42:53.132055,C:\Users\이예은\A-EYE\test_images\train\madecassol\madecassol_40.jpg,madecassol,4,eyedrop-single,0.34796106815338135
2026-06-24T10:43:03.935844,C:\Users\이예은\A-EYE\test_images\train\madecassol\madecassol_41.jpg,madecassol,1,madecassol,0.9143229126930237
2026-06-24T10:43:03.935844,C:\Users\이예은\A-EYE\test_images\train\madecassol\madecassol_41.jpg,madecassol,2,eyedrop-single,0.6501749753952026
2026-06-24T10:43:03.935844,C:\Users\이예은\A-EYE\test_images\train\madecassol\madecassol_41.jpg,madecassol,3,fusidin,0.5954168438911438
2026-06-24T10:43:03.935844,C:\Users\이예은\A-EYE\test_images\train\madecassol\madecassol_41.jpg,madecassol,4,pancol,0.3928711712360382
2026-06-24T10:43:15.623597,C:\Users\이예은\A-EYE\test_images\train\madecassol\madecassol_43.jpg,madecassol,1,madecassol,0.917571485042572
2026-06-24T10:43:15.623597,C:\Users\이예은\A-EYE\test_images\train\madecassol\madecassol_43.jpg,madecassol,2,eyedrop-multi,0.6718811988830566
2026-06-24T10:43:15.623597,C:\Users\이예은\A-EYE\test_images\train\madecassol\madecassol_43.jpg,madecassol,3,pancol,0.46721166372299194
2026-06-24T10:43:26.544156,C:\Users\이예은\A-EYE\test_images\train\madecassol\madecassol_45.jpg,madecassol,1,madecassol,0.6770519018173218
2026-06-24T10:43:26.544156,C:\Users\이예은\A-EYE\test_images\train\madecassol\madecassol_45.jpg,madecassol,2,eyedrop-single,0.43435364961624146
2026-06-24T10:43:37.230870,C:\Users\이예은\A-EYE\test_images\train\madecassol\madecassol_46.jpg,madecassol,1,madecassol,0.8916917443275452
2026-06-24T10:43:37.230870,C:\Users\이예은\A-EYE\test_images\train\madecassol\madecassol_46.jpg,madecassol,2,eyedrop-multi,0.7985959053039551
2026-06-24T10:43:37.230870,C:\Users\이예은\A-EYE\test_images\train\madecassol\madecassol_46.jpg,madecassol,3,fusidin,0.795823335647583
2026-06-24T10:43:37.230870,C:\Users\이예은\A-EYE\test_images\train\madecassol\madecassol_46.jpg,madecassol,4,pancol,0.7594072818756104
2026-06-24T10:43:37.230870,C:\Users\이예은\A-EYE\test_images\train\madecassol\madecassol_46.jpg,madecassol,5,tylenol,0.7513571381568909
2026-06-24T10:43:37.230870,C:\Users\이예은\A-EYE\test_images\train\madecassol\madecassol_46.jpg,madecassol,6,panpirin,0.6731522679328918
2026-06-24T10:43:37.230870,C:\Users\이예은\A-EYE\test_images\train\madecassol\madecassol_46.jpg,madecassol,7,festal,0.5733503103256226
2026-06-24T10:43:37.230870,C:\Users\이예은\A-EYE\test_images\train\madecassol\madecassol_46.jpg,madecassol,8,eyedrop-single,0.44997438788414
2026-06-24T10:43:37.230870,C:\Users\이예은\A-EYE\test_images\train\madecassol\madecassol_46.jpg,madecassol,9,band,0.35709285736083984
2026-06-24T10:43:37.230870,C:\Users\이예은\A-EYE\test_images\train\madecassol\madecassol_46.jpg,madecassol,10,geborin,0.25331154465675354
2026-06-24T10:43:46.410368,C:\Users\이예은\A-EYE\test_images\train\madecassol\madecassol_47.jpg,madecassol,1,madecassol,0.9050185680389404
2026-06-24T10:43:46.410368,C:\Users\이예은\A-EYE\test_images\train\madecassol\madecassol_47.jpg,madecassol,2,eyedrop-single,0.8258228898048401
2026-06-24T10:43:46.410368,C:\Users\이예은\A-EYE\test_images\train\madecassol\madecassol_47.jpg,madecassol,3,eyedrop-multi,0.8166528940200806
2026-06-24T10:43:46.410368,C:\Users\이예은\A-EYE\test_images\train\madecassol\madecassol_47.jpg,madecassol,4,pancol,0.7234735488891602
2026-06-24T10:43:46.410368,C:\Users\이예은\A-EYE\test_images\train\madecassol\madecassol_47.jpg,madecassol,5,festal,0.573427677154541
2026-06-24T10:43:54.927719,C:\Users\이예은\A-EYE\test_images\train\madecassol\madecassol_48.jpg,madecassol,1,madecassol,0.9365143179893494
2026-06-24T10:43:54.927719,C:\Users\이예은\A-EYE\test_images\train\madecassol\madecassol_48.jpg,madecassol,2,fusidin,0.7713374495506287
2026-06-24T10:43:54.927719,C:\Users\이예은\A-EYE\test_images\train\madecassol\madecassol_48.jpg,madecassol,3,eyedrop-single,0.6347143054008484
2026-06-24T10:43:54.927719,C:\Users\이예은\A-EYE\test_images\train\madecassol\madecassol_48.jpg,madecassol,4,pancol,0.4946190118789673
2026-06-24T10:43:54.927719,C:\Users\이예은\A-EYE\test_images\train\madecassol\madecassol_48.jpg,madecassol,5,geborin,0.485948383808136
2026-06-24T10:43:54.927719,C:\Users\이예은\A-EYE\test_images\train\madecassol\madecassol_48.jpg,madecassol,6,eyedrop-multi,0.360961377620697
2026-06-24T10:43:54.927719,C:\Users\이예은\A-EYE\test_images\train\madecassol\madecassol_48.jpg,madecassol,7,panpirin,0.27369651198387146
2026-06-24T10:44:02.925523,C:\Users\이예은\A-EYE\test_images\train\madecassol\madecassol_50.jpg,madecassol,1,madecassol,0.8958815932273865
2026-06-24T10:44:02.925523,C:\Users\이예은\A-EYE\test_images\train\madecassol\madecassol_50.jpg,madecassol,2,eyedrop-multi,0.6110401153564453
2026-06-24T10:44:02.925523,C:\Users\이예은\A-EYE\test_images\train\madecassol\madecassol_50.jpg,madecassol,3,fusidin,0.5913429856300354
2026-06-24T10:44:02.925523,C:\Users\이예은\A-EYE\test_images\train\madecassol\madecassol_50.jpg,madecassol,4,eyedrop-single,0.583294689655304
2026-06-24T10:44:02.925523,C:\Users\이예은\A-EYE\test_images\train\madecassol\madecassol_50.jpg,madecassol,5,pancol,0.27549391984939575
2026-06-24T10:44:11.253057,C:\Users\이예은\A-EYE\test_images\train\madecassol\madecassol_51.jpg,madecassol,1,madecassol,0.9276576638221741
2026-06-24T10:44:11.253057,C:\Users\이예은\A-EYE\test_images\train\madecassol\madecassol_51.jpg,madecassol,2,eyedrop-multi,0.8591790795326233
2026-06-24T10:44:11.253057,C:\Users\이예은\A-EYE\test_images\train\madecassol\madecassol_51.jpg,madecassol,3,band,0.5544090867042542
2026-06-24T10:44:11.253057,C:\Users\이예은\A-EYE\test_images\train\madecassol\madecassol_51.jpg,madecassol,4,pancol,0.46588242053985596
2026-06-24T10:44:11.253057,C:\Users\이예은\A-EYE\test_images\train\madecassol\madecassol_51.jpg,madecassol,5,geborin,0.4534595012664795
2026-06-24T10:44:11.253057,C:\Users\이예은\A-EYE\test_images\train\madecassol\madecassol_51.jpg,madecassol,6,eyedrop-single,0.40459921956062317
2026-06-24T10:44:11.253057,C:\Users\이예은\A-EYE\test_images\train\madecassol\madecassol_51.jpg,madecassol,7,fusidin,0.27685225009918213
2026-06-24T10:44:20.004396,C:\Users\이예은\A-EYE\test_images\train\madecassol\madecassol_53.jpg,madecassol,1,madecassol,0.8686801791191101
2026-06-24T10:44:20.004396,C:\Users\이예은\A-EYE\test_images\train\madecassol\madecassol_53.jpg,madecassol,2,eyedrop-single,0.6229302287101746
2026-06-24T10:44:20.004396,C:\Users\이예은\A-EYE\test_images\train\madecassol\madecassol_53.jpg,madecassol,3,eyedrop-multi,0.39817187190055847
2026-06-24T10:44:28.923041,C:\Users\이예은\A-EYE\test_images\train\madecassol\madecassol_54.jpg,madecassol,1,madecassol,0.8593496084213257
2026-06-24T10:44:28.923041,C:\Users\이예은\A-EYE\test_images\train\madecassol\madecassol_54.jpg,madecassol,2,bearse,0.7922599911689758
2026-06-24T10:44:28.923041,C:\Users\이예은\A-EYE\test_images\train\madecassol\madecassol_54.jpg,madecassol,3,eyedrop-single,0.7502095699310303
2026-06-24T10:44:38.172330,C:\Users\이예은\A-EYE\test_images\train\madecassol\madecassol_55.jpg,madecassol,1,madecassol,0.8704816699028015
2026-06-24T10:44:38.172330,C:\Users\이예은\A-EYE\test_images\train\madecassol\madecassol_55.jpg,madecassol,2,eyedrop-single,0.5113332271575928
2026-06-24T10:44:44.036206,C:\Users\이예은\A-EYE\test_images\train\madecassol\madecassol_57.jpg,madecassol,1,eyedrop-multi,0.500731885433197
2026-06-24T10:44:44.036206,C:\Users\이예은\A-EYE\test_images\train\madecassol\madecassol_57.jpg,madecassol,2,eyedrop-single,0.4813704490661621
2026-06-24T10:44:44.036206,C:\Users\이예은\A-EYE\test_images\train\madecassol\madecassol_57.jpg,madecassol,3,madecassol,0.29911428689956665
2026-06-24T10:44:53.363827,C:\Users\이예은\A-EYE\test_images\train\madecassol\madecassol_58.jpg,madecassol,1,madecassol,0.9457933306694031
2026-06-24T10:44:53.363827,C:\Users\이예은\A-EYE\test_images\train\madecassol\madecassol_58.jpg,madecassol,2,geborin,0.7803385257720947
2026-06-24T10:44:53.363827,C:\Users\이예은\A-EYE\test_images\train\madecassol\madecassol_58.jpg,madecassol,3,panpirin,0.3794611394405365
2026-06-24T10:44:53.363827,C:\Users\이예은\A-EYE\test_images\train\madecassol\madecassol_58.jpg,madecassol,4,pancol,0.3282719850540161
2026-06-24T10:44:53.363827,C:\Users\이예은\A-EYE\test_images\train\madecassol\madecassol_58.jpg,madecassol,5,eyedrop-single,0.2834150493144989
2026-06-24T10:45:04.405678,C:\Users\이예은\A-EYE\test_images\train\madecassol\madecassol_59.jpg,madecassol,1,madecassol,0.9581608176231384
2026-06-24T10:45:04.405678,C:\Users\이예은\A-EYE\test_images\train\madecassol\madecassol_59.jpg,madecassol,2,festal,0.5894978046417236
2026-06-24T10:45:04.405678,C:\Users\이예은\A-EYE\test_images\train\madecassol\madecassol_59.jpg,madecassol,3,eyedrop-single,0.3982617259025574
2026-06-24T10:45:04.405678,C:\Users\이예은\A-EYE\test_images\train\madecassol\madecassol_59.jpg,madecassol,4,geborin,0.294567346572876
2026-06-24T10:45:15.219741,C:\Users\이예은\A-EYE\test_images\train\madecassol\madecassol_61.jpg,madecassol,1,madecassol,0.9225265979766846
2026-06-24T10:45:15.219741,C:\Users\이예은\A-EYE\test_images\train\madecassol\madecassol_61.jpg,madecassol,2,eyedrop-single,0.3127387464046478
2026-06-24T10:45:25.008955,C:\Users\이예은\A-EYE\test_images\train\madecassol\madecassol_62.jpg,madecassol,1,madecassol,0.9103584289550781
2026-06-24T10:45:25.008955,C:\Users\이예은\A-EYE\test_images\train\madecassol\madecassol_62.jpg,madecassol,2,pancol,0.504323422908783
2026-06-24T10:45:25.008955,C:\Users\이예은\A-EYE\test_images\train\madecassol\madecassol_62.jpg,madecassol,3,geborin,0.2834247052669525
2026-06-24T10:45:34.963044,C:\Users\이예은\A-EYE\test_images\train\madecassol\madecassol_64.jpg,madecassol,1,madecassol,0.9125586748123169
2026-06-24T10:45:34.963044,C:\Users\이예은\A-EYE\test_images\train\madecassol\madecassol_64.jpg,madecassol,2,bearse,0.711300790309906
2026-06-24T10:45:34.963044,C:\Users\이예은\A-EYE\test_images\train\madecassol\madecassol_64.jpg,madecassol,3,geborin,0.38577374815940857
2026-06-24T10:45:34.963044,C:\Users\이예은\A-EYE\test_images\train\madecassol\madecassol_64.jpg,madecassol,4,eyedrop-single,0.3663683831691742
2026-06-24T10:45:42.990810,C:\Users\이예은\A-EYE\test_images\train\madecassol\madecassol_65.jpg,madecassol,1,madecassol,0.9076389670372009
2026-06-24T10:45:42.990810,C:\Users\이예은\A-EYE\test_images\train\madecassol\madecassol_65.jpg,madecassol,2,ezen6,0.7518225312232971
2026-06-24T10:45:42.990810,C:\Users\이예은\A-EYE\test_images\train\madecassol\madecassol_65.jpg,madecassol,3,eyedrop-single,0.2866334021091461
2026-06-24T10:45:51.254984,C:\Users\이예은\A-EYE\test_images\train\madecassol\madecassol_66.jpg,madecassol,1,madecassol,0.8958221673965454
2026-06-24T10:45:51.254984,C:\Users\이예은\A-EYE\test_images\train\madecassol\madecassol_66.jpg,madecassol,2,pancol,0.5029336214065552
2026-06-24T10:45:51.254984,C:\Users\이예은\A-EYE\test_images\train\madecassol\madecassol_66.jpg,madecassol,3,eyedrop-single,0.4110293388366699
2026-06-24T10:45:56.470513,C:\Users\이예은\A-EYE\test_images\train\madecassol\madecassol_67.jpg,madecassol,1,madecassol,0.7319296598434448
2026-06-24T10:45:56.470513,C:\Users\이예은\A-EYE\test_images\train\madecassol\madecassol_67.jpg,madecassol,2,fusidin,0.7103537321090698
2026-06-24T10:45:56.470513,C:\Users\이예은\A-EYE\test_images\train\madecassol\madecassol_67.jpg,madecassol,3,eyedrop-single,0.6101933121681213
2026-06-24T10:45:56.470513,C:\Users\이예은\A-EYE\test_images\train\madecassol\madecassol_67.jpg,madecassol,4,band,0.4329255521297455
2026-06-24T10:45:56.470513,C:\Users\이예은\A-EYE\test_images\train\madecassol\madecassol_67.jpg,madecassol,5,bearse,0.34854355454444885
2026-06-24T10:46:04.456598,C:\Users\이예은\A-EYE\test_images\train\madecassol\madecassol_68.jpg,madecassol,1,madecassol,0.9115325212478638
2026-06-24T10:46:04.456598,C:\Users\이예은\A-EYE\test_images\train\madecassol\madecassol_68.jpg,madecassol,2,eyedrop-single,0.6942083239555359
2026-06-24T10:46:04.456598,C:\Users\이예은\A-EYE\test_images\train\madecassol\madecassol_68.jpg,madecassol,3,bearse,0.6338040828704834
2026-06-24T10:46:13.276179,C:\Users\이예은\A-EYE\test_images\train\madecassol\madecassol_69.jpg,madecassol,1,madecassol,0.80326908826828
2026-06-24T10:46:13.276179,C:\Users\이예은\A-EYE\test_images\train\madecassol\madecassol_69.jpg,madecassol,2,ezen6,0.5607430934906006
2026-06-24T10:46:13.276179,C:\Users\이예은\A-EYE\test_images\train\madecassol\madecassol_69.jpg,madecassol,3,bearse,0.5230854749679565
2026-06-24T10:46:13.276179,C:\Users\이예은\A-EYE\test_images\train\madecassol\madecassol_69.jpg,madecassol,4,eyedrop-single,0.4304501712322235
2026-06-24T10:46:13.276179,C:\Users\이예은\A-EYE\test_images\train\madecassol\madecassol_69.jpg,madecassol,5,eyedrop-multi,0.4276811480522156
2026-06-24T10:46:13.276179,C:\Users\이예은\A-EYE\test_images\train\madecassol\madecassol_69.jpg,madecassol,6,pancol,0.36480608582496643
2026-06-24T10:46:13.276179,C:\Users\이예은\A-EYE\test_images\train\madecassol\madecassol_69.jpg,madecassol,7,patch,0.34896066784858704
2026-06-24T10:46:21.983258,C:\Users\이예은\A-EYE\test_images\train\madecassol\madecassol_7.jpg,madecassol,1,madecassol,0.8570327162742615
2026-06-24T10:46:21.983258,C:\Users\이예은\A-EYE\test_images\train\madecassol\madecassol_7.jpg,madecassol,2,festal,0.48090121150016785
2026-06-24T10:46:21.983258,C:\Users\이예은\A-EYE\test_images\train\madecassol\madecassol_7.jpg,madecassol,3,pancol,0.42251408100128174
2026-06-24T10:46:31.800055,C:\Users\이예은\A-EYE\test_images\train\madecassol\madecassol_71.jpg,madecassol,1,madecassol,0.8826531767845154
2026-06-24T10:46:31.800055,C:\Users\이예은\A-EYE\test_images\train\madecassol\madecassol_71.jpg,madecassol,2,festal,0.7974084615707397
2026-06-24T10:46:31.800055,C:\Users\이예은\A-EYE\test_images\train\madecassol\madecassol_71.jpg,madecassol,3,eyedrop-single,0.6729840040206909
2026-06-24T10:46:31.800055,C:\Users\이예은\A-EYE\test_images\train\madecassol\madecassol_71.jpg,madecassol,4,bearse,0.26423829793930054
2026-06-24T10:46:41.891637,C:\Users\이예은\A-EYE\test_images\train\madecassol\madecassol_74.jpg,madecassol,1,madecassol,0.6134495139122009
2026-06-24T10:46:41.891637,C:\Users\이예은\A-EYE\test_images\train\madecassol\madecassol_74.jpg,madecassol,2,eyedrop-single,0.5685588121414185
2026-06-24T10:46:41.891637,C:\Users\이예은\A-EYE\test_images\train\madecassol\madecassol_74.jpg,madecassol,3,pancol,0.3397211730480194
2026-06-24T10:46:41.891637,C:\Users\이예은\A-EYE\test_images\train\madecassol\madecassol_74.jpg,madecassol,4,eyedrop-multi,0.2549937963485718
2026-06-24T10:46:52.171381,C:\Users\이예은\A-EYE\test_images\train\madecassol\madecassol_75.jpg,madecassol,1,madecassol,0.8442311882972717
2026-06-24T10:46:52.171381,C:\Users\이예은\A-EYE\test_images\train\madecassol\madecassol_75.jpg,madecassol,2,fusidin,0.7493377327919006
2026-06-24T10:46:52.171381,C:\Users\이예은\A-EYE\test_images\train\madecassol\madecassol_75.jpg,madecassol,3,eyedrop-multi,0.731406033039093
2026-06-24T10:46:52.171381,C:\Users\이예은\A-EYE\test_images\train\madecassol\madecassol_75.jpg,madecassol,4,eyedrop-single,0.6878568530082703
2026-06-24T10:46:59.073282,C:\Users\이예은\A-EYE\test_images\train\pancol\pancol_01.jpg,pancol,1,eyedrop-multi,0.7587045431137085
2026-06-24T10:46:59.073282,C:\Users\이예은\A-EYE\test_images\train\pancol\pancol_01.jpg,pancol,2,pancol,0.6348363161087036
2026-06-24T10:46:59.073282,C:\Users\이예은\A-EYE\test_images\train\pancol\pancol_01.jpg,pancol,3,ezen6,0.5896565318107605
2026-06-24T10:46:59.073282,C:\Users\이예은\A-EYE\test_images\train\pancol\pancol_01.jpg,pancol,4,festal,0.5579572916030884
2026-06-24T10:46:59.073282,C:\Users\이예은\A-EYE\test_images\train\pancol\pancol_01.jpg,pancol,5,eyedrop-single,0.3625037670135498
2026-06-24T10:47:06.220566,C:\Users\이예은\A-EYE\test_images\train\pancol\pancol_02.jpg,pancol,1,pancol,0.7371348738670349
2026-06-24T10:47:06.220566,C:\Users\이예은\A-EYE\test_images\train\pancol\pancol_02.jpg,pancol,2,eyedrop-single,0.653475821018219
2026-06-24T10:47:06.220566,C:\Users\이예은\A-EYE\test_images\train\pancol\pancol_02.jpg,pancol,3,festal,0.4762180745601654
2026-06-24T10:47:06.220566,C:\Users\이예은\A-EYE\test_images\train\pancol\pancol_02.jpg,pancol,4,eyedrop-multi,0.2947663366794586
2026-06-24T10:47:11.911365,C:\Users\이예은\A-EYE\test_images\train\pancol\pancol_03.jpg,pancol,1,fusidin,0.649673342704773
2026-06-24T10:47:11.916149,C:\Users\이예은\A-EYE\test_images\train\pancol\pancol_03.jpg,pancol,2,ezen6,0.6261391639709473
2026-06-24T10:47:11.916149,C:\Users\이예은\A-EYE\test_images\train\pancol\pancol_03.jpg,pancol,3,pancol,0.6054610013961792
2026-06-24T10:47:20.748844,C:\Users\이예은\A-EYE\test_images\train\pancol\pancol_04.jpg,pancol,1,pancol,0.8421727418899536
2026-06-24T10:47:20.748844,C:\Users\이예은\A-EYE\test_images\train\pancol\pancol_04.jpg,pancol,2,festal,0.8324753642082214
2026-06-24T10:47:20.748844,C:\Users\이예은\A-EYE\test_images\train\pancol\pancol_04.jpg,pancol,3,ezen6,0.5804100036621094
2026-06-24T10:47:20.748844,C:\Users\이예은\A-EYE\test_images\train\pancol\pancol_04.jpg,pancol,4,eyedrop-single,0.55377197265625
2026-06-24T10:47:20.748844,C:\Users\이예은\A-EYE\test_images\train\pancol\pancol_04.jpg,pancol,5,eyedrop-multi,0.38491979241371155
2026-06-24T10:47:20.748844,C:\Users\이예은\A-EYE\test_images\train\pancol\pancol_04.jpg,pancol,6,panpirin,0.33884137868881226
2026-06-24T10:47:29.930865,C:\Users\이예은\A-EYE\test_images\train\pancol\pancol_06.jpg,pancol,1,festal,0.8839088678359985
2026-06-24T10:47:29.930865,C:\Users\이예은\A-EYE\test_images\train\pancol\pancol_06.jpg,pancol,2,tylenol,0.8252836465835571
2026-06-24T10:47:29.930865,C:\Users\이예은\A-EYE\test_images\train\pancol\pancol_06.jpg,pancol,3,pancol,0.2845723330974579
2026-06-24T10:47:29.930865,C:\Users\이예은\A-EYE\test_images\train\pancol\pancol_06.jpg,pancol,4,ezen6,0.25547245144844055
2026-06-24T10:47:38.924181,C:\Users\이예은\A-EYE\test_images\train\pancol\pancol_07.jpg,pancol,1,pancol,0.8760084509849548
2026-06-24T10:47:38.924181,C:\Users\이예은\A-EYE\test_images\train\pancol\pancol_07.jpg,pancol,2,eyedrop-multi,0.823733925819397
2026-06-24T10:47:38.924181,C:\Users\이예은\A-EYE\test_images\train\pancol\pancol_07.jpg,pancol,3,band,0.7546461224555969
2026-06-24T10:47:38.924181,C:\Users\이예은\A-EYE\test_images\train\pancol\pancol_07.jpg,pancol,4,eyedrop-single,0.5473520755767822
2026-06-24T10:47:38.924181,C:\Users\이예은\A-EYE\test_images\train\pancol\pancol_07.jpg,pancol,5,geborin,0.4597921371459961
2026-06-24T10:47:38.924181,C:\Users\이예은\A-EYE\test_images\train\pancol\pancol_07.jpg,pancol,6,panpirin,0.35726767778396606
2026-06-24T10:47:46.929346,C:\Users\이예은\A-EYE\test_images\train\pancol\pancol_08.jpg,pancol,1,pancol,0.8809704184532166
2026-06-24T10:47:46.934380,C:\Users\이예은\A-EYE\test_images\train\pancol\pancol_08.jpg,pancol,2,band,0.7562639713287354
2026-06-24T10:47:46.934380,C:\Users\이예은\A-EYE\test_images\train\pancol\pancol_08.jpg,pancol,3,ezen6,0.6831335425376892
2026-06-24T10:47:46.934380,C:\Users\이예은\A-EYE\test_images\train\pancol\pancol_08.jpg,pancol,4,eyedrop-multi,0.635123074054718
2026-06-24T10:47:46.934380,C:\Users\이예은\A-EYE\test_images\train\pancol\pancol_08.jpg,pancol,5,fusidin,0.593125581741333
2026-06-24T10:47:46.934380,C:\Users\이예은\A-EYE\test_images\train\pancol\pancol_08.jpg,pancol,6,eyedrop-single,0.5876690745353699
2026-06-24T10:47:46.934380,C:\Users\이예은\A-EYE\test_images\train\pancol\pancol_08.jpg,pancol,7,bearse,0.357325941324234
2026-06-24T10:47:46.934380,C:\Users\이예은\A-EYE\test_images\train\pancol\pancol_08.jpg,pancol,8,tylenol,0.29392439126968384
2026-06-24T10:47:52.130265,C:\Users\이예은\A-EYE\test_images\train\pancol\pancol_09.jpg,pancol,1,festal,0.838129460811615
2026-06-24T10:47:52.130265,C:\Users\이예은\A-EYE\test_images\train\pancol\pancol_09.jpg,pancol,2,pancol,0.8056048154830933
2026-06-24T10:47:52.130265,C:\Users\이예은\A-EYE\test_images\train\pancol\pancol_09.jpg,pancol,3,panpirin,0.5738206505775452
2026-06-24T10:47:52.130265,C:\Users\이예은\A-EYE\test_images\train\pancol\pancol_09.jpg,pancol,4,fusidin,0.5276259779930115
2026-06-24T10:47:52.130265,C:\Users\이예은\A-EYE\test_images\train\pancol\pancol_09.jpg,pancol,5,tylenol,0.36890125274658203
2026-06-24T10:47:57.346730,C:\Users\이예은\A-EYE\test_images\train\pancol\pancol_10.jpg,pancol,1,pancol,0.808806836605072
2026-06-24T10:47:57.346730,C:\Users\이예은\A-EYE\test_images\train\pancol\pancol_10.jpg,pancol,2,geborin,0.7200866341590881
2026-06-24T10:47:57.346730,C:\Users\이예은\A-EYE\test_images\train\pancol\pancol_10.jpg,pancol,3,festal,0.7040172219276428
2026-06-24T10:47:57.346730,C:\Users\이예은\A-EYE\test_images\train\pancol\pancol_10.jpg,pancol,4,eyedrop-single,0.45996955037117004
2026-06-24T10:47:57.346730,C:\Users\이예은\A-EYE\test_images\train\pancol\pancol_10.jpg,pancol,5,band,0.3993279039859772
2026-06-24T10:48:02.439147,C:\Users\이예은\A-EYE\test_images\train\pancol\pancol_11.jpg,pancol,1,pancol,0.7819303274154663
2026-06-24T10:48:02.439147,C:\Users\이예은\A-EYE\test_images\train\pancol\pancol_11.jpg,pancol,2,geborin,0.44709208607673645
2026-06-24T10:48:02.439147,C:\Users\이예은\A-EYE\test_images\train\pancol\pancol_11.jpg,pancol,3,tylenol,0.3658548891544342
2026-06-24T10:48:02.439147,C:\Users\이예은\A-EYE\test_images\train\pancol\pancol_11.jpg,pancol,4,eyedrop-single,0.33886051177978516
2026-06-24T10:48:08.908386,C:\Users\이예은\A-EYE\test_images\train\pancol\pancol_12.jpg,pancol,1,pancol,0.833993136882782
2026-06-24T10:48:08.908386,C:\Users\이예은\A-EYE\test_images\train\pancol\pancol_12.jpg,pancol,2,eyedrop-single,0.7415584921836853
2026-06-24T10:48:08.908386,C:\Users\이예은\A-EYE\test_images\train\pancol\pancol_12.jpg,pancol,3,eyedrop-multi,0.6604185104370117
2026-06-24T10:48:08.908386,C:\Users\이예은\A-EYE\test_images\train\pancol\pancol_12.jpg,pancol,4,festal,0.5398754477500916
2026-06-24T10:48:08.908386,C:\Users\이예은\A-EYE\test_images\train\pancol\pancol_12.jpg,pancol,5,tylenol,0.4945593476295471
2026-06-24T10:48:08.908386,C:\Users\이예은\A-EYE\test_images\train\pancol\pancol_12.jpg,pancol,6,panpirin,0.3761143684387207
2026-06-24T10:48:14.461331,C:\Users\이예은\A-EYE\test_images\train\pancol\pancol_13.jpg,pancol,1,eyedrop-single,0.7872872352600098
2026-06-24T10:48:14.461331,C:\Users\이예은\A-EYE\test_images\train\pancol\pancol_13.jpg,pancol,2,pancol,0.7780683040618896
2026-06-24T10:48:14.461331,C:\Users\이예은\A-EYE\test_images\train\pancol\pancol_13.jpg,pancol,3,panpirin,0.7397196888923645
2026-06-24T10:48:20.234554,C:\Users\이예은\A-EYE\test_images\train\pancol\pancol_14.jpg,pancol,1,panpirin,0.8337786793708801
2026-06-24T10:48:20.234554,C:\Users\이예은\A-EYE\test_images\train\pancol\pancol_14.jpg,pancol,2,festal,0.7507546544075012
2026-06-24T10:48:20.234554,C:\Users\이예은\A-EYE\test_images\train\pancol\pancol_14.jpg,pancol,3,pancol,0.7418587803840637
2026-06-24T10:48:20.234554,C:\Users\이예은\A-EYE\test_images\train\pancol\pancol_14.jpg,pancol,4,geborin,0.32172921299934387
2026-06-24T10:48:20.234554,C:\Users\이예은\A-EYE\test_images\train\pancol\pancol_14.jpg,pancol,5,tylenol,0.31004586815834045
2026-06-24T10:48:26.788373,C:\Users\이예은\A-EYE\test_images\train\pancol\pancol_15.jpg,pancol,1,pancol,0.7984342575073242
2026-06-24T10:48:26.788373,C:\Users\이예은\A-EYE\test_images\train\pancol\pancol_15.jpg,pancol,2,eyedrop-single,0.6874118447303772
2026-06-24T10:48:26.788373,C:\Users\이예은\A-EYE\test_images\train\pancol\pancol_15.jpg,pancol,3,festal,0.6073372960090637
2026-06-24T10:48:26.788373,C:\Users\이예은\A-EYE\test_images\train\pancol\pancol_15.jpg,pancol,4,geborin,0.3704513907432556
2026-06-24T10:48:26.788373,C:\Users\이예은\A-EYE\test_images\train\pancol\pancol_15.jpg,pancol,5,bearse,0.3148518204689026
2026-06-24T10:48:26.788373,C:\Users\이예은\A-EYE\test_images\train\pancol\pancol_15.jpg,pancol,6,panpirin,0.2954568862915039
2026-06-24T10:48:35.984115,C:\Users\이예은\A-EYE\test_images\train\pancol\pancol_17.jpg,pancol,1,fusidin,0.8112499713897705
2026-06-24T10:48:35.984115,C:\Users\이예은\A-EYE\test_images\train\pancol\pancol_17.jpg,pancol,2,panpirin,0.7962644696235657
2026-06-24T10:48:35.984115,C:\Users\이예은\A-EYE\test_images\train\pancol\pancol_17.jpg,pancol,3,pancol,0.743364691734314
2026-06-24T10:48:35.984115,C:\Users\이예은\A-EYE\test_images\train\pancol\pancol_17.jpg,pancol,4,ezen6,0.6906089782714844
2026-06-24T10:48:35.984115,C:\Users\이예은\A-EYE\test_images\train\pancol\pancol_17.jpg,pancol,5,festal,0.5868992209434509
2026-06-24T10:48:35.984115,C:\Users\이예은\A-EYE\test_images\train\pancol\pancol_17.jpg,pancol,6,eyedrop-multi,0.5311530828475952
2026-06-24T10:48:42.135161,C:\Users\이예은\A-EYE\test_images\train\pancol\pancol_20.jpg,pancol,1,eyedrop-single,0.7092504501342773
2026-06-24T10:48:42.135161,C:\Users\이예은\A-EYE\test_images\train\pancol\pancol_20.jpg,pancol,2,panpirin,0.6944354772567749
2026-06-24T10:48:42.135161,C:\Users\이예은\A-EYE\test_images\train\pancol\pancol_20.jpg,pancol,3,pancol,0.6509717106819153
2026-06-24T10:48:48.053344,C:\Users\이예은\A-EYE\test_images\train\pancol\pancol_22.jpg,pancol,1,pancol,0.8190228343009949
2026-06-24T10:48:48.053344,C:\Users\이예은\A-EYE\test_images\train\pancol\pancol_22.jpg,pancol,2,panpirin,0.7785305976867676
2026-06-24T10:48:48.053344,C:\Users\이예은\A-EYE\test_images\train\pancol\pancol_22.jpg,pancol,3,eyedrop-single,0.6010112762451172
2026-06-24T10:48:48.053344,C:\Users\이예은\A-EYE\test_images\train\pancol\pancol_22.jpg,pancol,4,festal,0.539186954498291
2026-06-24T10:48:48.053344,C:\Users\이예은\A-EYE\test_images\train\pancol\pancol_22.jpg,pancol,5,band,0.34252890944480896
2026-06-24T10:48:48.053344,C:\Users\이예은\A-EYE\test_images\train\pancol\pancol_22.jpg,pancol,6,tylenol,0.31301039457321167
2026-06-24T10:48:53.757639,C:\Users\이예은\A-EYE\test_images\train\pancol\pancol_23.jpg,pancol,1,pancol,0.8641173243522644
2026-06-24T10:48:53.757639,C:\Users\이예은\A-EYE\test_images\train\pancol\pancol_23.jpg,pancol,2,panpirin,0.7332964539527893
2026-06-24T10:48:53.757639,C:\Users\이예은\A-EYE\test_images\train\pancol\pancol_23.jpg,pancol,3,tylenol,0.6477975845336914
2026-06-24T10:48:53.757639,C:\Users\이예은\A-EYE\test_images\train\pancol\pancol_23.jpg,pancol,4,band,0.3869137167930603
2026-06-24T10:48:53.757639,C:\Users\이예은\A-EYE\test_images\train\pancol\pancol_23.jpg,pancol,5,ezen6,0.34701529145240784
2026-06-24T10:48:53.757639,C:\Users\이예은\A-EYE\test_images\train\pancol\pancol_23.jpg,pancol,6,eyedrop-single,0.30479761958122253
2026-06-24T10:48:53.757639,C:\Users\이예은\A-EYE\test_images\train\pancol\pancol_23.jpg,pancol,7,geborin,0.27859434485435486
2026-06-24T10:49:00.318582,C:\Users\이예은\A-EYE\test_images\train\pancol\pancol_24.jpg,pancol,1,fusidin,0.7720432877540588
2026-06-24T10:49:00.318582,C:\Users\이예은\A-EYE\test_images\train\pancol\pancol_24.jpg,pancol,2,festal,0.7358672022819519
2026-06-24T10:49:00.318582,C:\Users\이예은\A-EYE\test_images\train\pancol\pancol_24.jpg,pancol,3,pancol,0.7177780270576477
2026-06-24T10:49:00.318582,C:\Users\이예은\A-EYE\test_images\train\pancol\pancol_24.jpg,pancol,4,eyedrop-multi,0.6788986921310425
2026-06-24T10:49:00.318582,C:\Users\이예은\A-EYE\test_images\train\pancol\pancol_24.jpg,pancol,5,tylenol,0.6704232692718506
2026-06-24T10:49:00.318582,C:\Users\이예은\A-EYE\test_images\train\pancol\pancol_24.jpg,pancol,6,band,0.6546357274055481
2026-06-24T10:49:00.318582,C:\Users\이예은\A-EYE\test_images\train\pancol\pancol_24.jpg,pancol,7,eyedrop-single,0.32195428013801575
2026-06-24T10:49:07.172133,C:\Users\이예은\A-EYE\test_images\train\pancol\pancol_25.jpg,pancol,1,eyedrop-single,0.7340505719184875
2026-06-24T10:49:07.172133,C:\Users\이예은\A-EYE\test_images\train\pancol\pancol_25.jpg,pancol,2,pancol,0.7046553492546082
2026-06-24T10:49:07.172133,C:\Users\이예은\A-EYE\test_images\train\pancol\pancol_25.jpg,pancol,3,fusidin,0.6687897443771362
2026-06-24T10:49:07.172133,C:\Users\이예은\A-EYE\test_images\train\pancol\pancol_25.jpg,pancol,4,geborin,0.35973015427589417
2026-06-24T10:49:13.625392,C:\Users\이예은\A-EYE\test_images\train\pancol\pancol_26.jpg,pancol,1,pancol,0.7304154634475708
2026-06-24T10:49:13.625392,C:\Users\이예은\A-EYE\test_images\train\pancol\pancol_26.jpg,pancol,2,geborin,0.6464423537254333
2026-06-24T10:49:13.626036,C:\Users\이예은\A-EYE\test_images\train\pancol\pancol_26.jpg,pancol,3,tylenol,0.4285617768764496
2026-06-24T10:49:13.626036,C:\Users\이예은\A-EYE\test_images\train\pancol\pancol_26.jpg,pancol,4,festal,0.3785608112812042
2026-06-24T10:49:13.626036,C:\Users\이예은\A-EYE\test_images\train\pancol\pancol_26.jpg,pancol,5,ezen6,0.35608670115470886
2026-06-24T10:49:13.626036,C:\Users\이예은\A-EYE\test_images\train\pancol\pancol_26.jpg,pancol,6,eyedrop-multi,0.33554500341415405
2026-06-24T10:49:13.626036,C:\Users\이예은\A-EYE\test_images\train\pancol\pancol_26.jpg,pancol,7,panpirin,0.3073406517505646
2026-06-24T10:49:13.626036,C:\Users\이예은\A-EYE\test_images\train\pancol\pancol_26.jpg,pancol,8,bearse,0.2658982276916504
2026-06-24T10:49:13.626036,C:\Users\이예은\A-EYE\test_images\train\pancol\pancol_26.jpg,pancol,9,fusidin,0.25196340680122375
2026-06-24T10:49:23.001111,C:\Users\이예은\A-EYE\test_images\train\pancol\pancol_27.jpg,pancol,1,tylenol,0.8789337873458862
2026-06-24T10:49:23.001111,C:\Users\이예은\A-EYE\test_images\train\pancol\pancol_27.jpg,pancol,2,pancol,0.8135572671890259
2026-06-24T10:49:23.001111,C:\Users\이예은\A-EYE\test_images\train\pancol\pancol_27.jpg,pancol,3,fusidin,0.6410343050956726
2026-06-24T10:49:23.001111,C:\Users\이예은\A-EYE\test_images\train\pancol\pancol_27.jpg,pancol,4,ezen6,0.6241862177848816
2026-06-24T10:49:23.001111,C:\Users\이예은\A-EYE\test_images\train\pancol\pancol_27.jpg,pancol,5,eyedrop-multi,0.3427177667617798
2026-06-24T10:49:23.001111,C:\Users\이예은\A-EYE\test_images\train\pancol\pancol_27.jpg,pancol,6,geborin,0.2689208686351776
2026-06-24T10:49:31.949532,C:\Users\이예은\A-EYE\test_images\train\pancol\pancol_28.jpg,pancol,1,ezen6,0.8688028454780579
2026-06-24T10:49:31.949532,C:\Users\이예은\A-EYE\test_images\train\pancol\pancol_28.jpg,pancol,2,tylenol,0.7846309542655945
2026-06-24T10:49:31.949532,C:\Users\이예은\A-EYE\test_images\train\pancol\pancol_28.jpg,pancol,3,pancol,0.7697165012359619
2026-06-24T10:49:31.949532,C:\Users\이예은\A-EYE\test_images\train\pancol\pancol_28.jpg,pancol,4,geborin,0.646748423576355
2026-06-24T10:49:31.949532,C:\Users\이예은\A-EYE\test_images\train\pancol\pancol_28.jpg,pancol,5,eyedrop-single,0.4664876163005829
2026-06-24T10:49:37.378546,C:\Users\이예은\A-EYE\test_images\train\pancol\pancol_30.jpg,pancol,1,panpirin,0.8925784230232239
2026-06-24T10:49:37.378546,C:\Users\이예은\A-EYE\test_images\train\pancol\pancol_30.jpg,pancol,2,pancol,0.8867547512054443
2026-06-24T10:49:37.378546,C:\Users\이예은\A-EYE\test_images\train\pancol\pancol_30.jpg,pancol,3,eyedrop-multi,0.543346107006073
2026-06-24T10:49:44.794711,C:\Users\이예은\A-EYE\test_images\train\pancol\pancol_33.jpg,pancol,1,panpirin,0.8841760754585266
2026-06-24T10:49:44.794711,C:\Users\이예은\A-EYE\test_images\train\pancol\pancol_33.jpg,pancol,2,pancol,0.8635113835334778
2026-06-24T10:49:44.794711,C:\Users\이예은\A-EYE\test_images\train\pancol\pancol_33.jpg,pancol,3,fusidin,0.5908547043800354
2026-06-24T10:49:44.794711,C:\Users\이예은\A-EYE\test_images\train\pancol\pancol_33.jpg,pancol,4,eyedrop-multi,0.5294468402862549
2026-06-24T10:49:44.794711,C:\Users\이예은\A-EYE\test_images\train\pancol\pancol_33.jpg,pancol,5,eyedrop-single,0.4817717671394348
2026-06-24T10:49:50.513933,C:\Users\이예은\A-EYE\test_images\train\pancol\pancol_35.jpg,pancol,1,pancol,0.7209643721580505
2026-06-24T10:49:50.513933,C:\Users\이예은\A-EYE\test_images\train\pancol\pancol_35.jpg,pancol,2,tylenol,0.6723873615264893
2026-06-24T10:49:50.513933,C:\Users\이예은\A-EYE\test_images\train\pancol\pancol_35.jpg,pancol,3,festal,0.5432884097099304
2026-06-24T10:49:50.513933,C:\Users\이예은\A-EYE\test_images\train\pancol\pancol_35.jpg,pancol,4,eyedrop-multi,0.4879480004310608
2026-06-24T10:49:50.513933,C:\Users\이예은\A-EYE\test_images\train\pancol\pancol_35.jpg,pancol,5,ezen6,0.27297425270080566
2026-06-24T10:49:55.392663,C:\Users\이예은\A-EYE\test_images\train\pancol\pancol_37.jpg,pancol,1,panpirin,0.9024259448051453
2026-06-24T10:49:55.392663,C:\Users\이예은\A-EYE\test_images\train\pancol\pancol_37.jpg,pancol,2,pancol,0.8359385132789612
2026-06-24T10:49:55.392663,C:\Users\이예은\A-EYE\test_images\train\pancol\pancol_37.jpg,pancol,3,fusidin,0.6986421942710876
2026-06-24T10:49:55.392663,C:\Users\이예은\A-EYE\test_images\train\pancol\pancol_37.jpg,pancol,4,tylenol,0.5726330280303955
2026-06-24T10:49:55.392663,C:\Users\이예은\A-EYE\test_images\train\pancol\pancol_37.jpg,pancol,5,bearse,0.5224714875221252
2026-06-24T10:49:55.392663,C:\Users\이예은\A-EYE\test_images\train\pancol\pancol_37.jpg,pancol,6,festal,0.5171005725860596
2026-06-24T10:49:55.392663,C:\Users\이예은\A-EYE\test_images\train\pancol\pancol_37.jpg,pancol,7,eyedrop-multi,0.29601040482521057
2026-06-24T10:50:00.470586,C:\Users\이예은\A-EYE\test_images\train\pancol\pancol_38.jpg,pancol,1,pancol,0.8258600831031799
2026-06-24T10:50:00.470586,C:\Users\이예은\A-EYE\test_images\train\pancol\pancol_38.jpg,pancol,2,tylenol,0.7555555105209351
2026-06-24T10:50:00.470586,C:\Users\이예은\A-EYE\test_images\train\pancol\pancol_38.jpg,pancol,3,panpirin,0.5315076112747192
2026-06-24T10:50:00.470586,C:\Users\이예은\A-EYE\test_images\train\pancol\pancol_38.jpg,pancol,4,fusidin,0.3380380868911743
2026-06-24T10:50:00.470586,C:\Users\이예은\A-EYE\test_images\train\pancol\pancol_38.jpg,pancol,5,eyedrop-single,0.25341248512268066
2026-06-24T10:50:08.478397,C:\Users\이예은\A-EYE\test_images\train\pancol\pancol_39.jpg,pancol,1,eyedrop-multi,0.8219851851463318
2026-06-24T10:50:08.478397,C:\Users\이예은\A-EYE\test_images\train\pancol\pancol_39.jpg,pancol,2,pancol,0.7646294236183167
2026-06-24T10:50:08.478397,C:\Users\이예은\A-EYE\test_images\train\pancol\pancol_39.jpg,pancol,3,festal,0.7103763222694397
2026-06-24T10:50:08.478397,C:\Users\이예은\A-EYE\test_images\train\pancol\pancol_39.jpg,pancol,4,eyedrop-single,0.37676191329956055
2026-06-24T10:50:08.478397,C:\Users\이예은\A-EYE\test_images\train\pancol\pancol_39.jpg,pancol,5,ezen6,0.31427428126335144
2026-06-24T10:50:17.203443,C:\Users\이예은\A-EYE\test_images\train\pancol\pancol_40.jpg,pancol,1,pancol,0.8167168498039246
2026-06-24T10:50:17.203443,C:\Users\이예은\A-EYE\test_images\train\pancol\pancol_40.jpg,pancol,2,bearse,0.7893550395965576
2026-06-24T10:50:17.203443,C:\Users\이예은\A-EYE\test_images\train\pancol\pancol_40.jpg,pancol,3,geborin,0.7584267854690552
2026-06-24T10:50:17.203443,C:\Users\이예은\A-EYE\test_images\train\pancol\pancol_40.jpg,pancol,4,festal,0.7201127409934998
2026-06-24T10:50:17.203443,C:\Users\이예은\A-EYE\test_images\train\pancol\pancol_40.jpg,pancol,5,eyedrop-multi,0.719205915927887
2026-06-24T10:50:17.203443,C:\Users\이예은\A-EYE\test_images\train\pancol\pancol_40.jpg,pancol,6,tylenol,0.538196861743927
2026-06-24T10:50:17.203443,C:\Users\이예은\A-EYE\test_images\train\pancol\pancol_40.jpg,pancol,7,eyedrop-single,0.3713352680206299
2026-06-24T10:50:22.628321,C:\Users\이예은\A-EYE\test_images\train\pancol\pancol_41.jpg,pancol,1,pancol,0.8341502547264099
2026-06-24T10:50:22.628321,C:\Users\이예은\A-EYE\test_images\train\pancol\pancol_41.jpg,pancol,2,eyedrop-multi,0.6538679599761963
2026-06-24T10:50:22.628321,C:\Users\이예은\A-EYE\test_images\train\pancol\pancol_41.jpg,pancol,3,geborin,0.42984819412231445
2026-06-24T10:50:22.628321,C:\Users\이예은\A-EYE\test_images\train\pancol\pancol_41.jpg,pancol,4,tylenol,0.3493952453136444
2026-06-24T10:50:22.628321,C:\Users\이예은\A-EYE\test_images\train\pancol\pancol_41.jpg,pancol,5,ezen6,0.2761181592941284
2026-06-24T10:50:28.238848,C:\Users\이예은\A-EYE\test_images\train\pancol\pancol_42.jpg,pancol,1,panpirin,0.8919747471809387
2026-06-24T10:50:28.238848,C:\Users\이예은\A-EYE\test_images\train\pancol\pancol_42.jpg,pancol,2,pancol,0.8334329724311829
2026-06-24T10:50:28.238848,C:\Users\이예은\A-EYE\test_images\train\pancol\pancol_42.jpg,pancol,3,festal,0.774351179599762
2026-06-24T10:50:28.238848,C:\Users\이예은\A-EYE\test_images\train\pancol\pancol_42.jpg,pancol,4,tylenol,0.6726347208023071
2026-06-24T10:50:28.238848,C:\Users\이예은\A-EYE\test_images\train\pancol\pancol_42.jpg,pancol,5,band,0.48025739192962646
2026-06-24T10:50:34.101199,C:\Users\이예은\A-EYE\test_images\train\pancol\pancol_43.jpg,pancol,1,pancol,0.7611045241355896
2026-06-24T10:50:34.101199,C:\Users\이예은\A-EYE\test_images\train\pancol\pancol_43.jpg,pancol,2,eyedrop-single,0.5500950217247009
2026-06-24T10:50:43.323109,C:\Users\이예은\A-EYE\test_images\train\pancol\pancol_44.jpg,pancol,1,pancol,0.8516361713409424
2026-06-24T10:50:43.323109,C:\Users\이예은\A-EYE\test_images\train\pancol\pancol_44.jpg,pancol,2,festal,0.8362535238265991
2026-06-24T10:50:43.323109,C:\Users\이예은\A-EYE\test_images\train\pancol\pancol_44.jpg,pancol,3,panpirin,0.7294884324073792
2026-06-24T10:50:43.323109,C:\Users\이예은\A-EYE\test_images\train\pancol\pancol_44.jpg,pancol,4,tylenol,0.5675057172775269
2026-06-24T10:50:43.323109,C:\Users\이예은\A-EYE\test_images\train\pancol\pancol_44.jpg,pancol,5,geborin,0.4396735727787018
2026-06-24T10:50:43.323109,C:\Users\이예은\A-EYE\test_images\train\pancol\pancol_44.jpg,pancol,6,band,0.28556787967681885
2026-06-24T10:50:53.226810,C:\Users\이예은\A-EYE\test_images\train\pancol\pancol_45.jpg,pancol,1,pancol,0.8763258457183838
2026-06-24T10:50:53.226810,C:\Users\이예은\A-EYE\test_images\train\pancol\pancol_45.jpg,pancol,2,panpirin,0.8338161110877991
2026-06-24T10:50:53.226810,C:\Users\이예은\A-EYE\test_images\train\pancol\pancol_45.jpg,pancol,3,festal,0.8043010830879211
2026-06-24T10:50:53.226810,C:\Users\이예은\A-EYE\test_images\train\pancol\pancol_45.jpg,pancol,4,band,0.4826103150844574
2026-06-24T10:50:53.226810,C:\Users\이예은\A-EYE\test_images\train\pancol\pancol_45.jpg,pancol,5,tylenol,0.3712700605392456
2026-06-24T10:51:03.535749,C:\Users\이예은\A-EYE\test_images\train\pancol\pancol_47.jpg,pancol,1,panpirin,0.9052196741104126
2026-06-24T10:51:03.535749,C:\Users\이예은\A-EYE\test_images\train\pancol\pancol_47.jpg,pancol,2,pancol,0.8410459160804749
2026-06-24T10:51:03.535749,C:\Users\이예은\A-EYE\test_images\train\pancol\pancol_47.jpg,pancol,3,tylenol,0.767745852470398
2026-06-24T10:51:03.535749,C:\Users\이예은\A-EYE\test_images\train\pancol\pancol_47.jpg,pancol,4,band,0.3659403920173645
2026-06-24T10:51:15.247891,C:\Users\이예은\A-EYE\test_images\train\pancol\pancol_48.jpg,pancol,1,pancol,0.8426539897918701
2026-06-24T10:51:15.247891,C:\Users\이예은\A-EYE\test_images\train\pancol\pancol_48.jpg,pancol,2,festal,0.7824105620384216
2026-06-24T10:51:15.247891,C:\Users\이예은\A-EYE\test_images\train\pancol\pancol_48.jpg,pancol,3,panpirin,0.7107104659080505
2026-06-24T10:51:15.247891,C:\Users\이예은\A-EYE\test_images\train\pancol\pancol_48.jpg,pancol,4,tylenol,0.5771120190620422
2026-06-24T10:51:15.247891,C:\Users\이예은\A-EYE\test_images\train\pancol\pancol_48.jpg,pancol,5,fusidin,0.47592902183532715
2026-06-24T10:51:25.151360,C:\Users\이예은\A-EYE\test_images\train\pancol\pancol_49.jpg,pancol,1,panpirin,0.8706008195877075
2026-06-24T10:51:25.151360,C:\Users\이예은\A-EYE\test_images\train\pancol\pancol_49.jpg,pancol,2,pancol,0.796112060546875
2026-06-24T10:51:25.151360,C:\Users\이예은\A-EYE\test_images\train\pancol\pancol_49.jpg,pancol,3,fusidin,0.6841660141944885
2026-06-24T10:51:25.151360,C:\Users\이예은\A-EYE\test_images\train\pancol\pancol_49.jpg,pancol,4,eyedrop-single,0.3929102122783661
2026-06-24T10:51:25.151360,C:\Users\이예은\A-EYE\test_images\train\pancol\pancol_49.jpg,pancol,5,geborin,0.2697126269340515
2026-06-24T10:51:34.834584,C:\Users\이예은\A-EYE\test_images\train\pancol\pancol_50.jpg,pancol,1,panpirin,0.8262491226196289
2026-06-24T10:51:34.834584,C:\Users\이예은\A-EYE\test_images\train\pancol\pancol_50.jpg,pancol,2,pancol,0.7464726567268372
2026-06-24T10:51:43.968026,C:\Users\이예은\A-EYE\test_images\train\pancol\pancol_51.jpg,pancol,1,pancol,0.8418501019477844
2026-06-24T10:51:43.968026,C:\Users\이예은\A-EYE\test_images\train\pancol\pancol_51.jpg,pancol,2,panpirin,0.8128607273101807
2026-06-24T10:51:43.968026,C:\Users\이예은\A-EYE\test_images\train\pancol\pancol_51.jpg,pancol,3,fusidin,0.8013351559638977
2026-06-24T10:51:43.968026,C:\Users\이예은\A-EYE\test_images\train\pancol\pancol_51.jpg,pancol,4,eyedrop-multi,0.6108552813529968
2026-06-24T10:51:43.968026,C:\Users\이예은\A-EYE\test_images\train\pancol\pancol_51.jpg,pancol,5,eyedrop-single,0.36775022745132446
2026-06-24T10:51:52.410722,C:\Users\이예은\A-EYE\test_images\train\pancol\pancol_52.jpg,pancol,1,panpirin,0.875231921672821
2026-06-24T10:51:52.410722,C:\Users\이예은\A-EYE\test_images\train\pancol\pancol_52.jpg,pancol,2,pancol,0.8376160264015198
2026-06-24T10:51:52.410722,C:\Users\이예은\A-EYE\test_images\train\pancol\pancol_52.jpg,pancol,3,eyedrop-multi,0.7582151889801025
2026-06-24T10:51:52.410722,C:\Users\이예은\A-EYE\test_images\train\pancol\pancol_52.jpg,pancol,4,fusidin,0.6765270233154297
2026-06-24T10:51:52.410722,C:\Users\이예은\A-EYE\test_images\train\pancol\pancol_52.jpg,pancol,5,band,0.3381239175796509
2026-06-24T10:51:57.968720,C:\Users\이예은\A-EYE\test_images\train\pancol\pancol_53.jpg,pancol,1,panpirin,0.8855338096618652
2026-06-24T10:51:57.968720,C:\Users\이예은\A-EYE\test_images\train\pancol\pancol_53.jpg,pancol,2,festal,0.797397792339325
2026-06-24T10:51:57.968720,C:\Users\이예은\A-EYE\test_images\train\pancol\pancol_53.jpg,pancol,3,pancol,0.7291243672370911
2026-06-24T10:51:57.968720,C:\Users\이예은\A-EYE\test_images\train\pancol\pancol_53.jpg,pancol,4,ezen6,0.6808211207389832
2026-06-24T10:51:57.968720,C:\Users\이예은\A-EYE\test_images\train\pancol\pancol_53.jpg,pancol,5,bearse,0.6592212915420532
2026-06-24T10:51:57.968720,C:\Users\이예은\A-EYE\test_images\train\pancol\pancol_53.jpg,pancol,6,band,0.6180984377861023
2026-06-24T10:51:57.968720,C:\Users\이예은\A-EYE\test_images\train\pancol\pancol_53.jpg,pancol,7,eyedrop-single,0.4619334638118744
2026-06-24T10:51:57.968720,C:\Users\이예은\A-EYE\test_images\train\pancol\pancol_53.jpg,pancol,8,geborin,0.3802333474159241
2026-06-24T10:52:02.845061,C:\Users\이예은\A-EYE\test_images\train\pancol\pancol_54.jpg,pancol,1,panpirin,0.7795256972312927
2026-06-24T10:52:02.845061,C:\Users\이예은\A-EYE\test_images\train\pancol\pancol_54.jpg,pancol,2,festal,0.515250027179718
2026-06-24T10:52:02.845061,C:\Users\이예은\A-EYE\test_images\train\pancol\pancol_54.jpg,pancol,3,pancol,0.39913782477378845
2026-06-24T10:52:02.845061,C:\Users\이예은\A-EYE\test_images\train\pancol\pancol_54.jpg,pancol,4,eyedrop-multi,0.3686201274394989
2026-06-24T10:52:02.845061,C:\Users\이예은\A-EYE\test_images\train\pancol\pancol_54.jpg,pancol,5,band,0.30131468176841736
2026-06-24T10:52:10.572992,C:\Users\이예은\A-EYE\test_images\train\pancol\pancol_55.jpg,pancol,1,pancol,0.779756486415863
2026-06-24T10:52:10.572992,C:\Users\이예은\A-EYE\test_images\train\pancol\pancol_55.jpg,pancol,2,geborin,0.6943275332450867
2026-06-24T10:52:10.572992,C:\Users\이예은\A-EYE\test_images\train\pancol\pancol_55.jpg,pancol,3,eyedrop-single,0.5834186673164368
2026-06-24T10:52:10.572992,C:\Users\이예은\A-EYE\test_images\train\pancol\pancol_55.jpg,pancol,4,eyedrop-multi,0.35745078325271606
2026-06-24T10:52:15.978347,C:\Users\이예은\A-EYE\test_images\train\pancol\pancol_56.jpg,pancol,1,pancol,0.8403496742248535
2026-06-24T10:52:15.978347,C:\Users\이예은\A-EYE\test_images\train\pancol\pancol_56.jpg,pancol,2,panpirin,0.6013985276222229
2026-06-24T10:52:15.978347,C:\Users\이예은\A-EYE\test_images\train\pancol\pancol_56.jpg,pancol,3,ezen6,0.5079812407493591
2026-06-24T10:52:15.978347,C:\Users\이예은\A-EYE\test_images\train\pancol\pancol_56.jpg,pancol,4,eyedrop-single,0.3483588695526123
2026-06-24T10:52:23.868154,C:\Users\이예은\A-EYE\test_images\train\pancol\pancol_57.jpg,pancol,1,panpirin,0.8450134992599487
2026-06-24T10:52:23.868154,C:\Users\이예은\A-EYE\test_images\train\pancol\pancol_57.jpg,pancol,2,festal,0.8151832818984985
2026-06-24T10:52:23.868154,C:\Users\이예은\A-EYE\test_images\train\pancol\pancol_57.jpg,pancol,3,pancol,0.8027727007865906
2026-06-24T10:52:23.868154,C:\Users\이예은\A-EYE\test_images\train\pancol\pancol_57.jpg,pancol,4,geborin,0.3694927990436554
2026-06-24T10:52:23.868154,C:\Users\이예은\A-EYE\test_images\train\pancol\pancol_57.jpg,pancol,5,fusidin,0.3661825358867645
2026-06-24T10:52:23.868154,C:\Users\이예은\A-EYE\test_images\train\pancol\pancol_57.jpg,pancol,6,eyedrop-multi,0.35461872816085815
2026-06-24T10:52:23.868154,C:\Users\이예은\A-EYE\test_images\train\pancol\pancol_57.jpg,pancol,7,eyedrop-single,0.2821667194366455
2026-06-24T10:52:33.031159,C:\Users\이예은\A-EYE\test_images\train\pancol\pancol_59.jpg,pancol,1,tylenol,0.8601645827293396
2026-06-24T10:52:33.031159,C:\Users\이예은\A-EYE\test_images\train\pancol\pancol_59.jpg,pancol,2,pancol,0.8509058952331543
2026-06-24T10:52:33.031159,C:\Users\이예은\A-EYE\test_images\train\pancol\pancol_59.jpg,pancol,3,panpirin,0.6522348523139954
2026-06-24T10:52:33.031159,C:\Users\이예은\A-EYE\test_images\train\pancol\pancol_59.jpg,pancol,4,eyedrop-single,0.5936773419380188
2026-06-24T10:52:38.675393,C:\Users\이예은\A-EYE\test_images\train\pancol\pancol_60.jpg,pancol,1,pancol,0.7683442831039429
2026-06-24T10:52:38.675393,C:\Users\이예은\A-EYE\test_images\train\pancol\pancol_60.jpg,pancol,2,eyedrop-multi,0.5423610806465149
2026-06-24T10:52:47.978073,C:\Users\이예은\A-EYE\test_images\train\pancol\pancol_62.jpg,pancol,1,tylenol,0.8422854542732239
2026-06-24T10:52:47.978073,C:\Users\이예은\A-EYE\test_images\train\pancol\pancol_62.jpg,pancol,2,festal,0.7586525082588196
2026-06-24T10:52:47.978073,C:\Users\이예은\A-EYE\test_images\train\pancol\pancol_62.jpg,pancol,3,ezen6,0.711269199848175
2026-06-24T10:52:47.978073,C:\Users\이예은\A-EYE\test_images\train\pancol\pancol_62.jpg,pancol,4,pancol,0.6847137808799744
2026-06-24T10:52:47.978073,C:\Users\이예은\A-EYE\test_images\train\pancol\pancol_62.jpg,pancol,5,panpirin,0.3795848488807678
2026-06-24T10:52:47.978073,C:\Users\이예은\A-EYE\test_images\train\pancol\pancol_62.jpg,pancol,6,bearse,0.3391760587692261
2026-06-24T10:52:57.659180,C:\Users\이예은\A-EYE\test_images\train\pancol\pancol_64.jpg,pancol,1,pancol,0.8455962538719177
2026-06-24T10:52:57.659180,C:\Users\이예은\A-EYE\test_images\train\pancol\pancol_64.jpg,pancol,2,panpirin,0.7841605544090271
2026-06-24T10:52:57.659180,C:\Users\이예은\A-EYE\test_images\train\pancol\pancol_64.jpg,pancol,3,eyedrop-single,0.750547468662262
2026-06-24T10:52:57.659180,C:\Users\이예은\A-EYE\test_images\train\pancol\pancol_64.jpg,pancol,4,festal,0.6345410346984863
2026-06-24T10:53:08.555949,C:\Users\이예은\A-EYE\test_images\train\pancol\pancol_65.jpg,pancol,1,panpirin,0.8540635704994202
2026-06-24T10:53:08.555949,C:\Users\이예은\A-EYE\test_images\train\pancol\pancol_65.jpg,pancol,2,ezen6,0.8082311749458313
2026-06-24T10:53:08.555949,C:\Users\이예은\A-EYE\test_images\train\pancol\pancol_65.jpg,pancol,3,pancol,0.7609637975692749
2026-06-24T10:53:08.555949,C:\Users\이예은\A-EYE\test_images\train\pancol\pancol_65.jpg,pancol,4,tylenol,0.7295907139778137
2026-06-24T10:53:08.555949,C:\Users\이예은\A-EYE\test_images\train\pancol\pancol_65.jpg,pancol,5,festal,0.6905614733695984
2026-06-24T10:53:08.555949,C:\Users\이예은\A-EYE\test_images\train\pancol\pancol_65.jpg,pancol,6,eyedrop-single,0.3271317780017853
2026-06-24T10:53:08.555949,C:\Users\이예은\A-EYE\test_images\train\pancol\pancol_65.jpg,pancol,7,fusidin,0.3054492175579071
2026-06-24T10:53:19.224179,C:\Users\이예은\A-EYE\test_images\train\pancol\pancol_66.jpg,pancol,1,pancol,0.8314012885093689
2026-06-24T10:53:19.224179,C:\Users\이예은\A-EYE\test_images\train\pancol\pancol_66.jpg,pancol,2,festal,0.7484642863273621
2026-06-24T10:53:19.224179,C:\Users\이예은\A-EYE\test_images\train\pancol\pancol_66.jpg,pancol,3,panpirin,0.6880706548690796
2026-06-24T10:53:19.224179,C:\Users\이예은\A-EYE\test_images\train\pancol\pancol_66.jpg,pancol,4,ezen6,0.5274513959884644
2026-06-24T10:53:19.224179,C:\Users\이예은\A-EYE\test_images\train\pancol\pancol_66.jpg,pancol,5,tylenol,0.45607349276542664
2026-06-24T10:53:19.224179,C:\Users\이예은\A-EYE\test_images\train\pancol\pancol_66.jpg,pancol,6,band,0.2610262632369995
2026-06-24T10:53:30.214213,C:\Users\이예은\A-EYE\test_images\train\pancol\pancol_68.jpg,pancol,1,pancol,0.8395619988441467
2026-06-24T10:53:30.214213,C:\Users\이예은\A-EYE\test_images\train\pancol\pancol_68.jpg,pancol,2,festal,0.8182452917098999
2026-06-24T10:53:30.214213,C:\Users\이예은\A-EYE\test_images\train\pancol\pancol_68.jpg,pancol,3,panpirin,0.7430519461631775
2026-06-24T10:53:30.214213,C:\Users\이예은\A-EYE\test_images\train\pancol\pancol_68.jpg,pancol,4,eyedrop-single,0.6904639005661011
2026-06-24T10:53:30.214213,C:\Users\이예은\A-EYE\test_images\train\pancol\pancol_68.jpg,pancol,5,tylenol,0.6520448327064514
2026-06-24T10:53:30.214213,C:\Users\이예은\A-EYE\test_images\train\pancol\pancol_68.jpg,pancol,6,ezen6,0.5481375455856323
2026-06-24T10:53:30.214213,C:\Users\이예은\A-EYE\test_images\train\pancol\pancol_68.jpg,pancol,7,eyedrop-multi,0.4645244777202606
2026-06-24T10:53:40.687167,C:\Users\이예은\A-EYE\test_images\train\pancol\pancol_69.jpg,pancol,1,pancol,0.8735242486000061
2026-06-24T10:53:40.687167,C:\Users\이예은\A-EYE\test_images\train\pancol\pancol_69.jpg,pancol,2,panpirin,0.8212873339653015
2026-06-24T10:53:40.687167,C:\Users\이예은\A-EYE\test_images\train\pancol\pancol_69.jpg,pancol,3,eyedrop-single,0.7961385250091553
2026-06-24T10:53:40.687167,C:\Users\이예은\A-EYE\test_images\train\pancol\pancol_69.jpg,pancol,4,eyedrop-multi,0.3878062069416046
2026-06-24T10:53:50.316970,C:\Users\이예은\A-EYE\test_images\train\pancol\pancol_70.jpg,pancol,1,tylenol,0.8851835131645203
2026-06-24T10:53:50.316970,C:\Users\이예은\A-EYE\test_images\train\pancol\pancol_70.jpg,pancol,2,pancol,0.8686296939849854
2026-06-24T10:53:50.316970,C:\Users\이예은\A-EYE\test_images\train\pancol\pancol_70.jpg,pancol,3,festal,0.7676174640655518
2026-06-24T10:53:50.316970,C:\Users\이예은\A-EYE\test_images\train\pancol\pancol_70.jpg,pancol,4,panpirin,0.7523946166038513
2026-06-24T10:53:50.316970,C:\Users\이예은\A-EYE\test_images\train\pancol\pancol_70.jpg,pancol,5,eyedrop-single,0.7006207704544067
2026-06-24T10:53:50.316970,C:\Users\이예은\A-EYE\test_images\train\pancol\pancol_70.jpg,pancol,6,ezen6,0.575108528137207
2026-06-24T10:53:59.526423,C:\Users\이예은\A-EYE\test_images\train\pancol\pancol_71.jpg,pancol,1,eyedrop-multi,0.8209660649299622
2026-06-24T10:53:59.526423,C:\Users\이예은\A-EYE\test_images\train\pancol\pancol_71.jpg,pancol,2,eyedrop-single,0.796521008014679
2026-06-24T10:53:59.526423,C:\Users\이예은\A-EYE\test_images\train\pancol\pancol_71.jpg,pancol,3,pancol,0.786940336227417
2026-06-24T10:53:59.526423,C:\Users\이예은\A-EYE\test_images\train\pancol\pancol_71.jpg,pancol,4,tylenol,0.7649712562561035
2026-06-24T10:53:59.526423,C:\Users\이예은\A-EYE\test_images\train\pancol\pancol_71.jpg,pancol,5,panpirin,0.7559298276901245
2026-06-24T10:53:59.526423,C:\Users\이예은\A-EYE\test_images\train\pancol\pancol_71.jpg,pancol,6,bearse,0.6143116354942322
2026-06-24T10:53:59.526423,C:\Users\이예은\A-EYE\test_images\train\pancol\pancol_71.jpg,pancol,7,festal,0.45602113008499146
2026-06-24T10:54:06.532946,C:\Users\이예은\A-EYE\test_images\train\pancol\pancol_72.jpg,pancol,1,festal,0.8126199841499329
2026-06-24T10:54:06.532946,C:\Users\이예은\A-EYE\test_images\train\pancol\pancol_72.jpg,pancol,2,eyedrop-multi,0.7539787888526917
2026-06-24T10:54:06.532946,C:\Users\이예은\A-EYE\test_images\train\pancol\pancol_72.jpg,pancol,3,pancol,0.74593585729599
2026-06-24T10:54:06.532946,C:\Users\이예은\A-EYE\test_images\train\pancol\pancol_72.jpg,pancol,4,ezen6,0.42529430985450745
2026-06-24T10:54:06.532946,C:\Users\이예은\A-EYE\test_images\train\pancol\pancol_72.jpg,pancol,5,panpirin,0.26007238030433655
2026-06-24T10:54:12.029727,C:\Users\이예은\A-EYE\test_images\train\panpirin\panpirin_01.jpg,panpirin,1,panpirin,0.9206829071044922
2026-06-24T10:54:12.029727,C:\Users\이예은\A-EYE\test_images\train\panpirin\panpirin_01.jpg,panpirin,2,festal,0.6994315981864929
2026-06-24T10:54:12.029727,C:\Users\이예은\A-EYE\test_images\train\panpirin\panpirin_01.jpg,panpirin,3,eyedrop-single,0.6702501773834229
2026-06-24T10:54:12.029727,C:\Users\이예은\A-EYE\test_images\train\panpirin\panpirin_01.jpg,panpirin,4,eyedrop-multi,0.5915327072143555
2026-06-24T10:54:12.029727,C:\Users\이예은\A-EYE\test_images\train\panpirin\panpirin_01.jpg,panpirin,5,geborin,0.4804404675960541
2026-06-24T10:54:12.029727,C:\Users\이예은\A-EYE\test_images\train\panpirin\panpirin_01.jpg,panpirin,6,pancol,0.4605235755443573
2026-06-24T10:54:12.029727,C:\Users\이예은\A-EYE\test_images\train\panpirin\panpirin_01.jpg,panpirin,7,tylenol,0.3678783178329468
2026-06-24T10:54:12.029727,C:\Users\이예은\A-EYE\test_images\train\panpirin\panpirin_01.jpg,panpirin,8,ezen6,0.2501102089881897
2026-06-24T10:54:19.816518,C:\Users\이예은\A-EYE\test_images\train\panpirin\panpirin_02.jpg,panpirin,1,panpirin,0.9041102528572083
2026-06-24T10:54:19.816518,C:\Users\이예은\A-EYE\test_images\train\panpirin\panpirin_02.jpg,panpirin,2,pancol,0.8064412474632263
2026-06-24T10:54:19.816518,C:\Users\이예은\A-EYE\test_images\train\panpirin\panpirin_02.jpg,panpirin,3,eyedrop-multi,0.6559937000274658
2026-06-24T10:54:19.816518,C:\Users\이예은\A-EYE\test_images\train\panpirin\panpirin_02.jpg,panpirin,4,festal,0.5555133819580078
2026-06-24T10:54:19.816518,C:\Users\이예은\A-EYE\test_images\train\panpirin\panpirin_02.jpg,panpirin,5,geborin,0.433423787355423
2026-06-24T10:54:19.816518,C:\Users\이예은\A-EYE\test_images\train\panpirin\panpirin_02.jpg,panpirin,6,patch,0.2807998061180115
2026-06-24T10:54:25.335794,C:\Users\이예은\A-EYE\test_images\train\panpirin\panpirin_03.jpg,panpirin,1,panpirin,0.9232276678085327
2026-06-24T10:54:25.335794,C:\Users\이예은\A-EYE\test_images\train\panpirin\panpirin_03.jpg,panpirin,2,festal,0.7757959365844727
2026-06-24T10:54:25.335794,C:\Users\이예은\A-EYE\test_images\train\panpirin\panpirin_03.jpg,panpirin,3,eyedrop-single,0.5458170175552368
2026-06-24T10:54:25.335794,C:\Users\이예은\A-EYE\test_images\train\panpirin\panpirin_03.jpg,panpirin,4,pancol,0.42784878611564636
2026-06-24T10:54:25.335794,C:\Users\이예은\A-EYE\test_images\train\panpirin\panpirin_03.jpg,panpirin,5,eyedrop-multi,0.40265193581581116
2026-06-24T10:54:25.335794,C:\Users\이예은\A-EYE\test_images\train\panpirin\panpirin_03.jpg,panpirin,6,bearse,0.384147584438324
2026-06-24T10:54:25.335794,C:\Users\이예은\A-EYE\test_images\train\panpirin\panpirin_03.jpg,panpirin,7,geborin,0.2699330747127533
2026-06-24T10:54:32.883355,C:\Users\이예은\A-EYE\test_images\train\panpirin\panpirin_04.jpg,panpirin,1,panpirin,0.8986186981201172
2026-06-24T10:54:32.883355,C:\Users\이예은\A-EYE\test_images\train\panpirin\panpirin_04.jpg,panpirin,2,ezen6,0.7203947901725769
2026-06-24T10:54:32.883355,C:\Users\이예은\A-EYE\test_images\train\panpirin\panpirin_04.jpg,panpirin,3,festal,0.6056851744651794
2026-06-24T10:54:32.883355,C:\Users\이예은\A-EYE\test_images\train\panpirin\panpirin_04.jpg,panpirin,4,eyedrop-single,0.43660926818847656
2026-06-24T10:54:32.883355,C:\Users\이예은\A-EYE\test_images\train\panpirin\panpirin_04.jpg,panpirin,5,tylenol,0.42697522044181824
2026-06-24T10:54:32.883355,C:\Users\이예은\A-EYE\test_images\train\panpirin\panpirin_04.jpg,panpirin,6,fusidin,0.36635446548461914
2026-06-24T10:54:32.883355,C:\Users\이예은\A-EYE\test_images\train\panpirin\panpirin_04.jpg,panpirin,7,pancol,0.30472806096076965
2026-06-24T10:54:32.883355,C:\Users\이예은\A-EYE\test_images\train\panpirin\panpirin_04.jpg,panpirin,8,geborin,0.28879544138908386
2026-06-24T10:54:38.454440,C:\Users\이예은\A-EYE\test_images\train\panpirin\panpirin_05.jpg,panpirin,1,panpirin,0.9148718118667603
2026-06-24T10:54:38.454440,C:\Users\이예은\A-EYE\test_images\train\panpirin\panpirin_05.jpg,panpirin,2,tylenol,0.9140422344207764
2026-06-24T10:54:38.454440,C:\Users\이예은\A-EYE\test_images\train\panpirin\panpirin_05.jpg,panpirin,3,festal,0.6551238894462585
2026-06-24T10:54:38.454440,C:\Users\이예은\A-EYE\test_images\train\panpirin\panpirin_05.jpg,panpirin,4,eyedrop-multi,0.49806275963783264
2026-06-24T10:54:38.454440,C:\Users\이예은\A-EYE\test_images\train\panpirin\panpirin_05.jpg,panpirin,5,pancol,0.47456032037734985
2026-06-24T10:54:38.454440,C:\Users\이예은\A-EYE\test_images\train\panpirin\panpirin_05.jpg,panpirin,6,eyedrop-single,0.2832280695438385
2026-06-24T10:54:38.454440,C:\Users\이예은\A-EYE\test_images\train\panpirin\panpirin_05.jpg,panpirin,7,ezen6,0.2701801061630249
2026-06-24T10:54:43.944969,C:\Users\이예은\A-EYE\test_images\train\panpirin\panpirin_06.jpg,panpirin,1,panpirin,0.9124369621276855
2026-06-24T10:54:43.944969,C:\Users\이예은\A-EYE\test_images\train\panpirin\panpirin_06.jpg,panpirin,2,festal,0.8043148517608643
2026-06-24T10:54:43.944969,C:\Users\이예은\A-EYE\test_images\train\panpirin\panpirin_06.jpg,panpirin,3,eyedrop-single,0.5097063779830933
2026-06-24T10:54:43.944969,C:\Users\이예은\A-EYE\test_images\train\panpirin\panpirin_06.jpg,panpirin,4,eyedrop-multi,0.42054837942123413
2026-06-24T10:54:43.944969,C:\Users\이예은\A-EYE\test_images\train\panpirin\panpirin_06.jpg,panpirin,5,geborin,0.4149464964866638
2026-06-24T10:54:43.944969,C:\Users\이예은\A-EYE\test_images\train\panpirin\panpirin_06.jpg,panpirin,6,ezen6,0.3155575096607208
2026-06-24T10:54:52.544002,C:\Users\이예은\A-EYE\test_images\train\panpirin\panpirin_08.jpg,panpirin,1,panpirin,0.8897693157196045
2026-06-24T10:54:52.544002,C:\Users\이예은\A-EYE\test_images\train\panpirin\panpirin_08.jpg,panpirin,2,festal,0.8684438467025757
2026-06-24T10:54:52.544002,C:\Users\이예은\A-EYE\test_images\train\panpirin\panpirin_08.jpg,panpirin,3,eyedrop-multi,0.7118789553642273
2026-06-24T10:54:52.544002,C:\Users\이예은\A-EYE\test_images\train\panpirin\panpirin_08.jpg,panpirin,4,fusidin,0.48180362582206726
2026-06-24T10:54:52.544002,C:\Users\이예은\A-EYE\test_images\train\panpirin\panpirin_08.jpg,panpirin,5,ezen6,0.30333659052848816
2026-06-24T10:55:01.999745,C:\Users\이예은\A-EYE\test_images\train\panpirin\panpirin_09.jpg,panpirin,1,panpirin,0.917586624622345
2026-06-24T10:55:01.999745,C:\Users\이예은\A-EYE\test_images\train\panpirin\panpirin_09.jpg,panpirin,2,festal,0.9174097180366516
2026-06-24T10:55:01.999745,C:\Users\이예은\A-EYE\test_images\train\panpirin\panpirin_09.jpg,panpirin,3,fusidin,0.8314886689186096
2026-06-24T10:55:01.999745,C:\Users\이예은\A-EYE\test_images\train\panpirin\panpirin_09.jpg,panpirin,4,eyedrop-multi,0.8304411768913269
2026-06-24T10:55:01.999745,C:\Users\이예은\A-EYE\test_images\train\panpirin\panpirin_09.jpg,panpirin,5,ezen6,0.4911741316318512
2026-06-24T10:55:01.999745,C:\Users\이예은\A-EYE\test_images\train\panpirin\panpirin_09.jpg,panpirin,6,tylenol,0.36906322836875916
2026-06-24T10:55:12.078686,C:\Users\이예은\A-EYE\test_images\train\panpirin\panpirin_10.jpg,panpirin,1,panpirin,0.9177737236022949
2026-06-24T10:55:12.078686,C:\Users\이예은\A-EYE\test_images\train\panpirin\panpirin_10.jpg,panpirin,2,festal,0.870122492313385
2026-06-24T10:55:17.795540,C:\Users\이예은\A-EYE\test_images\train\panpirin\panpirin_12.jpg,panpirin,1,panpirin,0.9152611494064331
2026-06-24T10:55:17.795540,C:\Users\이예은\A-EYE\test_images\train\panpirin\panpirin_12.jpg,panpirin,2,festal,0.809541642665863
2026-06-24T10:55:17.795540,C:\Users\이예은\A-EYE\test_images\train\panpirin\panpirin_12.jpg,panpirin,3,tylenol,0.3208368420600891
2026-06-24T10:55:23.914964,C:\Users\이예은\A-EYE\test_images\train\panpirin\panpirin_13.jpg,panpirin,1,panpirin,0.9132945537567139
2026-06-24T10:55:23.914964,C:\Users\이예은\A-EYE\test_images\train\panpirin\panpirin_13.jpg,panpirin,2,tylenol,0.8863069415092468
2026-06-24T10:55:23.914964,C:\Users\이예은\A-EYE\test_images\train\panpirin\panpirin_13.jpg,panpirin,3,fusidin,0.6971157789230347
2026-06-24T10:55:23.914964,C:\Users\이예은\A-EYE\test_images\train\panpirin\panpirin_13.jpg,panpirin,4,eyedrop-single,0.3013792634010315
2026-06-24T10:55:34.597080,C:\Users\이예은\A-EYE\test_images\train\panpirin\panpirin_15.jpg,panpirin,1,panpirin,0.89910489320755
2026-06-24T10:55:34.597080,C:\Users\이예은\A-EYE\test_images\train\panpirin\panpirin_15.jpg,panpirin,2,festal,0.8141672015190125
2026-06-24T10:55:34.597080,C:\Users\이예은\A-EYE\test_images\train\panpirin\panpirin_15.jpg,panpirin,3,ezen6,0.7354803085327148
2026-06-24T10:55:34.597080,C:\Users\이예은\A-EYE\test_images\train\panpirin\panpirin_15.jpg,panpirin,4,eyedrop-multi,0.5849094986915588
2026-06-24T10:55:34.597080,C:\Users\이예은\A-EYE\test_images\train\panpirin\panpirin_15.jpg,panpirin,5,fusidin,0.36633870005607605
2026-06-24T10:55:34.597080,C:\Users\이예은\A-EYE\test_images\train\panpirin\panpirin_15.jpg,panpirin,6,eyedrop-single,0.27244147658348083
2026-06-24T10:55:42.149600,C:\Users\이예은\A-EYE\test_images\train\panpirin\panpirin_16.jpg,panpirin,1,panpirin,0.9359174966812134
2026-06-24T10:55:42.149600,C:\Users\이예은\A-EYE\test_images\train\panpirin\panpirin_16.jpg,panpirin,2,ezen6,0.8197307586669922
2026-06-24T10:55:42.149600,C:\Users\이예은\A-EYE\test_images\train\panpirin\panpirin_16.jpg,panpirin,3,festal,0.7771236300468445
2026-06-24T10:55:42.149600,C:\Users\이예은\A-EYE\test_images\train\panpirin\panpirin_16.jpg,panpirin,4,eyedrop-multi,0.2865599989891052
2026-06-24T10:55:42.149600,C:\Users\이예은\A-EYE\test_images\train\panpirin\panpirin_16.jpg,panpirin,5,eyedrop-single,0.2796194553375244
2026-06-24T10:55:49.503219,C:\Users\이예은\A-EYE\test_images\train\panpirin\panpirin_17.jpg,panpirin,1,panpirin,0.9306613206863403
2026-06-24T10:55:49.503219,C:\Users\이예은\A-EYE\test_images\train\panpirin\panpirin_17.jpg,panpirin,2,festal,0.8577194809913635
2026-06-24T10:55:49.503219,C:\Users\이예은\A-EYE\test_images\train\panpirin\panpirin_17.jpg,panpirin,3,bearse,0.7531316876411438
2026-06-24T10:55:49.503219,C:\Users\이예은\A-EYE\test_images\train\panpirin\panpirin_17.jpg,panpirin,4,fusidin,0.6297993063926697
2026-06-24T10:55:49.503219,C:\Users\이예은\A-EYE\test_images\train\panpirin\panpirin_17.jpg,panpirin,5,eyedrop-multi,0.471731036901474
2026-06-24T10:55:49.503219,C:\Users\이예은\A-EYE\test_images\train\panpirin\panpirin_17.jpg,panpirin,6,geborin,0.45722827315330505
2026-06-24T10:55:49.503219,C:\Users\이예은\A-EYE\test_images\train\panpirin\panpirin_17.jpg,panpirin,7,tylenol,0.31687524914741516
2026-06-24T10:56:00.349062,C:\Users\이예은\A-EYE\test_images\train\panpirin\panpirin_19.jpg,panpirin,1,panpirin,0.9473077654838562
2026-06-24T10:56:00.349062,C:\Users\이예은\A-EYE\test_images\train\panpirin\panpirin_19.jpg,panpirin,2,festal,0.7179716229438782
2026-06-24T10:56:00.349062,C:\Users\이예은\A-EYE\test_images\train\panpirin\panpirin_19.jpg,panpirin,3,eyedrop-multi,0.4529319703578949
2026-06-24T10:56:00.349062,C:\Users\이예은\A-EYE\test_images\train\panpirin\panpirin_19.jpg,panpirin,4,ezen6,0.35853704810142517
2026-06-24T10:56:00.349062,C:\Users\이예은\A-EYE\test_images\train\panpirin\panpirin_19.jpg,panpirin,5,eyedrop-single,0.2526061534881592
2026-06-24T10:56:06.085822,C:\Users\이예은\A-EYE\test_images\train\panpirin\panpirin_20.jpg,panpirin,1,panpirin,0.9129130244255066
2026-06-24T10:56:06.085822,C:\Users\이예은\A-EYE\test_images\train\panpirin\panpirin_20.jpg,panpirin,2,festal,0.8664565682411194
2026-06-24T10:56:06.085822,C:\Users\이예은\A-EYE\test_images\train\panpirin\panpirin_20.jpg,panpirin,3,ezen6,0.46016180515289307
2026-06-24T10:56:06.085822,C:\Users\이예은\A-EYE\test_images\train\panpirin\panpirin_20.jpg,panpirin,4,eyedrop-single,0.4238937795162201
2026-06-24T10:56:14.365181,C:\Users\이예은\A-EYE\test_images\train\panpirin\panpirin_23.jpg,panpirin,1,panpirin,0.9091755151748657
2026-06-24T10:56:14.365181,C:\Users\이예은\A-EYE\test_images\train\panpirin\panpirin_23.jpg,panpirin,2,tylenol,0.8439002633094788
2026-06-24T10:56:14.369112,C:\Users\이예은\A-EYE\test_images\train\panpirin\panpirin_23.jpg,panpirin,3,fusidin,0.8068670630455017
2026-06-24T10:56:14.369112,C:\Users\이예은\A-EYE\test_images\train\panpirin\panpirin_23.jpg,panpirin,4,festal,0.7432299852371216
2026-06-24T10:56:14.369112,C:\Users\이예은\A-EYE\test_images\train\panpirin\panpirin_23.jpg,panpirin,5,eyedrop-single,0.5089327096939087
2026-06-24T10:56:14.369112,C:\Users\이예은\A-EYE\test_images\train\panpirin\panpirin_23.jpg,panpirin,6,eyedrop-multi,0.4017629623413086
2026-06-24T10:56:22.925862,C:\Users\이예은\A-EYE\test_images\train\panpirin\panpirin_25.jpg,panpirin,1,panpirin,0.926497220993042
2026-06-24T10:56:22.925862,C:\Users\이예은\A-EYE\test_images\train\panpirin\panpirin_25.jpg,panpirin,2,tylenol,0.5497567653656006
2026-06-24T10:56:31.820692,C:\Users\이예은\A-EYE\test_images\train\panpirin\panpirin_26.jpg,panpirin,1,panpirin,0.8611359596252441
2026-06-24T10:56:31.820692,C:\Users\이예은\A-EYE\test_images\train\panpirin\panpirin_26.jpg,panpirin,2,tylenol,0.8054593801498413
2026-06-24T10:56:31.820692,C:\Users\이예은\A-EYE\test_images\train\panpirin\panpirin_26.jpg,panpirin,3,fusidin,0.5854461789131165
2026-06-24T10:56:31.820692,C:\Users\이예은\A-EYE\test_images\train\panpirin\panpirin_26.jpg,panpirin,4,festal,0.44686266779899597
2026-06-24T10:56:31.820692,C:\Users\이예은\A-EYE\test_images\train\panpirin\panpirin_26.jpg,panpirin,5,eyedrop-single,0.4277675151824951
2026-06-24T10:56:31.820692,C:\Users\이예은\A-EYE\test_images\train\panpirin\panpirin_26.jpg,panpirin,6,band,0.4159712791442871
2026-06-24T10:56:40.844512,C:\Users\이예은\A-EYE\test_images\train\panpirin\panpirin_27.jpg,panpirin,1,panpirin,0.9033004641532898
2026-06-24T10:56:40.844512,C:\Users\이예은\A-EYE\test_images\train\panpirin\panpirin_27.jpg,panpirin,2,eyedrop-multi,0.8219562768936157
2026-06-24T10:56:40.844512,C:\Users\이예은\A-EYE\test_images\train\panpirin\panpirin_27.jpg,panpirin,3,festal,0.782615602016449
2026-06-24T10:56:40.844512,C:\Users\이예은\A-EYE\test_images\train\panpirin\panpirin_27.jpg,panpirin,4,fusidin,0.3852987587451935
2026-06-24T10:56:40.844512,C:\Users\이예은\A-EYE\test_images\train\panpirin\panpirin_27.jpg,panpirin,5,tylenol,0.30775463581085205
2026-06-24T10:56:49.380143,C:\Users\이예은\A-EYE\test_images\train\panpirin\panpirin_28.jpg,panpirin,1,panpirin,0.9167011976242065
2026-06-24T10:56:49.380143,C:\Users\이예은\A-EYE\test_images\train\panpirin\panpirin_28.jpg,panpirin,2,festal,0.8280702233314514
2026-06-24T10:56:49.380143,C:\Users\이예은\A-EYE\test_images\train\panpirin\panpirin_28.jpg,panpirin,3,band,0.5933508276939392
2026-06-24T10:56:49.380143,C:\Users\이예은\A-EYE\test_images\train\panpirin\panpirin_28.jpg,panpirin,4,eyedrop-single,0.3145939111709595
2026-06-24T10:56:54.995022,C:\Users\이예은\A-EYE\test_images\train\panpirin\panpirin_29.jpg,panpirin,1,panpirin,0.9011102318763733
2026-06-24T10:56:54.995022,C:\Users\이예은\A-EYE\test_images\train\panpirin\panpirin_29.jpg,panpirin,2,festal,0.668678879737854
2026-06-24T10:57:00.551623,C:\Users\이예은\A-EYE\test_images\train\panpirin\panpirin_31.jpg,panpirin,1,panpirin,0.9130740761756897
2026-06-24T10:57:00.551623,C:\Users\이예은\A-EYE\test_images\train\panpirin\panpirin_31.jpg,panpirin,2,festal,0.7051992416381836
2026-06-24T10:57:00.551623,C:\Users\이예은\A-EYE\test_images\train\panpirin\panpirin_31.jpg,panpirin,3,fusidin,0.5560952425003052
2026-06-24T10:57:00.551623,C:\Users\이예은\A-EYE\test_images\train\panpirin\panpirin_31.jpg,panpirin,4,ezen6,0.5454880595207214
2026-06-24T10:57:00.551623,C:\Users\이예은\A-EYE\test_images\train\panpirin\panpirin_31.jpg,panpirin,5,eyedrop-single,0.4416316747665405
2026-06-24T10:57:00.551623,C:\Users\이예은\A-EYE\test_images\train\panpirin\panpirin_31.jpg,panpirin,6,tylenol,0.2575146555900574
2026-06-24T10:57:09.177331,C:\Users\이예은\A-EYE\test_images\train\panpirin\panpirin_32.jpg,panpirin,1,panpirin,0.9233157634735107
2026-06-24T10:57:09.177331,C:\Users\이예은\A-EYE\test_images\train\panpirin\panpirin_32.jpg,panpirin,2,festal,0.42144253849983215
2026-06-24T10:57:09.177331,C:\Users\이예은\A-EYE\test_images\train\panpirin\panpirin_32.jpg,panpirin,3,eyedrop-single,0.2769492268562317
2026-06-24T10:57:15.343738,C:\Users\이예은\A-EYE\test_images\train\panpirin\panpirin_33.jpg,panpirin,1,panpirin,0.927821934223175
2026-06-24T10:57:15.343738,C:\Users\이예은\A-EYE\test_images\train\panpirin\panpirin_33.jpg,panpirin,2,festal,0.8403499126434326
2026-06-24T10:57:21.277737,C:\Users\이예은\A-EYE\test_images\train\panpirin\panpirin_35.jpg,panpirin,1,panpirin,0.9046785831451416
2026-06-24T10:57:21.277737,C:\Users\이예은\A-EYE\test_images\train\panpirin\panpirin_35.jpg,panpirin,2,ezen6,0.7800913453102112
2026-06-24T10:57:21.277737,C:\Users\이예은\A-EYE\test_images\train\panpirin\panpirin_35.jpg,panpirin,3,eyedrop-single,0.7076361775398254
2026-06-24T10:57:21.277737,C:\Users\이예은\A-EYE\test_images\train\panpirin\panpirin_35.jpg,panpirin,4,eyedrop-multi,0.6647244095802307
2026-06-24T10:57:21.277737,C:\Users\이예은\A-EYE\test_images\train\panpirin\panpirin_35.jpg,panpirin,5,festal,0.6233269572257996
2026-06-24T10:57:21.277737,C:\Users\이예은\A-EYE\test_images\train\panpirin\panpirin_35.jpg,panpirin,6,tylenol,0.2680506706237793
2026-06-24T10:57:27.551506,C:\Users\이예은\A-EYE\test_images\train\panpirin\panpirin_36.jpg,panpirin,1,eyedrop-single,0.5789262056350708
2026-06-24T10:57:27.551506,C:\Users\이예은\A-EYE\test_images\train\panpirin\panpirin_36.jpg,panpirin,2,pancol,0.25469857454299927
2026-06-24T10:57:37.944784,C:\Users\이예은\A-EYE\test_images\train\panpirin\panpirin_37.jpg,panpirin,1,panpirin,0.9104410409927368
2026-06-24T10:57:37.944784,C:\Users\이예은\A-EYE\test_images\train\panpirin\panpirin_37.jpg,panpirin,2,ezen6,0.5668888688087463
2026-06-24T10:57:37.944784,C:\Users\이예은\A-EYE\test_images\train\panpirin\panpirin_37.jpg,panpirin,3,eyedrop-single,0.5500572323799133
2026-06-24T10:57:37.944784,C:\Users\이예은\A-EYE\test_images\train\panpirin\panpirin_37.jpg,panpirin,4,pancol,0.27509286999702454
2026-06-24T10:57:37.944784,C:\Users\이예은\A-EYE\test_images\train\panpirin\panpirin_37.jpg,panpirin,5,festal,0.2700611352920532
2026-06-24T10:57:44.852509,C:\Users\이예은\A-EYE\test_images\train\panpirin\panpirin_38.jpg,panpirin,1,panpirin,0.8959319591522217
2026-06-24T10:57:44.852509,C:\Users\이예은\A-EYE\test_images\train\panpirin\panpirin_38.jpg,panpirin,2,tylenol,0.8670113682746887
2026-06-24T10:57:44.852509,C:\Users\이예은\A-EYE\test_images\train\panpirin\panpirin_38.jpg,panpirin,3,band,0.8450448513031006
2026-06-24T10:57:44.852509,C:\Users\이예은\A-EYE\test_images\train\panpirin\panpirin_38.jpg,panpirin,4,festal,0.7823118567466736
2026-06-24T10:57:44.852509,C:\Users\이예은\A-EYE\test_images\train\panpirin\panpirin_38.jpg,panpirin,5,bearse,0.7657665014266968
2026-06-24T10:57:44.852509,C:\Users\이예은\A-EYE\test_images\train\panpirin\panpirin_38.jpg,panpirin,6,eyedrop-multi,0.7195216417312622
2026-06-24T10:57:44.852509,C:\Users\이예은\A-EYE\test_images\train\panpirin\panpirin_38.jpg,panpirin,7,geborin,0.39886000752449036
2026-06-24T10:57:44.852509,C:\Users\이예은\A-EYE\test_images\train\panpirin\panpirin_38.jpg,panpirin,8,eyedrop-single,0.30593860149383545
2026-06-24T10:57:52.158086,C:\Users\이예은\A-EYE\test_images\train\panpirin\panpirin_39.jpg,panpirin,1,panpirin,0.8768118619918823
2026-06-24T10:57:52.158086,C:\Users\이예은\A-EYE\test_images\train\panpirin\panpirin_39.jpg,panpirin,2,tylenol,0.8653682470321655
2026-06-24T10:57:52.158086,C:\Users\이예은\A-EYE\test_images\train\panpirin\panpirin_39.jpg,panpirin,3,ezen6,0.777247965335846
2026-06-24T10:57:52.158086,C:\Users\이예은\A-EYE\test_images\train\panpirin\panpirin_39.jpg,panpirin,4,bearse,0.46638232469558716
2026-06-24T10:57:52.158086,C:\Users\이예은\A-EYE\test_images\train\panpirin\panpirin_39.jpg,panpirin,5,band,0.40703219175338745
2026-06-24T10:57:52.158086,C:\Users\이예은\A-EYE\test_images\train\panpirin\panpirin_39.jpg,panpirin,6,festal,0.39411795139312744
2026-06-24T10:57:52.158086,C:\Users\이예은\A-EYE\test_images\train\panpirin\panpirin_39.jpg,panpirin,7,madecassol,0.29112493991851807
2026-06-24T10:58:03.370625,C:\Users\이예은\A-EYE\test_images\train\panpirin\panpirin_40.jpg,panpirin,1,panpirin,0.9040210247039795
2026-06-24T10:58:03.370625,C:\Users\이예은\A-EYE\test_images\train\panpirin\panpirin_40.jpg,panpirin,2,tylenol,0.8997147083282471
2026-06-24T10:58:03.370625,C:\Users\이예은\A-EYE\test_images\train\panpirin\panpirin_40.jpg,panpirin,3,festal,0.46250858902931213
2026-06-24T10:58:03.370625,C:\Users\이예은\A-EYE\test_images\train\panpirin\panpirin_40.jpg,panpirin,4,eyedrop-single,0.3929862678050995
2026-06-24T10:58:03.370625,C:\Users\이예은\A-EYE\test_images\train\panpirin\panpirin_40.jpg,panpirin,5,pancol,0.34719640016555786
2026-06-24T10:58:03.370625,C:\Users\이예은\A-EYE\test_images\train\panpirin\panpirin_40.jpg,panpirin,6,bearse,0.27752116322517395
2026-06-24T10:58:10.139332,C:\Users\이예은\A-EYE\test_images\train\panpirin\panpirin_41.jpg,panpirin,1,panpirin,0.8783102631568909
2026-06-24T10:58:10.139332,C:\Users\이예은\A-EYE\test_images\train\panpirin\panpirin_41.jpg,panpirin,2,festal,0.8093572854995728
2026-06-24T10:58:10.139332,C:\Users\이예은\A-EYE\test_images\train\panpirin\panpirin_41.jpg,panpirin,3,ezen6,0.5978013277053833
2026-06-24T10:58:10.139332,C:\Users\이예은\A-EYE\test_images\train\panpirin\panpirin_41.jpg,panpirin,4,tylenol,0.5652845501899719
2026-06-24T10:58:10.139332,C:\Users\이예은\A-EYE\test_images\train\panpirin\panpirin_41.jpg,panpirin,5,eyedrop-single,0.4583033621311188
2026-06-24T10:58:15.768832,C:\Users\이예은\A-EYE\test_images\train\panpirin\panpirin_43.jpg,panpirin,1,panpirin,0.8820507526397705
2026-06-24T10:58:15.768832,C:\Users\이예은\A-EYE\test_images\train\panpirin\panpirin_43.jpg,panpirin,2,festal,0.8292461633682251
2026-06-24T10:58:15.768832,C:\Users\이예은\A-EYE\test_images\train\panpirin\panpirin_43.jpg,panpirin,3,eyedrop-single,0.5626214146614075
2026-06-24T10:58:24.981006,C:\Users\이예은\A-EYE\test_images\train\panpirin\panpirin_44.jpg,panpirin,1,panpirin,0.9200226068496704
2026-06-24T10:58:24.981006,C:\Users\이예은\A-EYE\test_images\train\panpirin\panpirin_44.jpg,panpirin,2,festal,0.8144331574440002
2026-06-24T10:58:24.981006,C:\Users\이예은\A-EYE\test_images\train\panpirin\panpirin_44.jpg,panpirin,3,eyedrop-multi,0.7865650057792664
2026-06-24T10:58:24.981006,C:\Users\이예은\A-EYE\test_images\train\panpirin\panpirin_44.jpg,panpirin,4,patch,0.6980229020118713
2026-06-24T10:58:24.981006,C:\Users\이예은\A-EYE\test_images\train\panpirin\panpirin_44.jpg,panpirin,5,tylenol,0.6220136284828186
2026-06-24T10:58:24.981006,C:\Users\이예은\A-EYE\test_images\train\panpirin\panpirin_44.jpg,panpirin,6,bearse,0.469015508890152
2026-06-24T10:58:24.981006,C:\Users\이예은\A-EYE\test_images\train\panpirin\panpirin_44.jpg,panpirin,7,eyedrop-single,0.4095073342323303
2026-06-24T10:58:30.515399,C:\Users\이예은\A-EYE\test_images\train\panpirin\panpirin_45.jpg,panpirin,1,panpirin,0.880871593952179
2026-06-24T10:58:30.515399,C:\Users\이예은\A-EYE\test_images\train\panpirin\panpirin_45.jpg,panpirin,2,festal,0.7148188352584839
2026-06-24T10:58:30.515399,C:\Users\이예은\A-EYE\test_images\train\panpirin\panpirin_45.jpg,panpirin,3,ezen6,0.6523817181587219
2026-06-24T10:58:30.515399,C:\Users\이예은\A-EYE\test_images\train\panpirin\panpirin_45.jpg,panpirin,4,eyedrop-multi,0.2631555497646332
2026-06-24T10:58:35.779607,C:\Users\이예은\A-EYE\test_images\train\panpirin\panpirin_46.jpg,panpirin,1,panpirin,0.9127424359321594
2026-06-24T10:58:35.795233,C:\Users\이예은\A-EYE\test_images\train\panpirin\panpirin_46.jpg,panpirin,2,geborin,0.6164496541023254
2026-06-24T10:58:35.795233,C:\Users\이예은\A-EYE\test_images\train\panpirin\panpirin_46.jpg,panpirin,3,eyedrop-single,0.463550329208374
2026-06-24T10:58:35.795233,C:\Users\이예은\A-EYE\test_images\train\panpirin\panpirin_46.jpg,panpirin,4,festal,0.4101634621620178
2026-06-24T10:58:35.795233,C:\Users\이예은\A-EYE\test_images\train\panpirin\panpirin_46.jpg,panpirin,5,eyedrop-multi,0.3484889566898346
2026-06-24T10:58:41.792743,C:\Users\이예은\A-EYE\test_images\train\panpirin\panpirin_47.jpg,panpirin,1,panpirin,0.8990734815597534
2026-06-24T10:58:41.792743,C:\Users\이예은\A-EYE\test_images\train\panpirin\panpirin_47.jpg,panpirin,2,eyedrop-single,0.593601405620575
2026-06-24T10:58:41.792743,C:\Users\이예은\A-EYE\test_images\train\panpirin\panpirin_47.jpg,panpirin,3,ezen6,0.5901104807853699
2026-06-24T10:58:41.792743,C:\Users\이예은\A-EYE\test_images\train\panpirin\panpirin_47.jpg,panpirin,4,eyedrop-multi,0.4752865433692932
2026-06-24T10:58:41.792743,C:\Users\이예은\A-EYE\test_images\train\panpirin\panpirin_47.jpg,panpirin,5,tylenol,0.44424697756767273
2026-06-24T10:58:41.792743,C:\Users\이예은\A-EYE\test_images\train\panpirin\panpirin_47.jpg,panpirin,6,festal,0.41771841049194336
2026-06-24T10:58:41.792743,C:\Users\이예은\A-EYE\test_images\train\panpirin\panpirin_47.jpg,panpirin,7,bearse,0.2988113760948181
2026-06-24T10:58:47.386230,C:\Users\이예은\A-EYE\test_images\train\panpirin\panpirin_48.jpg,panpirin,1,panpirin,0.9144826531410217
2026-06-24T10:58:47.386230,C:\Users\이예은\A-EYE\test_images\train\panpirin\panpirin_48.jpg,panpirin,2,ezen6,0.68064945936203
2026-06-24T10:58:47.386230,C:\Users\이예은\A-EYE\test_images\train\panpirin\panpirin_48.jpg,panpirin,3,eyedrop-single,0.6483256816864014
2026-06-24T10:58:47.386230,C:\Users\이예은\A-EYE\test_images\train\panpirin\panpirin_48.jpg,panpirin,4,festal,0.5791495442390442
2026-06-24T10:58:47.386230,C:\Users\이예은\A-EYE\test_images\train\panpirin\panpirin_48.jpg,panpirin,5,patch,0.4171167314052582
2026-06-24T10:58:47.386230,C:\Users\이예은\A-EYE\test_images\train\panpirin\panpirin_48.jpg,panpirin,6,geborin,0.39985060691833496
2026-06-24T10:58:47.386230,C:\Users\이예은\A-EYE\test_images\train\panpirin\panpirin_48.jpg,panpirin,7,tylenol,0.3125580847263336
2026-06-24T10:58:47.386230,C:\Users\이예은\A-EYE\test_images\train\panpirin\panpirin_48.jpg,panpirin,8,eyedrop-multi,0.2753792107105255
2026-06-24T10:58:55.527224,C:\Users\이예은\A-EYE\test_images\train\panpirin\panpirin_50.jpg,panpirin,1,panpirin,0.92523592710495
2026-06-24T10:58:55.527224,C:\Users\이예은\A-EYE\test_images\train\panpirin\panpirin_50.jpg,panpirin,2,festal,0.8140138983726501
2026-06-24T10:58:55.527224,C:\Users\이예은\A-EYE\test_images\train\panpirin\panpirin_50.jpg,panpirin,3,eyedrop-single,0.3056779205799103
2026-06-24T10:59:04.242291,C:\Users\이예은\A-EYE\test_images\train\panpirin\panpirin_51.jpg,panpirin,1,panpirin,0.8683580756187439
2026-06-24T10:59:04.242291,C:\Users\이예은\A-EYE\test_images\train\panpirin\panpirin_51.jpg,panpirin,2,festal,0.4739014804363251
2026-06-24T10:59:04.242291,C:\Users\이예은\A-EYE\test_images\train\panpirin\panpirin_51.jpg,panpirin,3,eyedrop-single,0.37405338883399963
2026-06-24T10:59:04.242291,C:\Users\이예은\A-EYE\test_images\train\panpirin\panpirin_51.jpg,panpirin,4,eyedrop-multi,0.36211052536964417
2026-06-24T10:59:13.573649,C:\Users\이예은\A-EYE\test_images\train\panpirin\panpirin_52.jpg,panpirin,1,panpirin,0.9202629327774048
2026-06-24T10:59:13.573649,C:\Users\이예은\A-EYE\test_images\train\panpirin\panpirin_52.jpg,panpirin,2,festal,0.8463836908340454
2026-06-24T10:59:13.573649,C:\Users\이예은\A-EYE\test_images\train\panpirin\panpirin_52.jpg,panpirin,3,eyedrop-multi,0.45295965671539307
2026-06-24T10:59:20.424547,C:\Users\이예은\A-EYE\test_images\train\panpirin\panpirin_53.jpg,panpirin,1,panpirin,0.789520800113678
2026-06-24T10:59:20.424547,C:\Users\이예은\A-EYE\test_images\train\panpirin\panpirin_53.jpg,panpirin,2,festal,0.7834739685058594
2026-06-24T10:59:20.424547,C:\Users\이예은\A-EYE\test_images\train\panpirin\panpirin_53.jpg,panpirin,3,geborin,0.5536388754844666
2026-06-24T10:59:20.424547,C:\Users\이예은\A-EYE\test_images\train\panpirin\panpirin_53.jpg,panpirin,4,eyedrop-multi,0.3627912700176239
2026-06-24T10:59:20.424547,C:\Users\이예은\A-EYE\test_images\train\panpirin\panpirin_53.jpg,panpirin,5,bearse,0.3428483009338379
2026-06-24T10:59:20.424547,C:\Users\이예은\A-EYE\test_images\train\panpirin\panpirin_53.jpg,panpirin,6,eyedrop-single,0.2863196134567261
2026-06-24T10:59:27.018167,C:\Users\이예은\A-EYE\test_images\train\panpirin\panpirin_54.jpg,panpirin,1,panpirin,0.9099457859992981
2026-06-24T10:59:27.018167,C:\Users\이예은\A-EYE\test_images\train\panpirin\panpirin_54.jpg,panpirin,2,festal,0.8842704892158508
2026-06-24T10:59:27.018167,C:\Users\이예은\A-EYE\test_images\train\panpirin\panpirin_54.jpg,panpirin,3,bearse,0.7255481481552124
2026-06-24T10:59:27.018167,C:\Users\이예은\A-EYE\test_images\train\panpirin\panpirin_54.jpg,panpirin,4,pancol,0.2548500895500183
2026-06-24T10:59:37.360585,C:\Users\이예은\A-EYE\test_images\train\panpirin\panpirin_56.jpg,panpirin,1,panpirin,0.9074487686157227
2026-06-24T10:59:37.360585,C:\Users\이예은\A-EYE\test_images\train\panpirin\panpirin_56.jpg,panpirin,2,bearse,0.7582303285598755
2026-06-24T10:59:37.360585,C:\Users\이예은\A-EYE\test_images\train\panpirin\panpirin_56.jpg,panpirin,3,eyedrop-multi,0.6596373319625854
2026-06-24T10:59:48.558888,C:\Users\이예은\A-EYE\test_images\train\panpirin\panpirin_58.jpg,panpirin,1,panpirin,0.9178817868232727
2026-06-24T10:59:48.558888,C:\Users\이예은\A-EYE\test_images\train\panpirin\panpirin_58.jpg,panpirin,2,band,0.8567545413970947
2026-06-24T10:59:48.558888,C:\Users\이예은\A-EYE\test_images\train\panpirin\panpirin_58.jpg,panpirin,3,festal,0.4390575885772705
2026-06-24T10:59:48.558888,C:\Users\이예은\A-EYE\test_images\train\panpirin\panpirin_58.jpg,panpirin,4,bearse,0.3965851664543152
2026-06-24T10:59:48.558888,C:\Users\이예은\A-EYE\test_images\train\panpirin\panpirin_58.jpg,panpirin,5,eyedrop-multi,0.31775304675102234
2026-06-24T10:59:59.284557,C:\Users\이예은\A-EYE\test_images\train\panpirin\panpirin_59.jpg,panpirin,1,panpirin,0.9162709712982178
2026-06-24T10:59:59.284557,C:\Users\이예은\A-EYE\test_images\train\panpirin\panpirin_59.jpg,panpirin,2,festal,0.6497713327407837
2026-06-24T10:59:59.284557,C:\Users\이예은\A-EYE\test_images\train\panpirin\panpirin_59.jpg,panpirin,3,bearse,0.5452449321746826
2026-06-24T10:59:59.284557,C:\Users\이예은\A-EYE\test_images\train\panpirin\panpirin_59.jpg,panpirin,4,fusidin,0.4342595338821411
2026-06-24T10:59:59.284557,C:\Users\이예은\A-EYE\test_images\train\panpirin\panpirin_59.jpg,panpirin,5,eyedrop-multi,0.4195121228694916
2026-06-24T11:00:10.458489,C:\Users\이예은\A-EYE\test_images\train\panpirin\panpirin_61.jpg,panpirin,1,panpirin,0.9085074067115784
2026-06-24T11:00:10.460381,C:\Users\이예은\A-EYE\test_images\train\panpirin\panpirin_61.jpg,panpirin,2,festal,0.8383328914642334
2026-06-24T11:00:10.460381,C:\Users\이예은\A-EYE\test_images\train\panpirin\panpirin_61.jpg,panpirin,3,ezen6,0.6953110694885254
2026-06-24T11:00:10.460381,C:\Users\이예은\A-EYE\test_images\train\panpirin\panpirin_61.jpg,panpirin,4,eyedrop-multi,0.27286237478256226
2026-06-24T11:00:20.339880,C:\Users\이예은\A-EYE\test_images\train\panpirin\panpirin_62.jpg,panpirin,1,panpirin,0.9078360199928284
2026-06-24T11:00:20.339880,C:\Users\이예은\A-EYE\test_images\train\panpirin\panpirin_62.jpg,panpirin,2,ezen6,0.758933961391449
2026-06-24T11:00:20.339880,C:\Users\이예은\A-EYE\test_images\train\panpirin\panpirin_62.jpg,panpirin,3,eyedrop-single,0.5667571425437927
2026-06-24T11:00:28.945944,C:\Users\이예은\A-EYE\test_images\train\panpirin\panpirin_63.jpg,panpirin,1,panpirin,0.911420464515686
2026-06-24T11:00:28.945944,C:\Users\이예은\A-EYE\test_images\train\panpirin\panpirin_63.jpg,panpirin,2,festal,0.8628171682357788
2026-06-24T11:00:28.945944,C:\Users\이예은\A-EYE\test_images\train\panpirin\panpirin_63.jpg,panpirin,3,eyedrop-single,0.36561307311058044
2026-06-24T11:00:28.945944,C:\Users\이예은\A-EYE\test_images\train\panpirin\panpirin_63.jpg,panpirin,4,eyedrop-multi,0.25754061341285706
2026-06-24T11:00:37.083974,C:\Users\이예은\A-EYE\test_images\train\panpirin\panpirin_64.jpg,panpirin,1,festal,0.8813255429267883
2026-06-24T11:00:37.083974,C:\Users\이예은\A-EYE\test_images\train\panpirin\panpirin_64.jpg,panpirin,2,panpirin,0.8692440986633301
2026-06-24T11:00:37.083974,C:\Users\이예은\A-EYE\test_images\train\panpirin\panpirin_64.jpg,panpirin,3,band,0.8438504934310913
2026-06-24T11:00:45.989453,C:\Users\이예은\A-EYE\test_images\train\panpirin\panpirin_66.jpg,panpirin,1,panpirin,0.8736682534217834
2026-06-24T11:00:45.989453,C:\Users\이예은\A-EYE\test_images\train\panpirin\panpirin_66.jpg,panpirin,2,ezen6,0.8172884583473206
2026-06-24T11:00:45.989453,C:\Users\이예은\A-EYE\test_images\train\panpirin\panpirin_66.jpg,panpirin,3,eyedrop-multi,0.6488689184188843
2026-06-24T11:00:55.122472,C:\Users\이예은\A-EYE\test_images\train\panpirin\panpirin_67.jpg,panpirin,1,festal,0.9163228869438171
2026-06-24T11:00:55.122472,C:\Users\이예은\A-EYE\test_images\train\panpirin\panpirin_67.jpg,panpirin,2,panpirin,0.8756145238876343
2026-06-24T11:00:55.122472,C:\Users\이예은\A-EYE\test_images\train\panpirin\panpirin_67.jpg,panpirin,3,bearse,0.7175653576850891
2026-06-24T11:00:55.122472,C:\Users\이예은\A-EYE\test_images\train\panpirin\panpirin_67.jpg,panpirin,4,tylenol,0.42337480187416077
2026-06-24T11:01:04.248948,C:\Users\이예은\A-EYE\test_images\train\panpirin\panpirin_68.jpg,panpirin,1,panpirin,0.9195330739021301
2026-06-24T11:01:04.248948,C:\Users\이예은\A-EYE\test_images\train\panpirin\panpirin_68.jpg,panpirin,2,festal,0.7358411550521851
2026-06-24T11:01:04.248948,C:\Users\이예은\A-EYE\test_images\train\panpirin\panpirin_68.jpg,panpirin,3,tylenol,0.6694416999816895
2026-06-24T11:01:04.248948,C:\Users\이예은\A-EYE\test_images\train\panpirin\panpirin_68.jpg,panpirin,4,eyedrop-single,0.6419020295143127
2026-06-24T11:01:04.248948,C:\Users\이예은\A-EYE\test_images\train\panpirin\panpirin_68.jpg,panpirin,5,eyedrop-multi,0.4079887568950653
2026-06-24T11:01:04.248948,C:\Users\이예은\A-EYE\test_images\train\panpirin\panpirin_68.jpg,panpirin,6,fusidin,0.30056440830230713
2026-06-24T11:01:14.399471,C:\Users\이예은\A-EYE\test_images\train\panpirin\panpirin_69.jpg,panpirin,1,panpirin,0.8819446563720703
2026-06-24T11:01:14.399471,C:\Users\이예은\A-EYE\test_images\train\panpirin\panpirin_69.jpg,panpirin,2,eyedrop-multi,0.7863500714302063
2026-06-24T11:01:14.399471,C:\Users\이예은\A-EYE\test_images\train\panpirin\panpirin_69.jpg,panpirin,3,festal,0.7617724537849426
2026-06-24T11:01:21.086701,C:\Users\이예은\A-EYE\test_images\train\panpirin\panpirin_70.jpg,panpirin,1,panpirin,0.9077736139297485
2026-06-24T11:01:21.086701,C:\Users\이예은\A-EYE\test_images\train\panpirin\panpirin_70.jpg,panpirin,2,festal,0.849090039730072
2026-06-24T11:01:27.842580,C:\Users\이예은\A-EYE\test_images\train\panpirin\panpirin_71.jpg,panpirin,1,panpirin,0.8573716878890991
2026-06-24T11:01:27.842580,C:\Users\이예은\A-EYE\test_images\train\panpirin\panpirin_71.jpg,panpirin,2,ezen6,0.704021692276001
2026-06-24T11:01:27.842580,C:\Users\이예은\A-EYE\test_images\train\panpirin\panpirin_71.jpg,panpirin,3,festal,0.6142920851707458
2026-06-24T11:01:27.842580,C:\Users\이예은\A-EYE\test_images\train\panpirin\panpirin_71.jpg,panpirin,4,tylenol,0.4011826813220978
2026-06-24T11:01:27.842580,C:\Users\이예은\A-EYE\test_images\train\panpirin\panpirin_71.jpg,panpirin,5,eyedrop-multi,0.32447347044944763
2026-06-24T11:01:39.332101,C:\Users\이예은\A-EYE\test_images\train\panpirin\panpirin_72.jpg,panpirin,1,panpirin,0.9121636152267456
2026-06-24T11:01:39.332101,C:\Users\이예은\A-EYE\test_images\train\panpirin\panpirin_72.jpg,panpirin,2,festal,0.8707860112190247
2026-06-24T11:01:39.332101,C:\Users\이예은\A-EYE\test_images\train\panpirin\panpirin_72.jpg,panpirin,3,geborin,0.41393139958381653
2026-06-24T11:01:51.355010,C:\Users\이예은\A-EYE\test_images\train\patch\patch_01.jpg,patch,1,patch,0.8897624015808105
2026-06-24T11:01:51.355010,C:\Users\이예은\A-EYE\test_images\train\patch\patch_01.jpg,patch,2,eyedrop-multi,0.8842640519142151
2026-06-24T11:01:51.355010,C:\Users\이예은\A-EYE\test_images\train\patch\patch_01.jpg,patch,3,festal,0.7757819890975952
2026-06-24T11:01:51.355010,C:\Users\이예은\A-EYE\test_images\train\patch\patch_01.jpg,patch,4,geborin,0.7526798844337463
2026-06-24T11:01:51.355010,C:\Users\이예은\A-EYE\test_images\train\patch\patch_01.jpg,patch,5,eyedrop-single,0.7385938167572021
2026-06-24T11:01:51.355010,C:\Users\이예은\A-EYE\test_images\train\patch\patch_01.jpg,patch,6,band,0.3238714635372162
2026-06-24T11:01:59.598620,C:\Users\이예은\A-EYE\test_images\train\patch\patch_03.jpg,patch,1,eyedrop-single,0.78963303565979
2026-06-24T11:01:59.598620,C:\Users\이예은\A-EYE\test_images\train\patch\patch_03.jpg,patch,2,festal,0.7851271033287048
2026-06-24T11:01:59.598620,C:\Users\이예은\A-EYE\test_images\train\patch\patch_03.jpg,patch,3,patch,0.7460861206054688
2026-06-24T11:01:59.598620,C:\Users\이예은\A-EYE\test_images\train\patch\patch_03.jpg,patch,4,panpirin,0.7074699997901917
2026-06-24T11:01:59.598620,C:\Users\이예은\A-EYE\test_images\train\patch\patch_03.jpg,patch,5,eyedrop-multi,0.4972846806049347
2026-06-24T11:01:59.598620,C:\Users\이예은\A-EYE\test_images\train\patch\patch_03.jpg,patch,6,geborin,0.2790677845478058
2026-06-24T11:02:10.284606,C:\Users\이예은\A-EYE\test_images\train\patch\patch_04.jpg,patch,1,patch,0.7518349885940552
2026-06-24T11:02:10.284606,C:\Users\이예은\A-EYE\test_images\train\patch\patch_04.jpg,patch,2,festal,0.6960402727127075
2026-06-24T11:02:10.284606,C:\Users\이예은\A-EYE\test_images\train\patch\patch_04.jpg,patch,3,tylenol,0.6059597730636597
2026-06-24T11:02:10.284606,C:\Users\이예은\A-EYE\test_images\train\patch\patch_04.jpg,patch,4,fusidin,0.5727300643920898
2026-06-24T11:02:10.284606,C:\Users\이예은\A-EYE\test_images\train\patch\patch_04.jpg,patch,5,eyedrop-multi,0.39417046308517456
2026-06-24T11:02:10.284606,C:\Users\이예은\A-EYE\test_images\train\patch\patch_04.jpg,patch,6,eyedrop-single,0.31333762407302856
2026-06-24T11:02:19.537153,C:\Users\이예은\A-EYE\test_images\train\patch\patch_05.jpg,patch,1,patch,0.8682529926300049
2026-06-24T11:02:19.537153,C:\Users\이예은\A-EYE\test_images\train\patch\patch_05.jpg,patch,2,eyedrop-multi,0.7865713238716125
2026-06-24T11:02:19.537153,C:\Users\이예은\A-EYE\test_images\train\patch\patch_05.jpg,patch,3,eyedrop-single,0.6779921054840088
2026-06-24T11:02:19.537153,C:\Users\이예은\A-EYE\test_images\train\patch\patch_05.jpg,patch,4,bearse,0.3321455717086792
2026-06-24T11:02:19.537153,C:\Users\이예은\A-EYE\test_images\train\patch\patch_05.jpg,patch,5,festal,0.32022878527641296
2026-06-24T11:02:19.537153,C:\Users\이예은\A-EYE\test_images\train\patch\patch_05.jpg,patch,6,band,0.29042214155197144
2026-06-24T11:02:28.398292,C:\Users\이예은\A-EYE\test_images\train\patch\patch_06.jpg,patch,1,patch,0.860602617263794
2026-06-24T11:02:28.398292,C:\Users\이예은\A-EYE\test_images\train\patch\patch_06.jpg,patch,2,eyedrop-single,0.7446196675300598
2026-06-24T11:02:28.398292,C:\Users\이예은\A-EYE\test_images\train\patch\patch_06.jpg,patch,3,geborin,0.6533493399620056
2026-06-24T11:02:28.398292,C:\Users\이예은\A-EYE\test_images\train\patch\patch_06.jpg,patch,4,eyedrop-multi,0.44744443893432617
2026-06-24T11:02:28.398292,C:\Users\이예은\A-EYE\test_images\train\patch\patch_06.jpg,patch,5,madecassol,0.2926487624645233
2026-06-24T11:02:38.313690,C:\Users\이예은\A-EYE\test_images\train\patch\patch_07.jpg,patch,1,patch,0.8125296235084534
2026-06-24T11:02:38.313690,C:\Users\이예은\A-EYE\test_images\train\patch\patch_07.jpg,patch,2,eyedrop-single,0.6231860518455505
2026-06-24T11:02:38.313690,C:\Users\이예은\A-EYE\test_images\train\patch\patch_07.jpg,patch,3,panpirin,0.5862740874290466
2026-06-24T11:02:38.313690,C:\Users\이예은\A-EYE\test_images\train\patch\patch_07.jpg,patch,4,tylenol,0.5242146849632263
2026-06-24T11:02:38.313690,C:\Users\이예은\A-EYE\test_images\train\patch\patch_07.jpg,patch,5,geborin,0.48695147037506104
2026-06-24T11:02:38.313690,C:\Users\이예은\A-EYE\test_images\train\patch\patch_07.jpg,patch,6,ezen6,0.41748592257499695
2026-06-24T11:02:38.313690,C:\Users\이예은\A-EYE\test_images\train\patch\patch_07.jpg,patch,7,eyedrop-multi,0.2661665678024292
2026-06-24T11:02:47.980197,C:\Users\이예은\A-EYE\test_images\train\patch\patch_08.jpg,patch,1,patch,0.8797178864479065
2026-06-24T11:02:47.980197,C:\Users\이예은\A-EYE\test_images\train\patch\patch_08.jpg,patch,2,eyedrop-single,0.7710598111152649
2026-06-24T11:02:47.980197,C:\Users\이예은\A-EYE\test_images\train\patch\patch_08.jpg,patch,3,eyedrop-multi,0.6075260639190674
2026-06-24T11:02:47.980197,C:\Users\이예은\A-EYE\test_images\train\patch\patch_08.jpg,patch,4,geborin,0.5796103477478027
2026-06-24T11:02:47.980197,C:\Users\이예은\A-EYE\test_images\train\patch\patch_08.jpg,patch,5,panpirin,0.35306766629219055
2026-06-24T11:02:47.980197,C:\Users\이예은\A-EYE\test_images\train\patch\patch_08.jpg,patch,6,festal,0.3260435461997986
2026-06-24T11:02:58.060635,C:\Users\이예은\A-EYE\test_images\train\patch\patch_10.jpg,patch,1,patch,0.8373022675514221
2026-06-24T11:02:58.070052,C:\Users\이예은\A-EYE\test_images\train\patch\patch_10.jpg,patch,2,eyedrop-multi,0.7784008383750916
2026-06-24T11:02:58.070052,C:\Users\이예은\A-EYE\test_images\train\patch\patch_10.jpg,patch,3,eyedrop-single,0.6359642148017883
2026-06-24T11:02:58.070052,C:\Users\이예은\A-EYE\test_images\train\patch\patch_10.jpg,patch,4,geborin,0.5607480406761169
2026-06-24T11:03:07.959688,C:\Users\이예은\A-EYE\test_images\train\patch\patch_11.jpg,patch,1,patch,0.8369080424308777
2026-06-24T11:03:07.959688,C:\Users\이예은\A-EYE\test_images\train\patch\patch_11.jpg,patch,2,eyedrop-multi,0.7250819802284241
2026-06-24T11:03:07.959688,C:\Users\이예은\A-EYE\test_images\train\patch\patch_11.jpg,patch,3,eyedrop-single,0.6751562356948853
2026-06-24T11:03:19.718900,C:\Users\이예은\A-EYE\test_images\train\patch\patch_12.jpg,patch,1,patch,0.882370114326477
2026-06-24T11:03:19.718900,C:\Users\이예은\A-EYE\test_images\train\patch\patch_12.jpg,patch,2,eyedrop-single,0.7781842350959778
2026-06-24T11:03:19.718900,C:\Users\이예은\A-EYE\test_images\train\patch\patch_12.jpg,patch,3,festal,0.7325336337089539
2026-06-24T11:03:19.718900,C:\Users\이예은\A-EYE\test_images\train\patch\patch_12.jpg,patch,4,geborin,0.577038586139679
2026-06-24T11:03:19.718900,C:\Users\이예은\A-EYE\test_images\train\patch\patch_12.jpg,patch,5,panpirin,0.3799888789653778
2026-06-24T11:03:30.531879,C:\Users\이예은\A-EYE\test_images\train\patch\patch_13.jpg,patch,1,eyedrop-multi,0.8370991945266724
2026-06-24T11:03:30.531879,C:\Users\이예은\A-EYE\test_images\train\patch\patch_13.jpg,patch,2,patch,0.8020861744880676
2026-06-24T11:03:30.531879,C:\Users\이예은\A-EYE\test_images\train\patch\patch_13.jpg,patch,3,eyedrop-single,0.7462990880012512
2026-06-24T11:03:30.531879,C:\Users\이예은\A-EYE\test_images\train\patch\patch_13.jpg,patch,4,geborin,0.7380238175392151
2026-06-24T11:03:30.531879,C:\Users\이예은\A-EYE\test_images\train\patch\patch_13.jpg,patch,5,tylenol,0.6049617528915405
2026-06-24T11:03:30.531879,C:\Users\이예은\A-EYE\test_images\train\patch\patch_13.jpg,patch,6,fusidin,0.5312364101409912
2026-06-24T11:03:40.559823,C:\Users\이예은\A-EYE\test_images\train\patch\patch_15.jpg,patch,1,patch,0.793604850769043
2026-06-24T11:03:40.559823,C:\Users\이예은\A-EYE\test_images\train\patch\patch_15.jpg,patch,2,ezen6,0.765838623046875
2026-06-24T11:03:40.559823,C:\Users\이예은\A-EYE\test_images\train\patch\patch_15.jpg,patch,3,eyedrop-multi,0.7294945120811462
2026-06-24T11:03:40.559823,C:\Users\이예은\A-EYE\test_images\train\patch\patch_15.jpg,patch,4,geborin,0.5952527523040771
2026-06-24T11:03:40.559823,C:\Users\이예은\A-EYE\test_images\train\patch\patch_15.jpg,patch,5,eyedrop-single,0.49845677614212036
2026-06-24T11:03:50.839568,C:\Users\이예은\A-EYE\test_images\train\patch\patch_16.jpg,patch,1,ezen6,0.8002042174339294
2026-06-24T11:03:50.839568,C:\Users\이예은\A-EYE\test_images\train\patch\patch_16.jpg,patch,2,patch,0.7969082593917847
2026-06-24T11:03:50.839568,C:\Users\이예은\A-EYE\test_images\train\patch\patch_16.jpg,patch,3,eyedrop-multi,0.7792139053344727
2026-06-24T11:03:50.839568,C:\Users\이예은\A-EYE\test_images\train\patch\patch_16.jpg,patch,4,eyedrop-single,0.5310794711112976
2026-06-24T11:03:50.839568,C:\Users\이예은\A-EYE\test_images\train\patch\patch_16.jpg,patch,5,festal,0.34828484058380127
2026-06-24T11:03:59.953213,C:\Users\이예은\A-EYE\test_images\train\patch\patch_17.jpg,patch,1,patch,0.8511559367179871
2026-06-24T11:03:59.953213,C:\Users\이예은\A-EYE\test_images\train\patch\patch_17.jpg,patch,2,eyedrop-single,0.7495030760765076
2026-06-24T11:03:59.953213,C:\Users\이예은\A-EYE\test_images\train\patch\patch_17.jpg,patch,3,festal,0.7213585376739502
2026-06-24T11:03:59.953213,C:\Users\이예은\A-EYE\test_images\train\patch\patch_17.jpg,patch,4,eyedrop-multi,0.6883929371833801
2026-06-24T11:03:59.953213,C:\Users\이예은\A-EYE\test_images\train\patch\patch_17.jpg,patch,5,band,0.3126220107078552
2026-06-24T11:04:08.242568,C:\Users\이예은\A-EYE\test_images\train\patch\patch_18.jpg,patch,1,patch,0.8096977472305298
2026-06-24T11:04:08.242568,C:\Users\이예은\A-EYE\test_images\train\patch\patch_18.jpg,patch,2,eyedrop-multi,0.7537328600883484
2026-06-24T11:04:08.242568,C:\Users\이예은\A-EYE\test_images\train\patch\patch_18.jpg,patch,3,festal,0.7403204441070557
2026-06-24T11:04:08.242568,C:\Users\이예은\A-EYE\test_images\train\patch\patch_18.jpg,patch,4,ezen6,0.4607837200164795
2026-06-24T11:04:08.242568,C:\Users\이예은\A-EYE\test_images\train\patch\patch_18.jpg,patch,5,eyedrop-single,0.3794064223766327
2026-06-24T11:04:16.765529,C:\Users\이예은\A-EYE\test_images\train\patch\patch_19.jpg,patch,1,patch,0.9310885667800903
2026-06-24T11:04:16.765529,C:\Users\이예은\A-EYE\test_images\train\patch\patch_19.jpg,patch,2,eyedrop-multi,0.8160141706466675
2026-06-24T11:04:16.765529,C:\Users\이예은\A-EYE\test_images\train\patch\patch_19.jpg,patch,3,eyedrop-single,0.761002779006958
2026-06-24T11:04:16.765529,C:\Users\이예은\A-EYE\test_images\train\patch\patch_19.jpg,patch,4,festal,0.5731873512268066
2026-06-24T11:04:25.360026,C:\Users\이예은\A-EYE\test_images\train\patch\patch_21.jpg,patch,1,patch,0.8878074884414673
2026-06-24T11:04:25.360026,C:\Users\이예은\A-EYE\test_images\train\patch\patch_21.jpg,patch,2,festal,0.6909564733505249
2026-06-24T11:04:25.360026,C:\Users\이예은\A-EYE\test_images\train\patch\patch_21.jpg,patch,3,eyedrop-single,0.606408417224884
2026-06-24T11:04:25.360026,C:\Users\이예은\A-EYE\test_images\train\patch\patch_21.jpg,patch,4,eyedrop-multi,0.3831145167350769
2026-06-24T11:04:25.360026,C:\Users\이예은\A-EYE\test_images\train\patch\patch_21.jpg,patch,5,geborin,0.3789301812648773
2026-06-24T11:04:33.785639,C:\Users\이예은\A-EYE\test_images\train\patch\patch_22.jpg,patch,1,patch,0.8338943123817444
2026-06-24T11:04:33.785639,C:\Users\이예은\A-EYE\test_images\train\patch\patch_22.jpg,patch,2,eyedrop-multi,0.7253708839416504
2026-06-24T11:04:33.785639,C:\Users\이예은\A-EYE\test_images\train\patch\patch_22.jpg,patch,3,eyedrop-single,0.6836441159248352
2026-06-24T11:04:33.785639,C:\Users\이예은\A-EYE\test_images\train\patch\patch_22.jpg,patch,4,geborin,0.5522133708000183
2026-06-24T11:04:33.785639,C:\Users\이예은\A-EYE\test_images\train\patch\patch_22.jpg,patch,5,ezen6,0.46457427740097046
2026-06-24T11:04:42.559243,C:\Users\이예은\A-EYE\test_images\train\patch\patch_24.jpg,patch,1,patch,0.7674195766448975
2026-06-24T11:04:42.559243,C:\Users\이예은\A-EYE\test_images\train\patch\patch_24.jpg,patch,2,eyedrop-single,0.762582540512085
2026-06-24T11:04:42.559243,C:\Users\이예은\A-EYE\test_images\train\patch\patch_24.jpg,patch,3,eyedrop-multi,0.5221800208091736
2026-06-24T11:04:52.192498,C:\Users\이예은\A-EYE\test_images\train\patch\patch_25.jpg,patch,1,patch,0.8493741750717163
2026-06-24T11:04:52.192498,C:\Users\이예은\A-EYE\test_images\train\patch\patch_25.jpg,patch,2,festal,0.5014798045158386
2026-06-24T11:04:52.192498,C:\Users\이예은\A-EYE\test_images\train\patch\patch_25.jpg,patch,3,eyedrop-multi,0.4286901354789734
2026-06-24T11:04:52.192498,C:\Users\이예은\A-EYE\test_images\train\patch\patch_25.jpg,patch,4,eyedrop-single,0.38168200850486755
2026-06-24T11:04:52.192498,C:\Users\이예은\A-EYE\test_images\train\patch\patch_25.jpg,patch,5,bearse,0.34045228362083435
2026-06-24T11:04:52.192498,C:\Users\이예은\A-EYE\test_images\train\patch\patch_25.jpg,patch,6,fusidin,0.27244681119918823
2026-06-24T11:05:02.896291,C:\Users\이예은\A-EYE\test_images\train\patch\patch_26.jpg,patch,1,patch,0.8237003684043884
2026-06-24T11:05:02.896291,C:\Users\이예은\A-EYE\test_images\train\patch\patch_26.jpg,patch,2,festal,0.762090265750885
2026-06-24T11:05:02.896291,C:\Users\이예은\A-EYE\test_images\train\patch\patch_26.jpg,patch,3,eyedrop-single,0.6692146062850952
2026-06-24T11:05:02.896291,C:\Users\이예은\A-EYE\test_images\train\patch\patch_26.jpg,patch,4,geborin,0.637508749961853
2026-06-24T11:05:14.296104,C:\Users\이예은\A-EYE\test_images\train\patch\patch_27.jpg,patch,1,patch,0.8954330086708069
2026-06-24T11:05:14.296104,C:\Users\이예은\A-EYE\test_images\train\patch\patch_27.jpg,patch,2,geborin,0.8116440176963806
2026-06-24T11:05:14.296104,C:\Users\이예은\A-EYE\test_images\train\patch\patch_27.jpg,patch,3,panpirin,0.7260582447052002
2026-06-24T11:05:14.296104,C:\Users\이예은\A-EYE\test_images\train\patch\patch_27.jpg,patch,4,eyedrop-single,0.7187973856925964
2026-06-24T11:05:14.296104,C:\Users\이예은\A-EYE\test_images\train\patch\patch_27.jpg,patch,5,festal,0.5830382704734802
2026-06-24T11:05:14.296104,C:\Users\이예은\A-EYE\test_images\train\patch\patch_27.jpg,patch,6,eyedrop-multi,0.5603407621383667
2026-06-24T11:05:14.296104,C:\Users\이예은\A-EYE\test_images\train\patch\patch_27.jpg,patch,7,ezen6,0.33426475524902344
2026-06-24T11:05:14.296104,C:\Users\이예은\A-EYE\test_images\train\patch\patch_27.jpg,patch,8,pancol,0.3079846501350403
2026-06-24T11:05:25.543514,C:\Users\이예은\A-EYE\test_images\train\patch\patch_28.jpg,patch,1,geborin,0.781207799911499
2026-06-24T11:05:25.543514,C:\Users\이예은\A-EYE\test_images\train\patch\patch_28.jpg,patch,2,patch,0.7391889691352844
2026-06-24T11:05:25.543514,C:\Users\이예은\A-EYE\test_images\train\patch\patch_28.jpg,patch,3,eyedrop-multi,0.5493677258491516
2026-06-24T11:05:25.543514,C:\Users\이예은\A-EYE\test_images\train\patch\patch_28.jpg,patch,4,eyedrop-single,0.5354039669036865
2026-06-24T11:05:36.646101,C:\Users\이예은\A-EYE\test_images\train\patch\patch_29.jpg,patch,1,eyedrop-single,0.8321018218994141
2026-06-24T11:05:36.646101,C:\Users\이예은\A-EYE\test_images\train\patch\patch_29.jpg,patch,2,patch,0.7335085272789001
2026-06-24T11:05:36.646101,C:\Users\이예은\A-EYE\test_images\train\patch\patch_29.jpg,patch,3,tylenol,0.4924820363521576
2026-06-24T11:05:36.646101,C:\Users\이예은\A-EYE\test_images\train\patch\patch_29.jpg,patch,4,eyedrop-multi,0.27581727504730225
2026-06-24T11:05:45.480824,C:\Users\이예은\A-EYE\test_images\train\patch\patch_30.jpg,patch,1,patch,0.8876799941062927
2026-06-24T11:05:45.480824,C:\Users\이예은\A-EYE\test_images\train\patch\patch_30.jpg,patch,2,eyedrop-single,0.8813416361808777
2026-06-24T11:05:45.480824,C:\Users\이예은\A-EYE\test_images\train\patch\patch_30.jpg,patch,3,eyedrop-multi,0.8349933624267578
2026-06-24T11:05:45.480824,C:\Users\이예은\A-EYE\test_images\train\patch\patch_30.jpg,patch,4,festal,0.7348023653030396
2026-06-24T11:05:45.480824,C:\Users\이예은\A-EYE\test_images\train\patch\patch_30.jpg,patch,5,panpirin,0.5828885436058044
2026-06-24T11:05:45.480824,C:\Users\이예은\A-EYE\test_images\train\patch\patch_30.jpg,patch,6,geborin,0.511941134929657
2026-06-24T11:05:45.480824,C:\Users\이예은\A-EYE\test_images\train\patch\patch_30.jpg,patch,7,ezen6,0.35625210404396057
2026-06-24T11:05:53.558916,C:\Users\이예은\A-EYE\test_images\train\patch\patch_31.jpg,patch,1,patch,0.890068769454956
2026-06-24T11:05:53.558916,C:\Users\이예은\A-EYE\test_images\train\patch\patch_31.jpg,patch,2,eyedrop-multi,0.8510913848876953
2026-06-24T11:05:53.558916,C:\Users\이예은\A-EYE\test_images\train\patch\patch_31.jpg,patch,3,eyedrop-single,0.8190876841545105
2026-06-24T11:05:53.558916,C:\Users\이예은\A-EYE\test_images\train\patch\patch_31.jpg,patch,4,festal,0.6201991438865662
2026-06-24T11:05:53.558916,C:\Users\이예은\A-EYE\test_images\train\patch\patch_31.jpg,patch,5,geborin,0.4392246603965759
2026-06-24T11:06:02.539571,C:\Users\이예은\A-EYE\test_images\train\patch\patch_32.jpg,patch,1,eyedrop-single,0.8405552506446838
2026-06-24T11:06:02.539571,C:\Users\이예은\A-EYE\test_images\train\patch\patch_32.jpg,patch,2,patch,0.7272043228149414
2026-06-24T11:06:02.539571,C:\Users\이예은\A-EYE\test_images\train\patch\patch_32.jpg,patch,3,eyedrop-multi,0.6037762761116028
2026-06-24T11:06:02.539571,C:\Users\이예은\A-EYE\test_images\train\patch\patch_32.jpg,patch,4,panpirin,0.4891544282436371
2026-06-24T11:06:02.539571,C:\Users\이예은\A-EYE\test_images\train\patch\patch_32.jpg,patch,5,ezen6,0.2977674603462219
2026-06-24T11:06:12.705846,C:\Users\이예은\A-EYE\test_images\train\patch\patch_33.jpg,patch,1,patch,0.9430526494979858
2026-06-24T11:06:12.705846,C:\Users\이예은\A-EYE\test_images\train\patch\patch_33.jpg,patch,2,eyedrop-multi,0.7814396023750305
2026-06-24T11:06:12.705846,C:\Users\이예은\A-EYE\test_images\train\patch\patch_33.jpg,patch,3,eyedrop-single,0.7448331117630005
2026-06-24T11:06:12.705846,C:\Users\이예은\A-EYE\test_images\train\patch\patch_33.jpg,patch,4,ezen6,0.7280036807060242
2026-06-24T11:06:12.705846,C:\Users\이예은\A-EYE\test_images\train\patch\patch_33.jpg,patch,5,festal,0.6124902963638306
2026-06-24T11:06:12.705846,C:\Users\이예은\A-EYE\test_images\train\patch\patch_33.jpg,patch,6,panpirin,0.530535876750946
2026-06-24T11:06:21.764397,C:\Users\이예은\A-EYE\test_images\train\patch\patch_34.jpg,patch,1,patch,0.8762614727020264
2026-06-24T11:06:21.764397,C:\Users\이예은\A-EYE\test_images\train\patch\patch_34.jpg,patch,2,eyedrop-multi,0.8524189591407776
2026-06-24T11:06:21.764397,C:\Users\이예은\A-EYE\test_images\train\patch\patch_34.jpg,patch,3,eyedrop-single,0.6618841290473938
2026-06-24T11:06:21.764397,C:\Users\이예은\A-EYE\test_images\train\patch\patch_34.jpg,patch,4,geborin,0.6460570096969604
2026-06-24T11:06:30.549544,C:\Users\이예은\A-EYE\test_images\train\patch\patch_35.jpg,patch,1,patch,0.8768426179885864
2026-06-24T11:06:30.549544,C:\Users\이예은\A-EYE\test_images\train\patch\patch_35.jpg,patch,2,eyedrop-multi,0.8218126893043518
2026-06-24T11:06:30.549544,C:\Users\이예은\A-EYE\test_images\train\patch\patch_35.jpg,patch,3,geborin,0.718002438545227
2026-06-24T11:06:30.549544,C:\Users\이예은\A-EYE\test_images\train\patch\patch_35.jpg,patch,4,eyedrop-single,0.6981036067008972
2026-06-24T11:06:39.314509,C:\Users\이예은\A-EYE\test_images\train\patch\patch_36.jpg,patch,1,patch,0.8853181600570679
2026-06-24T11:06:39.314509,C:\Users\이예은\A-EYE\test_images\train\patch\patch_36.jpg,patch,2,eyedrop-single,0.7837494015693665
2026-06-24T11:06:39.314509,C:\Users\이예은\A-EYE\test_images\train\patch\patch_36.jpg,patch,3,geborin,0.77613365650177
2026-06-24T11:06:39.314509,C:\Users\이예은\A-EYE\test_images\train\patch\patch_36.jpg,patch,4,eyedrop-multi,0.7592630982398987
2026-06-24T11:06:39.314509,C:\Users\이예은\A-EYE\test_images\train\patch\patch_36.jpg,patch,5,panpirin,0.28530192375183105
2026-06-24T11:06:48.203989,C:\Users\이예은\A-EYE\test_images\train\patch\patch_37.jpg,patch,1,patch,0.8905720710754395
2026-06-24T11:06:48.203989,C:\Users\이예은\A-EYE\test_images\train\patch\patch_37.jpg,patch,2,eyedrop-single,0.7837569117546082
2026-06-24T11:06:48.203989,C:\Users\이예은\A-EYE\test_images\train\patch\patch_37.jpg,patch,3,festal,0.7785931825637817
2026-06-24T11:06:48.203989,C:\Users\이예은\A-EYE\test_images\train\patch\patch_37.jpg,patch,4,geborin,0.7738617062568665
2026-06-24T11:06:48.203989,C:\Users\이예은\A-EYE\test_images\train\patch\patch_37.jpg,patch,5,panpirin,0.4312654435634613
2026-06-24T11:06:48.203989,C:\Users\이예은\A-EYE\test_images\train\patch\patch_37.jpg,patch,6,eyedrop-multi,0.27955731749534607
2026-06-24T11:06:58.106397,C:\Users\이예은\A-EYE\test_images\train\patch\patch_38.jpg,patch,1,patch,0.8934448957443237
2026-06-24T11:06:58.106397,C:\Users\이예은\A-EYE\test_images\train\patch\patch_38.jpg,patch,2,geborin,0.7982017397880554
2026-06-24T11:06:58.106397,C:\Users\이예은\A-EYE\test_images\train\patch\patch_38.jpg,patch,3,eyedrop-single,0.7142145037651062
2026-06-24T11:06:58.106397,C:\Users\이예은\A-EYE\test_images\train\patch\patch_38.jpg,patch,4,festal,0.6360493302345276
2026-06-24T11:06:58.106397,C:\Users\이예은\A-EYE\test_images\train\patch\patch_38.jpg,patch,5,panpirin,0.49106547236442566
2026-06-24T11:06:58.106397,C:\Users\이예은\A-EYE\test_images\train\patch\patch_38.jpg,patch,6,eyedrop-multi,0.29822424054145813
2026-06-24T11:07:08.119235,C:\Users\이예은\A-EYE\test_images\train\patch\patch_39.jpg,patch,1,patch,0.8430861830711365
2026-06-24T11:07:08.119900,C:\Users\이예은\A-EYE\test_images\train\patch\patch_39.jpg,patch,2,eyedrop-single,0.6680874228477478
2026-06-24T11:07:08.119900,C:\Users\이예은\A-EYE\test_images\train\patch\patch_39.jpg,patch,3,eyedrop-multi,0.6612818837165833
2026-06-24T11:07:08.119900,C:\Users\이예은\A-EYE\test_images\train\patch\patch_39.jpg,patch,4,festal,0.6070643067359924
2026-06-24T11:07:08.119900,C:\Users\이예은\A-EYE\test_images\train\patch\patch_39.jpg,patch,5,panpirin,0.5578991770744324
2026-06-24T11:07:18.429204,C:\Users\이예은\A-EYE\test_images\train\patch\patch_40.jpg,patch,1,patch,0.8485046625137329
2026-06-24T11:07:18.429204,C:\Users\이예은\A-EYE\test_images\train\patch\patch_40.jpg,patch,2,eyedrop-single,0.6989302635192871
2026-06-24T11:07:18.429204,C:\Users\이예은\A-EYE\test_images\train\patch\patch_40.jpg,patch,3,fusidin,0.6753815412521362
2026-06-24T11:07:18.429204,C:\Users\이예은\A-EYE\test_images\train\patch\patch_40.jpg,patch,4,eyedrop-multi,0.5965908765792847
2026-06-24T11:07:18.429204,C:\Users\이예은\A-EYE\test_images\train\patch\patch_40.jpg,patch,5,geborin,0.5295004844665527
2026-06-24T11:07:28.859168,C:\Users\이예은\A-EYE\test_images\train\patch\patch_41.jpg,patch,1,patch,0.8673132658004761
2026-06-24T11:07:28.859168,C:\Users\이예은\A-EYE\test_images\train\patch\patch_41.jpg,patch,2,eyedrop-single,0.7187050580978394
2026-06-24T11:07:28.859168,C:\Users\이예은\A-EYE\test_images\train\patch\patch_41.jpg,patch,3,geborin,0.710495114326477
2026-06-24T11:07:28.859168,C:\Users\이예은\A-EYE\test_images\train\patch\patch_41.jpg,patch,4,eyedrop-multi,0.6361057162284851
2026-06-24T11:07:28.859168,C:\Users\이예은\A-EYE\test_images\train\patch\patch_41.jpg,patch,5,festal,0.5607179403305054
2026-06-24T11:07:28.859168,C:\Users\이예은\A-EYE\test_images\train\patch\patch_41.jpg,patch,6,bearse,0.5441415905952454
2026-06-24T11:07:40.237367,C:\Users\이예은\A-EYE\test_images\train\patch\patch_42.jpg,patch,1,patch,0.8734863996505737
2026-06-24T11:07:40.237367,C:\Users\이예은\A-EYE\test_images\train\patch\patch_42.jpg,patch,2,eyedrop-multi,0.7890570759773254
2026-06-24T11:07:40.237367,C:\Users\이예은\A-EYE\test_images\train\patch\patch_42.jpg,patch,3,geborin,0.7408486008644104
2026-06-24T11:07:40.237367,C:\Users\이예은\A-EYE\test_images\train\patch\patch_42.jpg,patch,4,eyedrop-single,0.7331892848014832
2026-06-24T11:07:51.104901,C:\Users\이예은\A-EYE\test_images\train\patch\patch_43.jpg,patch,1,patch,0.8697149753570557
2026-06-24T11:07:51.104901,C:\Users\이예은\A-EYE\test_images\train\patch\patch_43.jpg,patch,2,eyedrop-multi,0.7013880610466003
2026-06-24T11:07:51.104901,C:\Users\이예은\A-EYE\test_images\train\patch\patch_43.jpg,patch,3,eyedrop-single,0.6744059324264526
2026-06-24T11:07:51.104901,C:\Users\이예은\A-EYE\test_images\train\patch\patch_43.jpg,patch,4,geborin,0.49714264273643494
2026-06-24T11:08:02.213380,C:\Users\이예은\A-EYE\test_images\train\patch\patch_46.jpg,patch,1,patch,0.8698062300682068
2026-06-24T11:08:02.213380,C:\Users\이예은\A-EYE\test_images\train\patch\patch_46.jpg,patch,2,eyedrop-multi,0.7162317633628845
2026-06-24T11:08:02.213380,C:\Users\이예은\A-EYE\test_images\train\patch\patch_46.jpg,patch,3,festal,0.714130163192749
2026-06-24T11:08:02.213380,C:\Users\이예은\A-EYE\test_images\train\patch\patch_46.jpg,patch,4,eyedrop-single,0.6963082551956177
2026-06-24T11:08:02.213380,C:\Users\이예은\A-EYE\test_images\train\patch\patch_46.jpg,patch,5,geborin,0.5882702469825745
2026-06-24T11:08:12.785070,C:\Users\이예은\A-EYE\test_images\train\patch\patch_49.jpg,patch,1,patch,0.8633989691734314
2026-06-24T11:08:12.785070,C:\Users\이예은\A-EYE\test_images\train\patch\patch_49.jpg,patch,2,eyedrop-multi,0.7954080700874329
2026-06-24T11:08:12.785070,C:\Users\이예은\A-EYE\test_images\train\patch\patch_49.jpg,patch,3,eyedrop-single,0.7492108345031738
2026-06-24T11:08:12.785070,C:\Users\이예은\A-EYE\test_images\train\patch\patch_49.jpg,patch,4,geborin,0.4822440445423126
2026-06-24T11:08:22.065194,C:\Users\이예은\A-EYE\test_images\train\patch\patch_50.jpg,patch,1,patch,0.8791072964668274
2026-06-24T11:08:22.065194,C:\Users\이예은\A-EYE\test_images\train\patch\patch_50.jpg,patch,2,eyedrop-multi,0.7799645066261292
2026-06-24T11:08:22.065194,C:\Users\이예은\A-EYE\test_images\train\patch\patch_50.jpg,patch,3,eyedrop-single,0.7097892165184021
2026-06-24T11:08:22.065194,C:\Users\이예은\A-EYE\test_images\train\patch\patch_50.jpg,patch,4,geborin,0.5160652995109558
2026-06-24T11:08:30.755741,C:\Users\이예은\A-EYE\test_images\train\patch\patch_51.jpg,patch,1,patch,0.9001786112785339
2026-06-24T11:08:30.755741,C:\Users\이예은\A-EYE\test_images\train\patch\patch_51.jpg,patch,2,festal,0.8255233764648438
2026-06-24T11:08:30.755741,C:\Users\이예은\A-EYE\test_images\train\patch\patch_51.jpg,patch,3,eyedrop-single,0.7837720513343811
2026-06-24T11:08:30.755741,C:\Users\이예은\A-EYE\test_images\train\patch\patch_51.jpg,patch,4,geborin,0.7527152895927429
2026-06-24T11:08:30.755741,C:\Users\이예은\A-EYE\test_images\train\patch\patch_51.jpg,patch,5,panpirin,0.5508716106414795
2026-06-24T11:08:39.940841,C:\Users\이예은\A-EYE\test_images\train\patch\patch_52.jpg,patch,1,patch,0.840156078338623
2026-06-24T11:08:39.940841,C:\Users\이예은\A-EYE\test_images\train\patch\patch_52.jpg,patch,2,eyedrop-multi,0.6585239171981812
2026-06-24T11:08:39.940841,C:\Users\이예은\A-EYE\test_images\train\patch\patch_52.jpg,patch,3,geborin,0.5999991297721863
2026-06-24T11:08:39.940841,C:\Users\이예은\A-EYE\test_images\train\patch\patch_52.jpg,patch,4,festal,0.526660680770874
2026-06-24T11:08:39.940841,C:\Users\이예은\A-EYE\test_images\train\patch\patch_52.jpg,patch,5,eyedrop-single,0.4416627883911133
2026-06-24T11:08:49.715031,C:\Users\이예은\A-EYE\test_images\train\patch\patch_53.jpg,patch,1,patch,0.8946684002876282
2026-06-24T11:08:49.715031,C:\Users\이예은\A-EYE\test_images\train\patch\patch_53.jpg,patch,2,eyedrop-single,0.7903631925582886
2026-06-24T11:08:49.715031,C:\Users\이예은\A-EYE\test_images\train\patch\patch_53.jpg,patch,3,geborin,0.7791048884391785
2026-06-24T11:08:49.715031,C:\Users\이예은\A-EYE\test_images\train\patch\patch_53.jpg,patch,4,festal,0.7720611691474915
2026-06-24T11:08:49.715031,C:\Users\이예은\A-EYE\test_images\train\patch\patch_53.jpg,patch,5,eyedrop-multi,0.5694068670272827
2026-06-24T11:08:49.715031,C:\Users\이예은\A-EYE\test_images\train\patch\patch_53.jpg,patch,6,panpirin,0.5610390305519104
2026-06-24T11:08:59.772815,C:\Users\이예은\A-EYE\test_images\train\patch\patch_57.jpg,patch,1,patch,0.8280048370361328
2026-06-24T11:08:59.772815,C:\Users\이예은\A-EYE\test_images\train\patch\patch_57.jpg,patch,2,festal,0.7813699245452881
2026-06-24T11:08:59.772815,C:\Users\이예은\A-EYE\test_images\train\patch\patch_57.jpg,patch,3,panpirin,0.6264019012451172
2026-06-24T11:08:59.772815,C:\Users\이예은\A-EYE\test_images\train\patch\patch_57.jpg,patch,4,eyedrop-single,0.5841034054756165
2026-06-24T11:08:59.772815,C:\Users\이예은\A-EYE\test_images\train\patch\patch_57.jpg,patch,5,eyedrop-multi,0.5450531840324402
2026-06-24T11:08:59.772815,C:\Users\이예은\A-EYE\test_images\train\patch\patch_57.jpg,patch,6,fusidin,0.304511159658432
2026-06-24T11:08:59.772815,C:\Users\이예은\A-EYE\test_images\train\patch\patch_57.jpg,patch,7,geborin,0.2616147994995117
2026-06-24T11:09:10.291812,C:\Users\이예은\A-EYE\test_images\train\patch\patch_58.jpg,patch,1,patch,0.8429572582244873
2026-06-24T11:09:10.291812,C:\Users\이예은\A-EYE\test_images\train\patch\patch_58.jpg,patch,2,eyedrop-multi,0.7899829745292664
2026-06-24T11:09:10.291812,C:\Users\이예은\A-EYE\test_images\train\patch\patch_58.jpg,patch,3,festal,0.7800281047821045
2026-06-24T11:09:10.291812,C:\Users\이예은\A-EYE\test_images\train\patch\patch_58.jpg,patch,4,eyedrop-single,0.729119598865509
2026-06-24T11:09:10.291812,C:\Users\이예은\A-EYE\test_images\train\patch\patch_58.jpg,patch,5,fusidin,0.514372706413269
2026-06-24T11:09:10.291812,C:\Users\이예은\A-EYE\test_images\train\patch\patch_58.jpg,patch,6,panpirin,0.4711294174194336
2026-06-24T11:09:10.291812,C:\Users\이예은\A-EYE\test_images\train\patch\patch_58.jpg,patch,7,geborin,0.2750664949417114
2026-06-24T11:09:21.620929,C:\Users\이예은\A-EYE\test_images\train\patch\patch_60.jpg,patch,1,patch,0.8641024231910706
2026-06-24T11:09:21.620929,C:\Users\이예은\A-EYE\test_images\train\patch\patch_60.jpg,patch,2,festal,0.8465233445167542
2026-06-24T11:09:21.620929,C:\Users\이예은\A-EYE\test_images\train\patch\patch_60.jpg,patch,3,geborin,0.7453200817108154
2026-06-24T11:09:21.620929,C:\Users\이예은\A-EYE\test_images\train\patch\patch_60.jpg,patch,4,eyedrop-single,0.7443159818649292
2026-06-24T11:09:21.620929,C:\Users\이예은\A-EYE\test_images\train\patch\patch_60.jpg,patch,5,panpirin,0.46287471055984497
2026-06-24T11:09:21.620929,C:\Users\이예은\A-EYE\test_images\train\patch\patch_60.jpg,patch,6,eyedrop-multi,0.38684290647506714
2026-06-24T11:09:32.842876,C:\Users\이예은\A-EYE\test_images\train\patch\patch_61.jpg,patch,1,patch,0.8814060091972351
2026-06-24T11:09:32.842876,C:\Users\이예은\A-EYE\test_images\train\patch\patch_61.jpg,patch,2,eyedrop-multi,0.8055097460746765
2026-06-24T11:09:32.842876,C:\Users\이예은\A-EYE\test_images\train\patch\patch_61.jpg,patch,3,geborin,0.7053942084312439
2026-06-24T11:09:32.842876,C:\Users\이예은\A-EYE\test_images\train\patch\patch_61.jpg,patch,4,eyedrop-single,0.6747776865959167
2026-06-24T11:09:43.979723,C:\Users\이예은\A-EYE\test_images\train\patch\patch_62.jpg,patch,1,eyedrop-multi,0.8141065835952759
2026-06-24T11:09:43.979723,C:\Users\이예은\A-EYE\test_images\train\patch\patch_62.jpg,patch,2,patch,0.7490007877349854
2026-06-24T11:09:43.979723,C:\Users\이예은\A-EYE\test_images\train\patch\patch_62.jpg,patch,3,eyedrop-single,0.7370137572288513
2026-06-24T11:09:43.979723,C:\Users\이예은\A-EYE\test_images\train\patch\patch_62.jpg,patch,4,ezen6,0.6325519680976868
2026-06-24T11:09:43.979723,C:\Users\이예은\A-EYE\test_images\train\patch\patch_62.jpg,patch,5,festal,0.33827319741249084
2026-06-24T11:09:54.510161,C:\Users\이예은\A-EYE\test_images\train\patch\patch_64.jpg,patch,1,patch,0.9137635231018066
2026-06-24T11:09:54.510161,C:\Users\이예은\A-EYE\test_images\train\patch\patch_64.jpg,patch,2,eyedrop-multi,0.8155737519264221
2026-06-24T11:09:54.510161,C:\Users\이예은\A-EYE\test_images\train\patch\patch_64.jpg,patch,3,eyedrop-single,0.7461788058280945
2026-06-24T11:09:54.510161,C:\Users\이예은\A-EYE\test_images\train\patch\patch_64.jpg,patch,4,geborin,0.674514651298523
2026-06-24T11:09:54.510161,C:\Users\이예은\A-EYE\test_images\train\patch\patch_64.jpg,patch,5,ezen6,0.4725240468978882
2026-06-24T11:09:54.510161,C:\Users\이예은\A-EYE\test_images\train\patch\patch_64.jpg,patch,6,festal,0.45723703503608704
2026-06-24T11:09:54.510161,C:\Users\이예은\A-EYE\test_images\train\patch\patch_64.jpg,patch,7,panpirin,0.2587995231151581
2026-06-24T11:10:03.682713,C:\Users\이예은\A-EYE\test_images\train\patch\patch_66.jpg,patch,1,patch,0.8645730018615723
2026-06-24T11:10:03.682713,C:\Users\이예은\A-EYE\test_images\train\patch\patch_66.jpg,patch,2,geborin,0.730930745601654
2026-06-24T11:10:03.682713,C:\Users\이예은\A-EYE\test_images\train\patch\patch_66.jpg,patch,3,eyedrop-multi,0.7133533358573914
2026-06-24T11:10:03.682713,C:\Users\이예은\A-EYE\test_images\train\patch\patch_66.jpg,patch,4,eyedrop-single,0.6739748120307922
2026-06-24T11:10:12.787208,C:\Users\이예은\A-EYE\test_images\train\patch\patch_68.jpg,patch,1,patch,0.8760948181152344
2026-06-24T11:10:12.787208,C:\Users\이예은\A-EYE\test_images\train\patch\patch_68.jpg,patch,2,geborin,0.7757335901260376
2026-06-24T11:10:12.787208,C:\Users\이예은\A-EYE\test_images\train\patch\patch_68.jpg,patch,3,panpirin,0.5677002668380737
2026-06-24T11:10:12.787208,C:\Users\이예은\A-EYE\test_images\train\patch\patch_68.jpg,patch,4,eyedrop-single,0.41407230496406555
2026-06-24T11:10:12.787208,C:\Users\이예은\A-EYE\test_images\train\patch\patch_68.jpg,patch,5,eyedrop-multi,0.3802042603492737
2026-06-24T11:10:12.787208,C:\Users\이예은\A-EYE\test_images\train\patch\patch_68.jpg,patch,6,festal,0.31431981921195984
2026-06-24T11:10:22.854555,C:\Users\이예은\A-EYE\test_images\train\patch\patch_70.jpg,patch,1,patch,0.8818758130073547
2026-06-24T11:10:22.854555,C:\Users\이예은\A-EYE\test_images\train\patch\patch_70.jpg,patch,2,eyedrop-multi,0.8575121164321899
2026-06-24T11:10:22.854555,C:\Users\이예은\A-EYE\test_images\train\patch\patch_70.jpg,patch,3,eyedrop-single,0.7873407006263733
2026-06-24T11:10:22.854555,C:\Users\이예은\A-EYE\test_images\train\patch\patch_70.jpg,patch,4,geborin,0.6434755325317383
2026-06-24T11:10:32.460404,C:\Users\이예은\A-EYE\test_images\train\patch\patch_71.jpg,patch,1,patch,0.9193745851516724
2026-06-24T11:10:32.460404,C:\Users\이예은\A-EYE\test_images\train\patch\patch_71.jpg,patch,2,eyedrop-multi,0.7324019074440002
2026-06-24T11:10:32.460404,C:\Users\이예은\A-EYE\test_images\train\patch\patch_71.jpg,patch,3,eyedrop-single,0.6892789006233215
2026-06-24T11:10:32.460404,C:\Users\이예은\A-EYE\test_images\train\patch\patch_71.jpg,patch,4,panpirin,0.6463689804077148
2026-06-24T11:10:32.460404,C:\Users\이예은\A-EYE\test_images\train\patch\patch_71.jpg,patch,5,ezen6,0.5550118684768677
2026-06-24T11:10:32.460404,C:\Users\이예은\A-EYE\test_images\train\patch\patch_71.jpg,patch,6,geborin,0.40767672657966614
2026-06-24T11:10:42.517032,C:\Users\이예은\A-EYE\test_images\train\patch\patch_72.jpg,patch,1,patch,0.8781782388687134
2026-06-24T11:10:42.517032,C:\Users\이예은\A-EYE\test_images\train\patch\patch_72.jpg,patch,2,eyedrop-single,0.7865829467773438
2026-06-24T11:10:42.517032,C:\Users\이예은\A-EYE\test_images\train\patch\patch_72.jpg,patch,3,panpirin,0.7598101496696472
2026-06-24T11:10:42.517032,C:\Users\이예은\A-EYE\test_images\train\patch\patch_72.jpg,patch,4,eyedrop-multi,0.7188006639480591
2026-06-24T11:10:42.517032,C:\Users\이예은\A-EYE\test_images\train\patch\patch_72.jpg,patch,5,geborin,0.710223376750946
2026-06-24T11:10:42.517032,C:\Users\이예은\A-EYE\test_images\train\patch\patch_72.jpg,patch,6,festal,0.6545354127883911
2026-06-24T11:10:53.046838,C:\Users\이예은\A-EYE\test_images\train\patch\patch_73.jpg,patch,1,patch,0.8690438270568848
2026-06-24T11:10:53.046838,C:\Users\이예은\A-EYE\test_images\train\patch\patch_73.jpg,patch,2,eyedrop-multi,0.8364689946174622
2026-06-24T11:10:53.046838,C:\Users\이예은\A-EYE\test_images\train\patch\patch_73.jpg,patch,3,eyedrop-single,0.8006874918937683
2026-06-24T11:10:53.046838,C:\Users\이예은\A-EYE\test_images\train\patch\patch_73.jpg,patch,4,geborin,0.6651725172996521
2026-06-24T11:11:03.952743,C:\Users\이예은\A-EYE\test_images\train\patch\patch_74.jpg,patch,1,patch,0.8623926639556885
2026-06-24T11:11:03.952743,C:\Users\이예은\A-EYE\test_images\train\patch\patch_74.jpg,patch,2,eyedrop-single,0.7083866000175476
2026-06-24T11:11:03.952743,C:\Users\이예은\A-EYE\test_images\train\patch\patch_74.jpg,patch,3,panpirin,0.6432457566261292
2026-06-24T11:11:03.952743,C:\Users\이예은\A-EYE\test_images\train\patch\patch_74.jpg,patch,4,geborin,0.5975559949874878
2026-06-24T11:11:03.952743,C:\Users\이예은\A-EYE\test_images\train\patch\patch_74.jpg,patch,5,eyedrop-multi,0.3161125183105469
2026-06-24T11:11:15.650589,C:\Users\이예은\A-EYE\test_images\train\patch\patch_76.jpg,patch,1,patch,0.8365615010261536
2026-06-24T11:11:15.650589,C:\Users\이예은\A-EYE\test_images\train\patch\patch_76.jpg,patch,2,eyedrop-single,0.7190812826156616
2026-06-24T11:11:15.650589,C:\Users\이예은\A-EYE\test_images\train\patch\patch_76.jpg,patch,3,eyedrop-multi,0.4948892295360565
2026-06-24T11:11:15.650589,C:\Users\이예은\A-EYE\test_images\train\patch\patch_76.jpg,patch,4,panpirin,0.3945232033729553
2026-06-24T11:11:28.019287,C:\Users\이예은\A-EYE\test_images\train\patch\patch_77.jpg,patch,1,patch,0.8385100364685059
2026-06-24T11:11:28.019287,C:\Users\이예은\A-EYE\test_images\train\patch\patch_77.jpg,patch,2,eyedrop-single,0.7495591640472412
2026-06-24T11:11:28.019287,C:\Users\이예은\A-EYE\test_images\train\patch\patch_77.jpg,patch,3,festal,0.6094724535942078
2026-06-24T11:11:28.019287,C:\Users\이예은\A-EYE\test_images\train\patch\patch_77.jpg,patch,4,panpirin,0.2692795395851135
2026-06-24T11:11:28.019287,C:\Users\이예은\A-EYE\test_images\train\patch\patch_77.jpg,patch,5,eyedrop-multi,0.25585466623306274
2026-06-24T11:11:37.008017,C:\Users\이예은\A-EYE\test_images\train\patch\patch_78.jpg,patch,1,patch,0.8798813819885254
2026-06-24T11:11:37.008017,C:\Users\이예은\A-EYE\test_images\train\patch\patch_78.jpg,patch,2,festal,0.6532078981399536
2026-06-24T11:11:37.008017,C:\Users\이예은\A-EYE\test_images\train\patch\patch_78.jpg,patch,3,ezen6,0.5759711265563965
2026-06-24T11:11:37.008017,C:\Users\이예은\A-EYE\test_images\train\patch\patch_78.jpg,patch,4,geborin,0.352681964635849
2026-06-24T11:11:37.008017,C:\Users\이예은\A-EYE\test_images\train\patch\patch_78.jpg,patch,5,panpirin,0.3227011561393738
2026-06-24T11:11:37.008017,C:\Users\이예은\A-EYE\test_images\train\patch\patch_78.jpg,patch,6,eyedrop-single,0.3199816048145294
2026-06-24T11:11:45.673359,C:\Users\이예은\A-EYE\test_images\train\patch\patch_79.jpg,patch,1,patch,0.8638015985488892
2026-06-24T11:11:45.673359,C:\Users\이예은\A-EYE\test_images\train\patch\patch_79.jpg,patch,2,eyedrop-single,0.7411714196205139
2026-06-24T11:11:45.673359,C:\Users\이예은\A-EYE\test_images\train\patch\patch_79.jpg,patch,3,festal,0.6997300982475281
2026-06-24T11:11:45.673359,C:\Users\이예은\A-EYE\test_images\train\patch\patch_79.jpg,patch,4,geborin,0.44002875685691833
2026-06-24T11:11:45.673359,C:\Users\이예은\A-EYE\test_images\train\patch\patch_79.jpg,patch,5,eyedrop-multi,0.4132328927516937
2026-06-24T11:11:54.587702,C:\Users\이예은\A-EYE\test_images\train\patch\patch_80.jpg,patch,1,patch,0.8623970150947571
2026-06-24T11:11:54.587702,C:\Users\이예은\A-EYE\test_images\train\patch\patch_80.jpg,patch,2,eyedrop-single,0.7712697982788086
2026-06-24T11:11:54.587702,C:\Users\이예은\A-EYE\test_images\train\patch\patch_80.jpg,patch,3,geborin,0.7586231827735901
2026-06-24T11:11:54.587702,C:\Users\이예은\A-EYE\test_images\train\patch\patch_80.jpg,patch,4,ezen6,0.6325087547302246
2026-06-24T11:11:54.587702,C:\Users\이예은\A-EYE\test_images\train\patch\patch_80.jpg,patch,5,panpirin,0.5966933965682983
2026-06-24T11:11:54.587702,C:\Users\이예은\A-EYE\test_images\train\patch\patch_80.jpg,patch,6,festal,0.4558286964893341
2026-06-24T11:11:54.587702,C:\Users\이예은\A-EYE\test_images\train\patch\patch_80.jpg,patch,7,eyedrop-multi,0.4536650478839874
2026-06-24T11:12:03.172252,C:\Users\이예은\A-EYE\test_images\train\patch\patch_81.jpg,patch,1,patch,0.8609733581542969
2026-06-24T11:12:03.172252,C:\Users\이예은\A-EYE\test_images\train\patch\patch_81.jpg,patch,2,festal,0.8033002018928528
2026-06-24T11:12:03.172252,C:\Users\이예은\A-EYE\test_images\train\patch\patch_81.jpg,patch,3,eyedrop-single,0.722404420375824
2026-06-24T11:12:03.172252,C:\Users\이예은\A-EYE\test_images\train\patch\patch_81.jpg,patch,4,eyedrop-multi,0.3286782205104828
2026-06-24T11:12:03.172252,C:\Users\이예은\A-EYE\test_images\train\patch\patch_81.jpg,patch,5,panpirin,0.2653076648712158
2026-06-24T11:12:12.245482,C:\Users\이예은\A-EYE\test_images\train\patch\patch_82.jpg,patch,1,patch,0.8900192975997925
2026-06-24T11:12:12.245482,C:\Users\이예은\A-EYE\test_images\train\patch\patch_82.jpg,patch,2,eyedrop-multi,0.8625255823135376
2026-06-24T11:12:12.245482,C:\Users\이예은\A-EYE\test_images\train\patch\patch_82.jpg,patch,3,eyedrop-single,0.74385005235672
2026-06-24T11:12:12.245482,C:\Users\이예은\A-EYE\test_images\train\patch\patch_82.jpg,patch,4,geborin,0.6538740992546082
2026-06-24T11:12:12.245482,C:\Users\이예은\A-EYE\test_images\train\patch\patch_82.jpg,patch,5,pancol,0.4873102903366089
2026-06-24T11:12:12.245482,C:\Users\이예은\A-EYE\test_images\train\patch\patch_82.jpg,patch,6,ezen6,0.45035994052886963
2026-06-24T11:12:12.245482,C:\Users\이예은\A-EYE\test_images\train\patch\patch_82.jpg,patch,7,fusidin,0.300763875246048
2026-06-24T11:12:21.490992,C:\Users\이예은\A-EYE\test_images\train\patch\patch_83.jpg,patch,1,patch,0.879955530166626
2026-06-24T11:12:21.490992,C:\Users\이예은\A-EYE\test_images\train\patch\patch_83.jpg,patch,2,geborin,0.8260631561279297
2026-06-24T11:12:21.490992,C:\Users\이예은\A-EYE\test_images\train\patch\patch_83.jpg,patch,3,eyedrop-single,0.811843752861023
2026-06-24T11:12:21.490992,C:\Users\이예은\A-EYE\test_images\train\patch\patch_83.jpg,patch,4,eyedrop-multi,0.7936578392982483
2026-06-24T11:12:21.490992,C:\Users\이예은\A-EYE\test_images\train\patch\patch_83.jpg,patch,5,festal,0.6384838819503784
2026-06-24T11:12:31.499525,C:\Users\이예은\A-EYE\test_images\train\patch\patch_84.jpg,patch,1,patch,0.8761406540870667
2026-06-24T11:12:31.499525,C:\Users\이예은\A-EYE\test_images\train\patch\patch_84.jpg,patch,2,eyedrop-single,0.7108244299888611
2026-06-24T11:12:31.499525,C:\Users\이예은\A-EYE\test_images\train\patch\patch_84.jpg,patch,3,geborin,0.7008881568908691
2026-06-24T11:12:31.499525,C:\Users\이예은\A-EYE\test_images\train\patch\patch_84.jpg,patch,4,eyedrop-multi,0.6476745009422302
2026-06-24T11:12:31.499525,C:\Users\이예은\A-EYE\test_images\train\patch\patch_84.jpg,patch,5,festal,0.5433366894721985
2026-06-24T11:12:42.282593,C:\Users\이예은\A-EYE\test_images\train\patch\patch_85.jpg,patch,1,patch,0.8612543344497681
2026-06-24T11:12:42.282593,C:\Users\이예은\A-EYE\test_images\train\patch\patch_85.jpg,patch,2,eyedrop-multi,0.7651693820953369
2026-06-24T11:12:42.282593,C:\Users\이예은\A-EYE\test_images\train\patch\patch_85.jpg,patch,3,eyedrop-single,0.7129960656166077
2026-06-24T11:12:42.282593,C:\Users\이예은\A-EYE\test_images\train\patch\patch_85.jpg,patch,4,geborin,0.3130866587162018
2026-06-24T11:12:53.603138,C:\Users\이예은\A-EYE\test_images\train\patch\patch_86.jpg,patch,1,patch,0.9225929379463196
2026-06-24T11:12:53.603138,C:\Users\이예은\A-EYE\test_images\train\patch\patch_86.jpg,patch,2,eyedrop-multi,0.8159958720207214
2026-06-24T11:12:53.603138,C:\Users\이예은\A-EYE\test_images\train\patch\patch_86.jpg,patch,3,eyedrop-single,0.6993191242218018
2026-06-24T11:12:53.603138,C:\Users\이예은\A-EYE\test_images\train\patch\patch_86.jpg,patch,4,festal,0.6138472557067871
2026-06-24T11:12:53.603138,C:\Users\이예은\A-EYE\test_images\train\patch\patch_86.jpg,patch,5,geborin,0.5410536527633667
2026-06-24T11:12:53.603138,C:\Users\이예은\A-EYE\test_images\train\patch\patch_86.jpg,patch,6,panpirin,0.45799383521080017
2026-06-24T11:13:05.754737,C:\Users\이예은\A-EYE\test_images\train\tylenol\tylenol_01.jpg,tylenol,1,tylenol,0.9438592791557312
2026-06-24T11:13:05.754737,C:\Users\이예은\A-EYE\test_images\train\tylenol\tylenol_01.jpg,tylenol,2,pancol,0.8534964919090271
2026-06-24T11:13:05.754737,C:\Users\이예은\A-EYE\test_images\train\tylenol\tylenol_01.jpg,tylenol,3,panpirin,0.47266218066215515
2026-06-24T11:13:05.754737,C:\Users\이예은\A-EYE\test_images\train\tylenol\tylenol_01.jpg,tylenol,4,eyedrop-multi,0.356719046831131
2026-06-24T11:13:16.381233,C:\Users\이예은\A-EYE\test_images\train\tylenol\tylenol_02.jpg,tylenol,1,tylenol,0.9415985345840454
2026-06-24T11:13:16.381233,C:\Users\이예은\A-EYE\test_images\train\tylenol\tylenol_02.jpg,tylenol,2,pancol,0.6234940886497498
2026-06-24T11:13:16.381233,C:\Users\이예은\A-EYE\test_images\train\tylenol\tylenol_02.jpg,tylenol,3,panpirin,0.507506787776947
2026-06-24T11:13:16.381233,C:\Users\이예은\A-EYE\test_images\train\tylenol\tylenol_02.jpg,tylenol,4,eyedrop-single,0.497114896774292
2026-06-24T11:13:16.381233,C:\Users\이예은\A-EYE\test_images\train\tylenol\tylenol_02.jpg,tylenol,5,eyedrop-multi,0.4933393895626068
2026-06-24T11:13:16.381233,C:\Users\이예은\A-EYE\test_images\train\tylenol\tylenol_02.jpg,tylenol,6,ezen6,0.49304184317588806
2026-06-24T11:13:26.599405,C:\Users\이예은\A-EYE\test_images\train\tylenol\tylenol_03.jpg,tylenol,1,tylenol,0.9305721521377563
2026-06-24T11:13:26.599405,C:\Users\이예은\A-EYE\test_images\train\tylenol\tylenol_03.jpg,tylenol,2,pancol,0.5311151742935181
2026-06-24T11:13:26.599405,C:\Users\이예은\A-EYE\test_images\train\tylenol\tylenol_03.jpg,tylenol,3,ezen6,0.5097452402114868
2026-06-24T11:13:26.599405,C:\Users\이예은\A-EYE\test_images\train\tylenol\tylenol_03.jpg,tylenol,4,eyedrop-single,0.4821261763572693
2026-06-24T11:13:35.903460,C:\Users\이예은\A-EYE\test_images\train\tylenol\tylenol_04.jpg,tylenol,1,tylenol,0.8731948137283325
2026-06-24T11:13:35.903460,C:\Users\이예은\A-EYE\test_images\train\tylenol\tylenol_04.jpg,tylenol,2,eyedrop-single,0.7478069067001343
2026-06-24T11:13:35.903460,C:\Users\이예은\A-EYE\test_images\train\tylenol\tylenol_04.jpg,tylenol,3,festal,0.703758716583252
2026-06-24T11:13:35.903460,C:\Users\이예은\A-EYE\test_images\train\tylenol\tylenol_04.jpg,tylenol,4,geborin,0.6916422843933105
2026-06-24T11:13:35.903460,C:\Users\이예은\A-EYE\test_images\train\tylenol\tylenol_04.jpg,tylenol,5,panpirin,0.530586838722229
2026-06-24T11:13:35.903460,C:\Users\이예은\A-EYE\test_images\train\tylenol\tylenol_04.jpg,tylenol,6,eyedrop-multi,0.41668015718460083
2026-06-24T11:13:35.903460,C:\Users\이예은\A-EYE\test_images\train\tylenol\tylenol_04.jpg,tylenol,7,ezen6,0.40901583433151245
2026-06-24T11:13:44.455334,C:\Users\이예은\A-EYE\test_images\train\tylenol\tylenol_05.jpg,tylenol,1,tylenol,0.9105755686759949
2026-06-24T11:13:44.455334,C:\Users\이예은\A-EYE\test_images\train\tylenol\tylenol_05.jpg,tylenol,2,panpirin,0.8044662475585938
2026-06-24T11:13:44.455334,C:\Users\이예은\A-EYE\test_images\train\tylenol\tylenol_05.jpg,tylenol,3,pancol,0.7304339408874512
2026-06-24T11:13:44.455334,C:\Users\이예은\A-EYE\test_images\train\tylenol\tylenol_05.jpg,tylenol,4,ezen6,0.394065797328949
2026-06-24T11:13:50.840848,C:\Users\이예은\A-EYE\test_images\train\tylenol\tylenol_06.jpg,tylenol,1,tylenol,0.9013712406158447
2026-06-24T11:13:50.840848,C:\Users\이예은\A-EYE\test_images\train\tylenol\tylenol_06.jpg,tylenol,2,panpirin,0.8396734595298767
2026-06-24T11:13:50.840848,C:\Users\이예은\A-EYE\test_images\train\tylenol\tylenol_06.jpg,tylenol,3,eyedrop-single,0.4096968173980713
2026-06-24T11:13:50.840848,C:\Users\이예은\A-EYE\test_images\train\tylenol\tylenol_06.jpg,tylenol,4,geborin,0.277699738740921
2026-06-24T11:13:50.840848,C:\Users\이예은\A-EYE\test_images\train\tylenol\tylenol_06.jpg,tylenol,5,pancol,0.2622925937175751
2026-06-24T11:13:57.489452,C:\Users\이예은\A-EYE\test_images\train\tylenol\tylenol_07.jpg,tylenol,1,tylenol,0.9339107871055603
2026-06-24T11:13:57.489452,C:\Users\이예은\A-EYE\test_images\train\tylenol\tylenol_07.jpg,tylenol,2,eyedrop-single,0.6342639923095703
2026-06-24T11:13:57.489452,C:\Users\이예은\A-EYE\test_images\train\tylenol\tylenol_07.jpg,tylenol,3,patch,0.34728798270225525
2026-06-24T11:13:57.489452,C:\Users\이예은\A-EYE\test_images\train\tylenol\tylenol_07.jpg,tylenol,4,panpirin,0.26481202244758606
2026-06-24T11:14:04.143504,C:\Users\이예은\A-EYE\test_images\train\tylenol\tylenol_08.jpg,tylenol,1,tylenol,0.9371229410171509
2026-06-24T11:14:04.143504,C:\Users\이예은\A-EYE\test_images\train\tylenol\tylenol_08.jpg,tylenol,2,panpirin,0.8180477619171143
2026-06-24T11:14:04.143504,C:\Users\이예은\A-EYE\test_images\train\tylenol\tylenol_08.jpg,tylenol,3,pancol,0.6687664985656738
2026-06-24T11:14:04.143504,C:\Users\이예은\A-EYE\test_images\train\tylenol\tylenol_08.jpg,tylenol,4,eyedrop-multi,0.6149468421936035
2026-06-24T11:14:04.143504,C:\Users\이예은\A-EYE\test_images\train\tylenol\tylenol_08.jpg,tylenol,5,eyedrop-single,0.3795834481716156
2026-06-24T11:14:04.143504,C:\Users\이예은\A-EYE\test_images\train\tylenol\tylenol_08.jpg,tylenol,6,festal,0.367900550365448
2026-06-24T11:14:11.958272,C:\Users\이예은\A-EYE\test_images\train\tylenol\tylenol_09.jpg,tylenol,1,tylenol,0.9155768156051636
2026-06-24T11:14:11.958272,C:\Users\이예은\A-EYE\test_images\train\tylenol\tylenol_09.jpg,tylenol,2,pancol,0.7623382210731506
2026-06-24T11:14:11.958272,C:\Users\이예은\A-EYE\test_images\train\tylenol\tylenol_09.jpg,tylenol,3,panpirin,0.6975700855255127
2026-06-24T11:14:11.958272,C:\Users\이예은\A-EYE\test_images\train\tylenol\tylenol_09.jpg,tylenol,4,eyedrop-multi,0.25212979316711426
2026-06-24T11:14:22.017518,C:\Users\이예은\A-EYE\test_images\train\tylenol\tylenol_10.jpg,tylenol,1,tylenol,0.9345424175262451
2026-06-24T11:14:22.017518,C:\Users\이예은\A-EYE\test_images\train\tylenol\tylenol_10.jpg,tylenol,2,panpirin,0.7851890325546265
2026-06-24T11:14:22.017518,C:\Users\이예은\A-EYE\test_images\train\tylenol\tylenol_10.jpg,tylenol,3,pancol,0.7138780355453491
2026-06-24T11:14:32.795926,C:\Users\이예은\A-EYE\test_images\train\tylenol\tylenol_11.jpg,tylenol,1,tylenol,0.9141426682472229
2026-06-24T11:14:32.795926,C:\Users\이예은\A-EYE\test_images\train\tylenol\tylenol_11.jpg,tylenol,2,panpirin,0.8228654265403748
2026-06-24T11:14:32.795926,C:\Users\이예은\A-EYE\test_images\train\tylenol\tylenol_11.jpg,tylenol,3,eyedrop-multi,0.7361250519752502
2026-06-24T11:14:32.795926,C:\Users\이예은\A-EYE\test_images\train\tylenol\tylenol_11.jpg,tylenol,4,ezen6,0.7272663116455078
2026-06-24T11:14:32.795926,C:\Users\이예은\A-EYE\test_images\train\tylenol\tylenol_11.jpg,tylenol,5,pancol,0.6601351499557495
2026-06-24T11:14:32.795926,C:\Users\이예은\A-EYE\test_images\train\tylenol\tylenol_11.jpg,tylenol,6,fusidin,0.3056716024875641
2026-06-24T11:14:40.986680,C:\Users\이예은\A-EYE\test_images\train\tylenol\tylenol_12.jpg,tylenol,1,tylenol,0.8763698935508728
2026-06-24T11:14:40.986680,C:\Users\이예은\A-EYE\test_images\train\tylenol\tylenol_12.jpg,tylenol,2,eyedrop-multi,0.6549755334854126
2026-06-24T11:14:40.986680,C:\Users\이예은\A-EYE\test_images\train\tylenol\tylenol_12.jpg,tylenol,3,festal,0.42040568590164185
2026-06-24T11:14:40.986680,C:\Users\이예은\A-EYE\test_images\train\tylenol\tylenol_12.jpg,tylenol,4,eyedrop-single,0.28564292192459106
2026-06-24T11:14:48.875173,C:\Users\이예은\A-EYE\test_images\train\tylenol\tylenol_13.jpg,tylenol,1,tylenol,0.9375918507575989
2026-06-24T11:14:48.875173,C:\Users\이예은\A-EYE\test_images\train\tylenol\tylenol_13.jpg,tylenol,2,pancol,0.6979021430015564
2026-06-24T11:14:48.875173,C:\Users\이예은\A-EYE\test_images\train\tylenol\tylenol_13.jpg,tylenol,3,eyedrop-single,0.39691615104675293
2026-06-24T11:14:48.875173,C:\Users\이예은\A-EYE\test_images\train\tylenol\tylenol_13.jpg,tylenol,4,eyedrop-multi,0.2729005217552185
2026-06-24T11:14:59.678949,C:\Users\이예은\A-EYE\test_images\train\tylenol\tylenol_14.jpg,tylenol,1,tylenol,0.9365589618682861
2026-06-24T11:14:59.678949,C:\Users\이예은\A-EYE\test_images\train\tylenol\tylenol_14.jpg,tylenol,2,panpirin,0.7144817113876343
2026-06-24T11:14:59.678949,C:\Users\이예은\A-EYE\test_images\train\tylenol\tylenol_14.jpg,tylenol,3,pancol,0.6767324805259705
2026-06-24T11:14:59.678949,C:\Users\이예은\A-EYE\test_images\train\tylenol\tylenol_14.jpg,tylenol,4,eyedrop-multi,0.4819824695587158
2026-06-24T11:14:59.678949,C:\Users\이예은\A-EYE\test_images\train\tylenol\tylenol_14.jpg,tylenol,5,ezen6,0.3389422297477722
2026-06-24T11:15:10.684724,C:\Users\이예은\A-EYE\test_images\train\tylenol\tylenol_15.jpg,tylenol,1,tylenol,0.9268884062767029
2026-06-24T11:15:10.684724,C:\Users\이예은\A-EYE\test_images\train\tylenol\tylenol_15.jpg,tylenol,2,panpirin,0.7633829116821289
2026-06-24T11:15:10.684724,C:\Users\이예은\A-EYE\test_images\train\tylenol\tylenol_15.jpg,tylenol,3,eyedrop-single,0.7260069847106934
2026-06-24T11:15:10.684724,C:\Users\이예은\A-EYE\test_images\train\tylenol\tylenol_15.jpg,tylenol,4,pancol,0.7195972204208374
2026-06-24T11:15:10.700475,C:\Users\이예은\A-EYE\test_images\train\tylenol\tylenol_15.jpg,tylenol,5,geborin,0.6168363690376282
2026-06-24T11:15:21.101243,C:\Users\이예은\A-EYE\test_images\train\tylenol\tylenol_17.jpg,tylenol,1,tylenol,0.9346634149551392
2026-06-24T11:15:21.101243,C:\Users\이예은\A-EYE\test_images\train\tylenol\tylenol_17.jpg,tylenol,2,pancol,0.33162692189216614
2026-06-24T11:15:21.101243,C:\Users\이예은\A-EYE\test_images\train\tylenol\tylenol_17.jpg,tylenol,3,panpirin,0.2714736759662628
2026-06-24T11:15:31.342501,C:\Users\이예은\A-EYE\test_images\train\tylenol\tylenol_19.jpg,tylenol,1,tylenol,0.9226548075675964
2026-06-24T11:15:31.342501,C:\Users\이예은\A-EYE\test_images\train\tylenol\tylenol_19.jpg,tylenol,2,panpirin,0.7323811054229736
2026-06-24T11:15:31.342501,C:\Users\이예은\A-EYE\test_images\train\tylenol\tylenol_19.jpg,tylenol,3,pancol,0.6900243163108826
2026-06-24T11:15:31.342501,C:\Users\이예은\A-EYE\test_images\train\tylenol\tylenol_19.jpg,tylenol,4,ezen6,0.6469136476516724
2026-06-24T11:15:31.342501,C:\Users\이예은\A-EYE\test_images\train\tylenol\tylenol_19.jpg,tylenol,5,eyedrop-multi,0.6007985472679138
2026-06-24T11:15:31.342501,C:\Users\이예은\A-EYE\test_images\train\tylenol\tylenol_19.jpg,tylenol,6,geborin,0.2537619471549988
2026-06-24T11:15:40.393193,C:\Users\이예은\A-EYE\test_images\train\tylenol\tylenol_20.jpg,tylenol,1,tylenol,0.9067319631576538
2026-06-24T11:15:40.393193,C:\Users\이예은\A-EYE\test_images\train\tylenol\tylenol_20.jpg,tylenol,2,geborin,0.3156687915325165
2026-06-24T11:15:40.393193,C:\Users\이예은\A-EYE\test_images\train\tylenol\tylenol_20.jpg,tylenol,3,eyedrop-single,0.2827494144439697
2026-06-24T11:15:45.447552,C:\Users\이예은\A-EYE\test_images\train\tylenol\tylenol_21.jpg,tylenol,1,tylenol,0.9287011027336121
2026-06-24T11:15:53.821249,C:\Users\이예은\A-EYE\test_images\train\tylenol\tylenol_22.jpg,tylenol,1,tylenol,0.9349880218505859
2026-06-24T11:15:53.821249,C:\Users\이예은\A-EYE\test_images\train\tylenol\tylenol_22.jpg,tylenol,2,pancol,0.6278460025787354
2026-06-24T11:15:53.821249,C:\Users\이예은\A-EYE\test_images\train\tylenol\tylenol_22.jpg,tylenol,3,festal,0.579878032207489
2026-06-24T11:15:53.821249,C:\Users\이예은\A-EYE\test_images\train\tylenol\tylenol_22.jpg,tylenol,4,geborin,0.40411049127578735
2026-06-24T11:16:03.137287,C:\Users\이예은\A-EYE\test_images\train\tylenol\tylenol_23.jpg,tylenol,1,tylenol,0.9223120808601379
2026-06-24T11:16:03.137287,C:\Users\이예은\A-EYE\test_images\train\tylenol\tylenol_23.jpg,tylenol,2,pancol,0.6771794557571411
2026-06-24T11:16:03.137287,C:\Users\이예은\A-EYE\test_images\train\tylenol\tylenol_23.jpg,tylenol,3,panpirin,0.5571765303611755
2026-06-24T11:16:12.026078,C:\Users\이예은\A-EYE\test_images\train\tylenol\tylenol_26.jpg,tylenol,1,tylenol,0.9270132780075073
2026-06-24T11:16:21.251653,C:\Users\이예은\A-EYE\test_images\train\tylenol\tylenol_27.jpg,tylenol,1,tylenol,0.9094215631484985
2026-06-24T11:16:21.251653,C:\Users\이예은\A-EYE\test_images\train\tylenol\tylenol_27.jpg,tylenol,2,pancol,0.31985166668891907
2026-06-24T11:16:30.764530,C:\Users\이예은\A-EYE\test_images\train\tylenol\tylenol_29.jpg,tylenol,1,tylenol,0.8682119846343994
2026-06-24T11:16:30.764530,C:\Users\이예은\A-EYE\test_images\train\tylenol\tylenol_29.jpg,tylenol,2,ezen6,0.7798066735267639
2026-06-24T11:16:30.764530,C:\Users\이예은\A-EYE\test_images\train\tylenol\tylenol_29.jpg,tylenol,3,pancol,0.6943969130516052
2026-06-24T11:16:30.764530,C:\Users\이예은\A-EYE\test_images\train\tylenol\tylenol_29.jpg,tylenol,4,geborin,0.3992895483970642
2026-06-24T11:16:30.764530,C:\Users\이예은\A-EYE\test_images\train\tylenol\tylenol_29.jpg,tylenol,5,eyedrop-multi,0.32143643498420715
2026-06-24T11:16:41.244573,C:\Users\이예은\A-EYE\test_images\train\tylenol\tylenol_31.jpg,tylenol,1,tylenol,0.9302495121955872
2026-06-24T11:16:41.244573,C:\Users\이예은\A-EYE\test_images\train\tylenol\tylenol_31.jpg,tylenol,2,pancol,0.7834517359733582
2026-06-24T11:16:41.244573,C:\Users\이예은\A-EYE\test_images\train\tylenol\tylenol_31.jpg,tylenol,3,geborin,0.6299903988838196
2026-06-24T11:16:41.244573,C:\Users\이예은\A-EYE\test_images\train\tylenol\tylenol_31.jpg,tylenol,4,band,0.44876575469970703
2026-06-24T11:16:41.244573,C:\Users\이예은\A-EYE\test_images\train\tylenol\tylenol_31.jpg,tylenol,5,eyedrop-single,0.3400859534740448
2026-06-24T11:16:52.483734,C:\Users\이예은\A-EYE\test_images\train\tylenol\tylenol_33.jpg,tylenol,1,tylenol,0.9068013429641724
2026-06-24T11:16:52.483734,C:\Users\이예은\A-EYE\test_images\train\tylenol\tylenol_33.jpg,tylenol,2,pancol,0.7848148345947266
2026-06-24T11:17:03.487106,C:\Users\이예은\A-EYE\test_images\train\tylenol\tylenol_35.jpg,tylenol,1,tylenol,0.9189444184303284
2026-06-24T11:17:03.487106,C:\Users\이예은\A-EYE\test_images\train\tylenol\tylenol_35.jpg,tylenol,2,pancol,0.6367948651313782
2026-06-24T11:17:03.487106,C:\Users\이예은\A-EYE\test_images\train\tylenol\tylenol_35.jpg,tylenol,3,eyedrop-multi,0.604838490486145
2026-06-24T11:17:10.945922,C:\Users\이예은\A-EYE\test_images\train\tylenol\tylenol_36.jpg,tylenol,1,tylenol,0.9099364876747131
2026-06-24T11:17:10.945922,C:\Users\이예은\A-EYE\test_images\train\tylenol\tylenol_36.jpg,tylenol,2,pancol,0.4558705985546112
2026-06-24T11:17:10.945922,C:\Users\이예은\A-EYE\test_images\train\tylenol\tylenol_36.jpg,tylenol,3,fusidin,0.3542677164077759
2026-06-24T11:17:17.967526,C:\Users\이예은\A-EYE\test_images\train\tylenol\tylenol_37.jpg,tylenol,1,tylenol,0.8991603851318359
2026-06-24T11:17:17.967526,C:\Users\이예은\A-EYE\test_images\train\tylenol\tylenol_37.jpg,tylenol,2,pancol,0.7067898511886597
2026-06-24T11:17:17.967526,C:\Users\이예은\A-EYE\test_images\train\tylenol\tylenol_37.jpg,tylenol,3,eyedrop-multi,0.5835707783699036
2026-06-24T11:17:17.967526,C:\Users\이예은\A-EYE\test_images\train\tylenol\tylenol_37.jpg,tylenol,4,eyedrop-single,0.44655176997184753
2026-06-24T11:17:24.358919,C:\Users\이예은\A-EYE\test_images\train\tylenol\tylenol_38.jpg,tylenol,1,tylenol,0.8925065994262695
2026-06-24T11:17:24.358919,C:\Users\이예은\A-EYE\test_images\train\tylenol\tylenol_38.jpg,tylenol,2,festal,0.8309131264686584
2026-06-24T11:17:24.358919,C:\Users\이예은\A-EYE\test_images\train\tylenol\tylenol_38.jpg,tylenol,3,eyedrop-single,0.7065735459327698
2026-06-24T11:17:24.358919,C:\Users\이예은\A-EYE\test_images\train\tylenol\tylenol_38.jpg,tylenol,4,pancol,0.6986066102981567
2026-06-24T11:17:24.358919,C:\Users\이예은\A-EYE\test_images\train\tylenol\tylenol_38.jpg,tylenol,5,eyedrop-multi,0.3712136149406433
2026-06-24T11:17:24.358919,C:\Users\이예은\A-EYE\test_images\train\tylenol\tylenol_38.jpg,tylenol,6,geborin,0.3346802592277527
2026-06-24T11:17:31.881196,C:\Users\이예은\A-EYE\test_images\train\tylenol\tylenol_41.jpg,tylenol,1,tylenol,0.9286587834358215
2026-06-24T11:17:31.881196,C:\Users\이예은\A-EYE\test_images\train\tylenol\tylenol_41.jpg,tylenol,2,eyedrop-multi,0.47414469718933105
2026-06-24T11:17:31.881196,C:\Users\이예은\A-EYE\test_images\train\tylenol\tylenol_41.jpg,tylenol,3,pancol,0.4601253569126129
2026-06-24T11:17:31.881196,C:\Users\이예은\A-EYE\test_images\train\tylenol\tylenol_41.jpg,tylenol,4,eyedrop-single,0.4558729827404022
2026-06-24T11:17:31.881196,C:\Users\이예은\A-EYE\test_images\train\tylenol\tylenol_41.jpg,tylenol,5,ezen6,0.25261276960372925
2026-06-24T11:17:39.252504,C:\Users\이예은\A-EYE\test_images\train\tylenol\tylenol_42.jpg,tylenol,1,tylenol,0.9272852540016174
2026-06-24T11:17:39.252504,C:\Users\이예은\A-EYE\test_images\train\tylenol\tylenol_42.jpg,tylenol,2,eyedrop-multi,0.5009318590164185
2026-06-24T11:17:39.252504,C:\Users\이예은\A-EYE\test_images\train\tylenol\tylenol_42.jpg,tylenol,3,festal,0.32442420721054077
2026-06-24T11:17:46.411542,C:\Users\이예은\A-EYE\test_images\train\tylenol\tylenol_43.jpg,tylenol,1,tylenol,0.9267715811729431
2026-06-24T11:17:53.675200,C:\Users\이예은\A-EYE\test_images\train\tylenol\tylenol_44.jpg,tylenol,1,tylenol,0.9041650295257568
2026-06-24T11:17:53.675200,C:\Users\이예은\A-EYE\test_images\train\tylenol\tylenol_44.jpg,tylenol,2,festal,0.7772303819656372
2026-06-24T11:17:53.675200,C:\Users\이예은\A-EYE\test_images\train\tylenol\tylenol_44.jpg,tylenol,3,eyedrop-single,0.7026143074035645
2026-06-24T11:17:53.675200,C:\Users\이예은\A-EYE\test_images\train\tylenol\tylenol_44.jpg,tylenol,4,eyedrop-multi,0.46097007393836975
2026-06-24T11:17:53.675200,C:\Users\이예은\A-EYE\test_images\train\tylenol\tylenol_44.jpg,tylenol,5,pancol,0.42389050126075745
2026-06-24T11:17:53.675200,C:\Users\이예은\A-EYE\test_images\train\tylenol\tylenol_44.jpg,tylenol,6,fusidin,0.34778308868408203
2026-06-24T11:18:01.617534,C:\Users\이예은\A-EYE\test_images\train\tylenol\tylenol_46.jpg,tylenol,1,tylenol,0.8999199867248535
2026-06-24T11:18:01.617534,C:\Users\이예은\A-EYE\test_images\train\tylenol\tylenol_46.jpg,tylenol,2,ezen6,0.7763668298721313
2026-06-24T11:18:01.617534,C:\Users\이예은\A-EYE\test_images\train\tylenol\tylenol_46.jpg,tylenol,3,pancol,0.5616523027420044
2026-06-24T11:18:01.617534,C:\Users\이예은\A-EYE\test_images\train\tylenol\tylenol_46.jpg,tylenol,4,eyedrop-multi,0.27820664644241333
2026-06-24T11:18:08.812429,C:\Users\이예은\A-EYE\test_images\train\tylenol\tylenol_48.jpg,tylenol,1,tylenol,0.931881308555603
2026-06-24T11:18:08.812429,C:\Users\이예은\A-EYE\test_images\train\tylenol\tylenol_48.jpg,tylenol,2,pancol,0.6007475256919861
2026-06-24T11:18:08.812429,C:\Users\이예은\A-EYE\test_images\train\tylenol\tylenol_48.jpg,tylenol,3,fusidin,0.42945393919944763
2026-06-24T11:18:15.291282,C:\Users\이예은\A-EYE\test_images\train\tylenol\tylenol_49.jpg,tylenol,1,tylenol,0.9324352741241455
2026-06-24T11:18:15.291282,C:\Users\이예은\A-EYE\test_images\train\tylenol\tylenol_49.jpg,tylenol,2,geborin,0.7761640548706055
2026-06-24T11:18:15.291282,C:\Users\이예은\A-EYE\test_images\train\tylenol\tylenol_49.jpg,tylenol,3,eyedrop-multi,0.6863922476768494
2026-06-24T11:18:15.291282,C:\Users\이예은\A-EYE\test_images\train\tylenol\tylenol_49.jpg,tylenol,4,eyedrop-single,0.6550832390785217
2026-06-24T11:18:15.291282,C:\Users\이예은\A-EYE\test_images\train\tylenol\tylenol_49.jpg,tylenol,5,patch,0.3328004479408264
2026-06-24T11:18:15.291282,C:\Users\이예은\A-EYE\test_images\train\tylenol\tylenol_49.jpg,tylenol,6,panpirin,0.28843462467193604
2026-06-24T11:18:15.291282,C:\Users\이예은\A-EYE\test_images\train\tylenol\tylenol_49.jpg,tylenol,7,pancol,0.27240070700645447
2026-06-24T11:18:23.092765,C:\Users\이예은\A-EYE\test_images\train\tylenol\tylenol_50.jpg,tylenol,1,tylenol,0.9055896401405334
2026-06-24T11:18:23.092765,C:\Users\이예은\A-EYE\test_images\train\tylenol\tylenol_50.jpg,tylenol,2,eyedrop-multi,0.7924654483795166
2026-06-24T11:18:23.092765,C:\Users\이예은\A-EYE\test_images\train\tylenol\tylenol_50.jpg,tylenol,3,festal,0.61611008644104
2026-06-24T11:18:23.092765,C:\Users\이예은\A-EYE\test_images\train\tylenol\tylenol_50.jpg,tylenol,4,pancol,0.584040641784668
2026-06-24T11:18:23.092765,C:\Users\이예은\A-EYE\test_images\train\tylenol\tylenol_50.jpg,tylenol,5,eyedrop-single,0.5211341977119446
2026-06-24T11:18:23.092765,C:\Users\이예은\A-EYE\test_images\train\tylenol\tylenol_50.jpg,tylenol,6,panpirin,0.30353182554244995
2026-06-24T11:18:23.092765,C:\Users\이예은\A-EYE\test_images\train\tylenol\tylenol_50.jpg,tylenol,7,fusidin,0.29610589146614075
2026-06-24T11:18:30.589771,C:\Users\이예은\A-EYE\test_images\train\tylenol\tylenol_51.jpg,tylenol,1,tylenol,0.916137158870697
2026-06-24T11:18:30.589771,C:\Users\이예은\A-EYE\test_images\train\tylenol\tylenol_51.jpg,tylenol,2,eyedrop-single,0.6434292197227478
2026-06-24T11:18:30.589771,C:\Users\이예은\A-EYE\test_images\train\tylenol\tylenol_51.jpg,tylenol,3,eyedrop-multi,0.6347159743309021
2026-06-24T11:18:30.589771,C:\Users\이예은\A-EYE\test_images\train\tylenol\tylenol_51.jpg,tylenol,4,pancol,0.5450360178947449
2026-06-24T11:18:30.589771,C:\Users\이예은\A-EYE\test_images\train\tylenol\tylenol_51.jpg,tylenol,5,geborin,0.3799828588962555
2026-06-24T11:18:37.881570,C:\Users\이예은\A-EYE\test_images\train\tylenol\tylenol_52.jpg,tylenol,1,tylenol,0.936400294303894
2026-06-24T11:18:37.881570,C:\Users\이예은\A-EYE\test_images\train\tylenol\tylenol_52.jpg,tylenol,2,eyedrop-single,0.598078191280365
2026-06-24T11:18:37.881570,C:\Users\이예은\A-EYE\test_images\train\tylenol\tylenol_52.jpg,tylenol,3,pancol,0.5680315494537354
2026-06-24T11:18:37.881570,C:\Users\이예은\A-EYE\test_images\train\tylenol\tylenol_52.jpg,tylenol,4,eyedrop-multi,0.5145830512046814
2026-06-24T11:18:37.881570,C:\Users\이예은\A-EYE\test_images\train\tylenol\tylenol_52.jpg,tylenol,5,panpirin,0.29421094059944153
2026-06-24T11:18:45.035069,C:\Users\이예은\A-EYE\test_images\train\tylenol\tylenol_53.jpg,tylenol,1,tylenol,0.9034065008163452
2026-06-24T11:18:45.035069,C:\Users\이예은\A-EYE\test_images\train\tylenol\tylenol_53.jpg,tylenol,2,eyedrop-multi,0.6982481479644775
2026-06-24T11:18:45.035069,C:\Users\이예은\A-EYE\test_images\train\tylenol\tylenol_53.jpg,tylenol,3,eyedrop-single,0.6089953780174255
2026-06-24T11:18:45.035069,C:\Users\이예은\A-EYE\test_images\train\tylenol\tylenol_53.jpg,tylenol,4,panpirin,0.6036756634712219
2026-06-24T11:18:52.182902,C:\Users\이예은\A-EYE\test_images\train\tylenol\tylenol_54.jpg,tylenol,1,tylenol,0.9443831443786621
2026-06-24T11:18:52.182902,C:\Users\이예은\A-EYE\test_images\train\tylenol\tylenol_54.jpg,tylenol,2,eyedrop-multi,0.5786061882972717
2026-06-24T11:18:52.182902,C:\Users\이예은\A-EYE\test_images\train\tylenol\tylenol_54.jpg,tylenol,3,eyedrop-single,0.5543360710144043
2026-06-24T11:18:52.182902,C:\Users\이예은\A-EYE\test_images\train\tylenol\tylenol_54.jpg,tylenol,4,bearse,0.2967018187046051
2026-06-24T11:18:59.339370,C:\Users\이예은\A-EYE\test_images\train\tylenol\tylenol_55.jpg,tylenol,1,tylenol,0.9083107113838196
2026-06-24T11:18:59.339370,C:\Users\이예은\A-EYE\test_images\train\tylenol\tylenol_55.jpg,tylenol,2,ezen6,0.7167242765426636
2026-06-24T11:18:59.339370,C:\Users\이예은\A-EYE\test_images\train\tylenol\tylenol_55.jpg,tylenol,3,eyedrop-single,0.559425413608551
2026-06-24T11:18:59.339370,C:\Users\이예은\A-EYE\test_images\train\tylenol\tylenol_55.jpg,tylenol,4,eyedrop-multi,0.5405283570289612
2026-06-24T11:19:06.352409,C:\Users\이예은\A-EYE\test_images\train\tylenol\tylenol_56.jpg,tylenol,1,tylenol,0.9292739629745483
2026-06-24T11:19:06.352409,C:\Users\이예은\A-EYE\test_images\train\tylenol\tylenol_56.jpg,tylenol,2,pancol,0.5087342858314514
2026-06-24T11:19:06.352409,C:\Users\이예은\A-EYE\test_images\train\tylenol\tylenol_56.jpg,tylenol,3,geborin,0.3625182807445526
2026-06-24T11:19:06.352409,C:\Users\이예은\A-EYE\test_images\train\tylenol\tylenol_56.jpg,tylenol,4,panpirin,0.36214205622673035
2026-06-24T11:19:06.352409,C:\Users\이예은\A-EYE\test_images\train\tylenol\tylenol_56.jpg,tylenol,5,eyedrop-multi,0.2800004780292511
2026-06-24T11:19:13.976077,C:\Users\이예은\A-EYE\test_images\train\tylenol\tylenol_57.jpg,tylenol,1,tylenol,0.9187690615653992
2026-06-24T11:19:13.976077,C:\Users\이예은\A-EYE\test_images\train\tylenol\tylenol_57.jpg,tylenol,2,panpirin,0.7953481078147888
2026-06-24T11:19:13.976077,C:\Users\이예은\A-EYE\test_images\train\tylenol\tylenol_57.jpg,tylenol,3,pancol,0.6651697754859924
2026-06-24T11:19:13.976077,C:\Users\이예은\A-EYE\test_images\train\tylenol\tylenol_57.jpg,tylenol,4,fusidin,0.5044034123420715
2026-06-24T11:19:13.976077,C:\Users\이예은\A-EYE\test_images\train\tylenol\tylenol_57.jpg,tylenol,5,eyedrop-multi,0.4076389968395233
2026-06-24T11:19:21.552563,C:\Users\이예은\A-EYE\test_images\train\tylenol\tylenol_59.jpg,tylenol,1,tylenol,0.9417484998703003
2026-06-24T11:19:21.552563,C:\Users\이예은\A-EYE\test_images\train\tylenol\tylenol_59.jpg,tylenol,2,pancol,0.6493514776229858
2026-06-24T11:19:21.552563,C:\Users\이예은\A-EYE\test_images\train\tylenol\tylenol_59.jpg,tylenol,3,panpirin,0.4606480300426483
2026-06-24T11:19:21.552563,C:\Users\이예은\A-EYE\test_images\train\tylenol\tylenol_59.jpg,tylenol,4,eyedrop-multi,0.39547616243362427
2026-06-24T11:19:29.100220,C:\Users\이예은\A-EYE\test_images\train\tylenol\tylenol_60.jpg,tylenol,1,tylenol,0.9087613821029663
2026-06-24T11:19:29.100220,C:\Users\이예은\A-EYE\test_images\train\tylenol\tylenol_60.jpg,tylenol,2,ezen6,0.7136610746383667
2026-06-24T11:19:29.100220,C:\Users\이예은\A-EYE\test_images\train\tylenol\tylenol_60.jpg,tylenol,3,eyedrop-multi,0.40144863724708557
2026-06-24T11:19:29.100220,C:\Users\이예은\A-EYE\test_images\train\tylenol\tylenol_60.jpg,tylenol,4,eyedrop-single,0.34638798236846924
2026-06-24T11:19:29.100220,C:\Users\이예은\A-EYE\test_images\train\tylenol\tylenol_60.jpg,tylenol,5,pancol,0.3145805597305298
2026-06-24T11:19:36.667371,C:\Users\이예은\A-EYE\test_images\train\tylenol\tylenol_61.jpg,tylenol,1,tylenol,0.8953568339347839
2026-06-24T11:19:36.667371,C:\Users\이예은\A-EYE\test_images\train\tylenol\tylenol_61.jpg,tylenol,2,geborin,0.754319965839386
2026-06-24T11:19:36.667371,C:\Users\이예은\A-EYE\test_images\train\tylenol\tylenol_61.jpg,tylenol,3,eyedrop-multi,0.6859740614891052
2026-06-24T11:19:36.667371,C:\Users\이예은\A-EYE\test_images\train\tylenol\tylenol_61.jpg,tylenol,4,eyedrop-single,0.5477858781814575
2026-06-24T11:19:36.667371,C:\Users\이예은\A-EYE\test_images\train\tylenol\tylenol_61.jpg,tylenol,5,patch,0.44904327392578125
2026-06-24T11:19:44.165648,C:\Users\이예은\A-EYE\test_images\train\tylenol\tylenol_62.jpg,tylenol,1,tylenol,0.8953408002853394
2026-06-24T11:19:44.165648,C:\Users\이예은\A-EYE\test_images\train\tylenol\tylenol_62.jpg,tylenol,2,panpirin,0.7226399183273315
2026-06-24T11:19:44.165648,C:\Users\이예은\A-EYE\test_images\train\tylenol\tylenol_62.jpg,tylenol,3,eyedrop-single,0.6360090970993042
2026-06-24T11:19:44.165648,C:\Users\이예은\A-EYE\test_images\train\tylenol\tylenol_62.jpg,tylenol,4,pancol,0.6275451183319092
2026-06-24T11:19:44.165648,C:\Users\이예은\A-EYE\test_images\train\tylenol\tylenol_62.jpg,tylenol,5,geborin,0.25946280360221863
2026-06-24T11:19:51.746421,C:\Users\이예은\A-EYE\test_images\train\tylenol\tylenol_63.jpg,tylenol,1,tylenol,0.8722715973854065
2026-06-24T11:19:51.746421,C:\Users\이예은\A-EYE\test_images\train\tylenol\tylenol_63.jpg,tylenol,2,geborin,0.7866923809051514
2026-06-24T11:19:51.746421,C:\Users\이예은\A-EYE\test_images\train\tylenol\tylenol_63.jpg,tylenol,3,pancol,0.6410464644432068
2026-06-24T11:19:51.746421,C:\Users\이예은\A-EYE\test_images\train\tylenol\tylenol_63.jpg,tylenol,4,panpirin,0.549217164516449
2026-06-24T11:19:51.746421,C:\Users\이예은\A-EYE\test_images\train\tylenol\tylenol_63.jpg,tylenol,5,eyedrop-single,0.27624720335006714
2026-06-24T11:19:51.746421,C:\Users\이예은\A-EYE\test_images\train\tylenol\tylenol_63.jpg,tylenol,6,festal,0.2761553227901459
2026-06-24T11:19:59.743532,C:\Users\이예은\A-EYE\test_images\train\tylenol\tylenol_64.jpg,tylenol,1,tylenol,0.9164170026779175
2026-06-24T11:19:59.743532,C:\Users\이예은\A-EYE\test_images\train\tylenol\tylenol_64.jpg,tylenol,2,eyedrop-single,0.7156533002853394
2026-06-24T11:19:59.743532,C:\Users\이예은\A-EYE\test_images\train\tylenol\tylenol_64.jpg,tylenol,3,pancol,0.7140388488769531
2026-06-24T11:19:59.743532,C:\Users\이예은\A-EYE\test_images\train\tylenol\tylenol_64.jpg,tylenol,4,panpirin,0.3345073163509369
2026-06-24T11:20:07.518471,C:\Users\이예은\A-EYE\test_images\train\tylenol\tylenol_65.jpg,tylenol,1,tylenol,0.8924292325973511
2026-06-24T11:20:07.518471,C:\Users\이예은\A-EYE\test_images\train\tylenol\tylenol_65.jpg,tylenol,2,pancol,0.7529273629188538
2026-06-24T11:20:15.382467,C:\Users\이예은\A-EYE\test_images\train\tylenol\tylenol_66.jpg,tylenol,1,tylenol,0.9300558567047119
2026-06-24T11:20:23.507874,C:\Users\이예은\A-EYE\test_images\train\tylenol\tylenol_67.jpg,tylenol,1,tylenol,0.9206361174583435
2026-06-24T11:20:23.507874,C:\Users\이예은\A-EYE\test_images\train\tylenol\tylenol_67.jpg,tylenol,2,panpirin,0.6943033337593079
2026-06-24T11:20:23.507874,C:\Users\이예은\A-EYE\test_images\train\tylenol\tylenol_67.jpg,tylenol,3,eyedrop-single,0.6924741268157959
2026-06-24T11:20:23.507874,C:\Users\이예은\A-EYE\test_images\train\tylenol\tylenol_67.jpg,tylenol,4,geborin,0.6703000068664551
2026-06-24T11:20:23.507874,C:\Users\이예은\A-EYE\test_images\train\tylenol\tylenol_67.jpg,tylenol,5,pancol,0.5598310232162476
2026-06-24T11:20:29.898319,C:\Users\이예은\A-EYE\test_images\train\tylenol\tylenol_70.jpg,tylenol,1,tylenol,0.9229996204376221
2026-06-24T11:20:29.898319,C:\Users\이예은\A-EYE\test_images\train\tylenol\tylenol_70.jpg,tylenol,2,pancol,0.5872276425361633
2026-06-24T11:20:35.965745,C:\Users\이예은\A-EYE\test_images\train\tylenol\tylenol_71.jpg,tylenol,1,tylenol,0.9317466020584106
2026-06-24T11:20:35.965745,C:\Users\이예은\A-EYE\test_images\train\tylenol\tylenol_71.jpg,tylenol,2,pancol,0.6425969004631042
2026-06-24T11:20:42.565361,C:\Users\이예은\A-EYE\test_images\train\tylenol\tylenol_72.jpg,tylenol,1,tylenol,0.9205795526504517
2026-06-24T11:20:42.566859,C:\Users\이예은\A-EYE\test_images\train\tylenol\tylenol_72.jpg,tylenol,2,pancol,0.7034862637519836
2026-06-24T11:20:42.566859,C:\Users\이예은\A-EYE\test_images\train\tylenol\tylenol_72.jpg,tylenol,3,fusidin,0.5530545711517334
2026-06-24T11:20:42.566859,C:\Users\이예은\A-EYE\test_images\train\tylenol\tylenol_72.jpg,tylenol,4,panpirin,0.3624347746372223
2026-06-24T11:20:50.363093,C:\Users\이예은\A-EYE\test_images\train\tylenol\tylenol_73.jpg,tylenol,1,tylenol,0.8406050801277161
2026-06-24T11:20:50.365599,C:\Users\이예은\A-EYE\test_images\train\tylenol\tylenol_73.jpg,tylenol,2,festal,0.8167253136634827
2026-06-24T11:20:50.365599,C:\Users\이예은\A-EYE\test_images\train\tylenol\tylenol_73.jpg,tylenol,3,geborin,0.7315512299537659
2026-06-24T11:20:50.365599,C:\Users\이예은\A-EYE\test_images\train\tylenol\tylenol_73.jpg,tylenol,4,eyedrop-single,0.6442990303039551
2026-06-24T11:20:50.365599,C:\Users\이예은\A-EYE\test_images\train\tylenol\tylenol_73.jpg,tylenol,5,ezen6,0.28579023480415344
2026-06-24T11:20:58.833145,C:\Users\이예은\A-EYE\test_images\train\tylenol\tylenol_74.jpg,tylenol,1,tylenol,0.9340276718139648
2026-06-24T11:20:58.833145,C:\Users\이예은\A-EYE\test_images\train\tylenol\tylenol_74.jpg,tylenol,2,eyedrop-single,0.736853301525116
2026-06-24T11:20:58.833145,C:\Users\이예은\A-EYE\test_images\train\tylenol\tylenol_74.jpg,tylenol,3,eyedrop-multi,0.6640087366104126
2026-06-24T11:20:58.833145,C:\Users\이예은\A-EYE\test_images\train\tylenol\tylenol_74.jpg,tylenol,4,panpirin,0.6581609845161438
2026-06-24T11:20:58.833145,C:\Users\이예은\A-EYE\test_images\train\tylenol\tylenol_74.jpg,tylenol,5,festal,0.33461228013038635
2026-06-24T11:20:58.833145,C:\Users\이예은\A-EYE\test_images\train\tylenol\tylenol_74.jpg,tylenol,6,geborin,0.3230665326118469
2026-06-24T11:21:07.070156,C:\Users\이예은\A-EYE\test_images\train\tylenol\tylenol_75.jpg,tylenol,1,tylenol,0.9594821929931641
2026-06-24T11:21:07.070156,C:\Users\이예은\A-EYE\test_images\train\tylenol\tylenol_75.jpg,tylenol,2,panpirin,0.7517337203025818
2026-06-24T11:21:07.070156,C:\Users\이예은\A-EYE\test_images\train\tylenol\tylenol_75.jpg,tylenol,3,eyedrop-multi,0.32554197311401367
2026-06-24T11:21:07.070156,C:\Users\이예은\A-EYE\test_images\train\tylenol\tylenol_75.jpg,tylenol,4,eyedrop-single,0.27928271889686584
